ISO 3166-2 Code,Country,Subdivision,Last Update,Confirmed,Deaths,Recovered
AR-B,Argentina,Buenos Aires,,,,
AR-K,Argentina,Catamarca,,,,
AR-H,Argentina,Chaco,,,,
AR-U,Argentina,Chubut,,,,
AR-C,Argentina,Ciudad Autonoma de Buenos Aires,,,,
AR-X,Argentina,Cordoba,,,,
AR-W,Argentina,Corrientes,,,,
AR-E,Argentina,Entre Rios,,,,
AR-P,Argentina,Formosa,,,,
AR-Y,Argentina,Jujuy,,,,
AR-L,Argentina,La Pampa,,,,
AR-F,Argentina,La Rioja,,,,
AR-M,Argentina,Mendoza,,,,
AR-N,Argentina,Misiones,,,,
AR-Q,Argentina,Neuquen,,,,
AR-R,Argentina,Rio Negro,,,,
AR-A,Argentina,Salta,,,,
AR-J,Argentina,San Juan,,,,
AR-D,Argentina,San Luis,,,,
AR-Z,Argentina,Santa Cruz,,,,
AR-S,Argentina,Santa Fe,,,,
AR-G,Argentina,Santiago del Estero,,,,
AR-V,Argentina,Tierra del Fuego,,,,
AR-T,Argentina,Tucuman,,,,
BO-B,Bolivia,Beni,2020-08-11 22:16:34.340727,5836,310,
BO-H,Bolivia,Chuquisaca,2020-08-11 22:16:34.340727,2837,243,
BO-C,Bolivia,Cochabamba,2020-08-11 22:16:34.340727,10722,791,
BO-L,Bolivia,La Paz,2020-08-11 22:16:34.340727,22322,382,
BO-O,Bolivia,Oruro,2020-08-11 22:16:34.340727,4150,241,
BO-N,Bolivia,Pando,2020-08-11 22:16:34.340727,1656,142,
BO-P,Bolivia,Potosi,2020-08-11 22:16:34.340727,1941,120,
BO-S,Bolivia,Santa Cruz,2020-08-11 22:16:34.340727,37392,1362,
BO-T,Bolivia,Tarija,2020-08-11 22:16:34.340727,4779,121,
BR-AC,Brazil,Acre,2020-08-11 22:16:34.340727,21619,562,
BR-AL,Brazil,Alagoas,2020-08-11 22:16:34.340727,68237,1688,
BR-AP,Brazil,Amapa,2020-08-11 22:16:34.340727,38399,603,
BR-AM,Brazil,Amazonas,2020-08-11 22:16:34.340727,107197,3384,
BR-BA,Brazil,Bahia,2020-08-11 22:16:34.340727,194097,4011,
BR-CE,Brazil,Ceara,2020-08-11 22:16:34.340727,188657,7979,
BR-DF,Brazil,Distrito Federal,2020-08-11 22:16:34.340727,126069,1762,
BR-ES,Brazil,Espiritu Santo,2020-08-11 22:16:34.340727,93069,2764,
BR-GO,Brazil,Goias,2020-08-11 22:16:34.340727,86451,2023,
BR-MA,Brazil,Maranhao,2020-08-11 22:16:34.340727,130566,3187,
BR-MT,Brazil,Mato Grosso,2020-08-11 22:16:34.340727,65198,2122,
BR-MS,Brazil,Mato Grosso do Sul,2020-08-11 22:16:34.340727,31739,523,
BR-MG,Brazil,Minas Gerais,2020-08-11 22:16:34.340727,155075,3597,
BR-PA,Brazil,Para,2020-08-11 22:16:34.340727,168151,5893,
BR-PB,Brazil,Paraiba,2020-08-11 22:16:34.340727,90366,2023,
BR-PR,Brazil,Parana,2020-08-11 22:16:34.340727,94124,2398,
BR-PE,Brazil,Pernambuco,2020-08-11 22:16:34.340727,105381,6970,
BR-PI,Brazil,Piaui,2020-08-11 22:16:34.340727,60178,1503,
BR-RJ,Brazil,Rio de Janeiro,2020-08-11 22:16:34.340727,180016,14108,
BR-RN,Brazil,Rio Grande do Norte,2020-08-11 22:16:34.340727,55420,1977,
BR-RS,Brazil,Rio Grande do Sul,2020-08-11 22:16:34.340727,84034,2417,
BR-RO,Brazil,Rondonia,2020-08-11 22:16:34.340727,44372,944,
BR-RR,Brazil,Roraima,2020-08-11 22:16:34.340727,36449,547,
BR-SC,Brazil,Santa Catarina,2020-08-11 22:16:34.340727,106928,1541,
BR-SP,Brazil,Sao Paulo,2020-08-11 22:16:34.340727,628415,25151,
BR-SE,Brazil,Sergipe,2020-08-11 22:16:34.340727,64974,1614,
BR-TO,Brazil,Tocantins,2020-08-11 22:16:34.340727,32289,461,
CL-AN,Chile,Antofagasta,2020-08-10T14:43:19,16155,381,14534
CL-AR,Chile,Araucania,2020-08-10T14:43:19,4437,83,4051
CL-AP,Chile,Arica y Parinacota,2020-08-10T14:43:19,5241,78,4392
CL-AT,Chile,Atacama,2020-08-10T14:43:19,3868,21,2841
CL-AI,Chile,Aysen,2020-08-10T14:43:19,95,1,76
CL-BI,Chile,Biobio,2020-08-10T14:43:19,13021,140,11331
CL-CO,Chile,Coquimbo,2020-08-10T14:43:19,7447,86,6361
CL-LL,Chile,Los Lagos,2020-08-10T14:43:19,5004,54,3903
CL-LR,Chile,Los Rios,2020-08-10T14:43:19,968,15,886
CL-MA,Chile,Magallanes,2020-08-10T14:43:19,2073,30,1751
CL-ML,Chile,Maule,2020-08-10T14:43:19,9919,203,8866
CL-NB,Chile,Nuble,2020-08-10T14:43:19,3823,69,3471
CL-LI,Chile,O'Higgins,2020-08-10T14:43:19,11621,280,10405
CL-RM,Chile,Santiago,2020-08-10T14:43:19,262647,7946,248572
CL-TA,Chile,Tarapaca,2020-08-10T14:43:19,9419,182,8619
CL-VS,Chile,Valparaiso,2020-08-10T14:43:19,19243,569,17223
CO-AMA,Colombia,Amazonas,2020-08-11 22:16:34.340727,2615,0,
CO-ANT,Colombia,Antioquia,2020-08-11 22:16:34.340727,52417,984,
CO-ARA,Colombia,Arauca,2020-08-11 22:16:34.340727,495,0,
CO-ATL,Colombia,Atlantico,2020-08-11 22:16:34.340727,58635,2819,
CO-DC,Colombia,Bogota,2020-08-11 22:16:34.340727,137039,4094,
CO-BOL,Colombia,Bolivar,2020-08-11 22:16:34.340727,20456,661,
CO-BOY,Colombia,Boyaca,2020-08-11 22:16:34.340727,1618,0,
CO-CAL,Colombia,Caldas,2020-08-11 22:16:34.340727,1383,26,
CO-CAQ,Colombia,Caqueta,2020-08-11 22:16:34.340727,2619,78,
CO-CAS,Colombia,Casanare,2020-08-11 22:16:34.340727,491,0,
CO-CAU,Colombia,Cauca,2020-08-11 22:16:34.340727,4894,266,
CO-CES,Colombia,Cesar,2020-08-11 22:16:34.340727,4510,111,
CO-COR,Colombia,Choco,2020-08-11 22:16:34.340727,3265,0,
CO-CUN,Colombia,Cordoba,2020-08-11 22:16:34.340727,10361,918,
CO-CHO,Colombia,Cundinamarca,2020-08-11 22:16:34.340727,11816,352,
CO-GUA,Colombia,Guainia,2020-08-11 22:16:34.340727,0,0,
CO-GUV,Colombia,Guaviare,2020-08-11 22:16:34.340727,0,0,
CO-HUI,Colombia,Huila,2020-08-11 22:16:34.340727,1747,55,
CO-LAG,Colombia,La Guajira,2020-08-11 22:16:34.340727,2787,154,
CO-MAG,Colombia,Magdalena,2020-08-11 22:16:34.340727,8546,478,
CO-MET,Colombia,Meta,2020-08-11 22:16:34.340727,4112,75,
CO-NAR,Colombia,Narino,2020-08-11 22:16:34.340727,9899,372,
CO-NSA,Colombia,Norte de Santander,2020-08-11 22:16:34.340727,11826,585,
CO-PUT,Colombia,Putumayo,2020-08-11 22:16:34.340727,1572,0,
CO-QUI,Colombia,Quindio,2020-08-11 22:16:34.340727,528,0,
CO-RIS,Colombia,Risaralda,2020-08-11 22:16:34.340727,2704,58,
CO-SAP,Colombia,San Andres y Providencia,2020-08-11 22:16:34.340727,51,0,
CO-SAN,Colombia,Santander,2020-08-11 22:16:34.340727,0,0,
CO-SUC,Colombia,Sucre,2020-08-11 22:16:34.340727,7579,412,
CO-TOL,Colombia,Tolima,2020-08-11 22:16:34.340727,3680,99,
CO-VAC,Colombia,Valle del Cauca,2020-08-11 22:16:34.340727,29738,1170,
CO-VAU,Colombia,Vaupes,2020-08-11 22:16:34.340727,0,0,
CO-VID,Colombia,Vichada,2020-08-11 22:16:34.340727,0,0,
CR-A,Costa Rica,Alajuela,,,,
CR-C,Costa Rica,Cartago,,,,
CR-G,Costa Rica,Guanacaste,,,,
CR-H,Costa Rica,Heredia,,,,
CR-L,Costa Rica,Limon,,,,
CR-P,Costa Rica,Puntarenas,,,,
CR-SJ,Costa Rica,San Jose,,,,
CU-15,Cuba,Artemisa,2020-08-11 22:16:34.340727,201,0,
CU-09,Cuba,Camagüey,2020-08-11 22:16:34.340727,0,0,
CU-08,Cuba,Ciego de Ávila,2020-08-11 22:16:34.340727,0,0,
CU-06,Cuba,Cienfuegos,2020-08-11 22:16:34.340727,0,0,
CU-12,Cuba,Granma,2020-08-11 22:16:34.340727,0,0,
CU-14,Cuba,Guantánamo,2020-08-11 22:16:34.340727,0,0,
CU-11,Cuba,Holguín,2020-08-11 22:16:34.340727,0,0,
CU-99,Cuba,Isla de la Juventud,2020-08-11 22:16:34.340727,0,0,
CU-03,Cuba,La Habana,2020-08-11 22:16:34.340727,1753,0,
CU-10,Cuba,Las Tunas,2020-08-11 22:16:34.340727,0,0,
CU-04,Cuba,Matanzas,2020-08-11 22:16:34.340727,0,0,
CU-16,Cuba,Mayabeque,2020-08-11 22:16:34.340727,0,0,
CU-01,Cuba,Pinar del Río,2020-08-11 22:16:34.340727,0,0,
CU-07,Cuba,Sancti Spíritus,2020-08-11 22:16:34.340727,0,0,
CU-13,Cuba,Santiago de Cuba,2020-08-11 22:16:34.340727,0,0,
CU-05,Cuba,Villa Clara,2020-08-11 22:16:34.340727,248,0,
DO-02,Dominican Republic,Azua,,,,
DO-03,Dominican Republic,Baoruco,,,,
DO-04,Dominican Republic,Barahona,,,,
DO-05,Dominican Republic,Dajabon,,,,
DO-06,Dominican Republic,Distrito Nacional,,,,
DO-08,Dominican Republic,Duarte,,,,
DO-09,Dominican Republic,El Seibo,,,,
DO-30,Dominican Republic,Elias Pina,,,,
DO-10,Dominican Republic,Espaillat,,,,
DO-11,Dominican Republic,Hato Mayor,,,,
DO-07,Dominican Republic,Hermanas Mirabal,,,,
DO-12,Dominican Republic,Independencia,,,,
DO-13,Dominican Republic,La Altagracia,,,,
DO-14,Dominican Republic,La Romana,,,,
DO-28,Dominican Republic,La Vega,,,,
DO-15,Dominican Republic,Maria Trinidad Sanchez,,,,
DO-29,Dominican Republic,Monsenor Nouel,,,,
DO-16,Dominican Republic,Monte Cristi,,,,
DO-17,Dominican Republic,Monte Plata,,,,
DO-18,Dominican Republic,Pedernales,,,,
DO-19,Dominican Republic,Peravia,,,,
DO-20,Dominican Republic,Puerto Plata,,,,
DO-21,Dominican Republic,Samana,,,,
DO-31,Dominican Republic,San Cristobal,,,,
DO-22,Dominican Republic,San Jose de Ocoa,,,,
DO-23,Dominican Republic,San Juan,,,,
DO-24,Dominican Republic,San Pedro de Macoris,,,,
DO-25,Dominican Republic,Sanchez Ramirez,,,,
DO-26,Dominican Republic,Santiago,,,,
DO-32,Dominican Republic,Santiago Rodriguez,,,,
DO-01,Dominican Republic,Santo Domingo,,,,
DO-27,Dominican Republic,Valverde,,,,
EC-A,Ecuador,Azuay,2020-08-11 22:16:34.340727,4026,93,
EC-B,Ecuador,Bolivar,2020-08-11 22:16:34.340727,1247,53,
EC-F,Ecuador,Canar,2020-08-11 22:16:34.340727,876,56,
EC-C,Ecuador,Carchi,2020-08-11 22:16:34.340727,1448,34,
EC-H,Ecuador,Chimborazo,2020-08-11 22:16:34.340727,3361,190,
EC-X,Ecuador,Cotopaxi,2020-08-11 22:16:34.340727,1233,30,
EC-O,Ecuador,El Oro,2020-08-11 22:16:34.340727,17924,1664,
EC-E,Ecuador,Esmeraldas,2020-08-11 22:16:34.340727,1656,228,
EC-W,Ecuador,Galapagos,2020-08-11 22:16:34.340727,1831,76,
EC-G,Ecuador,Guayas,2020-08-11 22:16:34.340727,3143,114,
EC-I,Ecuador,Imbabura,2020-08-11 22:16:34.340727,7121,815,
EC-L,Ecuador,Loja,2020-08-11 22:16:34.340727,978,51,
EC-R,Ecuador,Los Rios,2020-08-11 22:16:34.340727,3634,340,
EC-M,Ecuador,Manabi,2020-08-11 22:16:34.340727,17910,772,
EC-S,Ecuador,Morona Santiago,2020-08-11 22:16:34.340727,2951,319,
EC-N,Ecuador,Napo,2020-08-11 22:16:34.340727,2177,16,
EC-D,Ecuador,Orellana,2020-08-11 22:16:34.340727,4009,260,
EC-Y,Ecuador,Pastaza,2020-08-11 22:16:34.340727,1170,331,
EC-P,Ecuador,Pichincha,2020-08-11 22:16:34.340727,2372,172,
EC-SE,Ecuador,Santa Elena,2020-08-11 22:16:34.340727,1591,57,
EC-SD,Ecuador,Santo Domingo de los Tsachilas,2020-08-11 22:16:34.340727,104,1,
EC-U,Ecuador,Sucumbios,2020-08-11 22:16:34.340727,2389,178,
EC-T,Ecuador,Tungurahua,2020-08-11 22:16:34.340727,1547,44,
EC-Z,Ecuador,Zamora-Chinchipe,2020-08-11 22:16:34.340727,1047,38,
SV-AH,El Salvador,Ahuachapan,,,,
SV-CA,El Salvador,Cabanas,,,,
SV-CH,El Salvador,Chalatenango,,,,
SV-CU,El Salvador,Cuscatlan,,,,
SV-LI,El Salvador,La Libertad,,,,
SV-PA,El Salvador,La Paz,,,,
SV-UN,El Salvador,La Unión,,,,
SV-MO,El Salvador,Morazan,,,,
SV-SM,El Salvador,San Miguel,,,,
SV-SS,El Salvador,San Salvador,,,,
SV-SV,El Salvador,San Vicente,,,,
SV-SA,El Salvador,Santa Ana,,,,
SV-SO,El Salvador,Sonsonate,,,,
SV-US,El Salvador,Usulutan,,,,
FR-GP,France,Guadeloupe,,,,
FR-GF,France,Guyane,,,,
FR-MQ,France,Martinique,,,,
FR-BL,France,Saint-Barthélemy,,,,
FR-MF,France,Saint-Martin,,,,
FR-PM,France,Saint-Pierre-et-Miquelon,,,,
GT-AV,Guatemala,Alta Verapaz,,,,
GT-BV,Guatemala,Baja Verapaz,,,,
GT-CM,Guatemala,Chimaltenango,,,,
GT-CQ,Guatemala,Chiquimula,,,,
GT-PR,Guatemala,El Progreso,,,,
GT-ES,Guatemala,Escuintla,,,,
GT-GU,Guatemala,Guatemala,,,,
GT-HU,Guatemala,Huehuetenango,,,,
GT-IZ,Guatemala,Izabal,,,,
GT-JA,Guatemala,Jalapa,,,,
GT-JU,Guatemala,Jutiapa,,,,
GT-PE,Guatemala,Petén,,,,
GT-QZ,Guatemala,Quetzaltenango,,,,
GT-QC,Guatemala,Quiché,,,,
GT-RE,Guatemala,Retalhuleu,,,,
GT-SA,Guatemala,Sacatepéquez,,,,
GT-SM,Guatemala,San Marcos,,,,
GT-SR,Guatemala,Santa Rosa,,,,
GT-SO,Guatemala,Sololá,,,,
GT-SU,Guatemala,Suchitepéquez,,,,
GT-TO,Guatemala,Totonicapán,,,,
GT-ZA,Guatemala,Zacapa,,,,
HT-AR,Haiti,Artibonite,,,,
HT-CE,Haiti,Centre,,,,
HT-GA,Haiti,Grande’Anse,,,,
HT-NI,Haiti,Nippes,,,,
HT-ND,Haiti,Nord,,,,
HT-NE,Haiti,Nord-Est,,,,
HT-NO,Haiti,Nord-Ouest,,,,
HT-OU,Haiti,Ouest,,,,
HT-SD,Haiti,Sud,,,,
HT-SE,Haiti,Sud-Est,,,,
HN-AT,Honduras,Atlantida,2020-08-11T15:23:58,2361,43,354
HN-CH,Honduras,Choluteca,2020-08-11T15:23:58,1462,50,122
HN-CL,Honduras,Colon,2020-08-11T15:23:58,1335,52,236
HN-CM,Honduras,Comayagua,2020-08-11T15:23:58,939,49,71
HN-CP,Honduras,Copan,2020-08-11T15:23:58,455,25,76
HN-CR,Honduras,Cortes,2020-08-11T15:23:58,16731,569,3279
HN-EP,Honduras,El Paraiso,2020-08-11T15:23:58,1303,54,101
HN-FM,Honduras,Francisco Morazan,2020-08-11T15:23:58,15546,486,1425
HN-GD,Honduras,Gracias a Dios,2020-08-11T15:23:58,590,13,12
HN-IN,Honduras,Intibuca,2020-08-11T15:23:58,421,11,71
HN-IB,Honduras,Islas de la Bahia,2020-08-11T15:23:58,230,3,93
HN-LP,Honduras,La Paz,2020-08-11T15:23:58,624,17,58
HN-LE,Honduras,Lempira,2020-08-11T15:23:58,163,6,26
HN-OC,Honduras,Ocotepeque,2020-08-11T15:23:58,306,8,73
HN-OL,Honduras,Olancho,2020-08-11T15:23:58,786,45,62
HN-SB,Honduras,Santa Barbara,2020-08-11T15:23:58,871,32,124
HN-VA,Honduras,Valle,2020-08-11T15:23:58,1244,21,124
HN-YO,Honduras,Yoro,2020-08-11T15:23:58,2505,22,343
MX-AGU,Mexico,Aguascalientes,2020-08-11T03:15:15,4606,291,
MX-BCN,Mexico,Baja California,2020-08-11T03:15:15,14461,2794,
MX-BCS,Mexico,Baja California Sur,2020-08-11T03:15:15,5624,215,
MX-CAM,Mexico,Campeche,2020-08-11T03:15:15,5126,616,
MX-CHP,Mexico,Chiapas,2020-08-11T03:15:15,5722,953,
MX-CHH,Mexico,Chihuahua,2020-08-11T03:15:15,6087,968,
MX-CMX,Mexico,Ciudad de Mexico,2020-08-11T03:15:15,97916,9472,
MX-COA,Mexico,Coahuila,2020-08-11T03:15:15,15851,916,
MX-COL,Mexico,Colima,2020-08-11T03:15:15,2455,279,
MX-DUR,Mexico,Durango,2020-08-11T03:15:15,4801,341,
MX-GUA,Mexico,Guanajuato,2020-08-11T03:15:15,24548,1252,
MX-GRO,Mexico,Guerrero,2020-08-11T03:15:15,12249,1459,
MX-HID,Mexico,Hidalgo,2020-08-11T03:15:15,7763,1218,
MX-JAL,Mexico,Jalisco,2020-08-11T03:15:15,15421,1830,
MX-MIC,Mexico,Michoacan,2020-08-11T03:15:15,11451,867,
MX-MOR,Mexico,Morelos,2020-08-11T03:15:15,4225,874,
MX-MEX,Mexico,Mexico,2020-08-11T03:15:15,41474,6967,
MX-NAY,Mexico,Nayarit,2020-08-11T03:15:15,3932,448,
MX-NLE,Mexico,Nuevo Leon,2020-08-11T03:15:15,22186,1499,
MX-OAX,Mexico,Oaxaca,2020-08-11T03:15:15,11577,1043,
MX-PUE,Mexico,Puebla,2020-08-11T03:15:15,23037,2837,
MX-QUE,Mexico,Queretaro,2020-08-11T03:15:15,4555,552,
MX-ROO,Mexico,Quintana Roo,2020-08-11T03:15:15,8693,1120,
MX-SLP,Mexico,San Luis Potosi,2020-08-11T03:15:15,12689,694,
MX-SIN,Mexico,Sinaloa,2020-08-11T03:15:15,13825,2421,
MX-SON,Mexico,Sonora,2020-08-11T03:15:15,19204,2316,
MX-TAB,Mexico,Tabasco,2020-08-11T03:15:15,24736,2219,
MX-TAM,Mexico,Tamaulipas,2020-08-11T03:15:15,18040,1341,
MX-TLA,Mexico,Tlaxcala,2020-08-11T03:15:15,4684,761,
MX-VER,Mexico,Veracruz,2020-08-11T03:15:15,23655,3060,
MX-YUC,Mexico,Yucatan,2020-08-11T03:15:15,11757,1048,
MX-ZAC,Mexico,Zacatecas,2020-08-11T03:15:15,3486,332,
NI-BO,Nicaragua,Boaco,,,,
NI-CA,Nicaragua,Carazo,,,,
NI-CI,Nicaragua,Chinandega,,,,
NI-CO,Nicaragua,Chontales,,,,
NI-ES,Nicaragua,Estelí,,,,
NI-GR,Nicaragua,Granada,,,,
NI-JI,Nicaragua,Jinotega,,,,
NI-LE,Nicaragua,León,,,,
NI-MD,Nicaragua,Madriz,,,,
NI-MN,Nicaragua,Managua,,,,
NI-MS,Nicaragua,Masaya,,,,
NI-MT,Nicaragua,Matagalpa,,,,
NI-AN,Nicaragua,NCCAR,,,,
NI-NS,Nicaragua,Nueva Segovia,,,,
NI-RI,Nicaragua,Rio San Juan,,,,
NI-SJ,Nicaragua,Rivas,,,,
NI-AS,Nicaragua,SCCAR,,,,
PA-1,Panama,Bocas del Toro,,,,
PA-4,Panama,Chiriqui,,,,
PA-2,Panama,Cocle,,,,
PA-3,Panama,Colon,,,,
PA-5,Panama,Darien,,,,
PA-EM,Panama,Embera,,,,
PA-KY,Panama,Guna Yala,,,,
PA-6,Panama,Herrera,,,,
PA-7,Panama,Los Santos,,,,
PA-NB,Panama,Ngabe-Bugle,,,,
PA-8,Panama,Panama,,,,
PA-10,Panama,Panama Oeste,,,,
PA-9,Panama,Veraguas,,,,
PY-16,Paraguay,Alto Paraguay,,,,
PY-10,Paraguay,Alto Parana,,,,
PY-13,Paraguay,Amambay,,,,
PY-19,Paraguay,Boqueron,,,,
PY-5,Paraguay,Caaguazu,,,,
PY-6,Paraguay,Caazapa,,,,
PY-14,Paraguay,Canindeyu,,,,
PY-11,Paraguay,Central,,,,
PY-1,Paraguay,Concepcion,,,,
PY-3,Paraguay,Cordillera,,,,
PY-ASU,Paraguay,Distrito Capital,,,,
PY-4,Paraguay,Guaira,,,,
PY-7,Paraguay,Itapua,,,,
PY-8,Paraguay,Misiones,,,,
PY-12,Paraguay,Neembucu,,,,
PY-9,Paraguay,Paraguari,,,,
PY-15,Paraguay,Presidente Hayes,,,,
PY-2,Paraguay,San Pedro,,,,
PE-AMA,Peru,Amazonas,2020-08-11 22:16:34.340727,7125,127,
PE-ANC,Peru,Ancash,2020-08-11 22:16:34.340727,14068,889,
PE-APU,Peru,Apurimac,2020-08-11 22:16:34.340727,1333,47,
PE-ARE,Peru,Arequipa,2020-08-11 22:16:34.340727,19883,912,
PE-AYA,Peru,Ayacucho,2020-08-11 22:16:34.340727,5033,85,
PE-CAJ,Peru,Cajamarca,2020-08-11 22:16:34.340727,8616,250,
PE-CAL,Peru,Callao,2020-08-11 22:16:34.340727,23090,1103,
PE-CUS,Peru,Cusco,2020-08-11 22:16:34.340727,6879,152,
PE-HUV,Peru,Huancavelica,2020-08-11 22:16:34.340727,2436,44,
PE-HUC,Peru,Huanuco,2020-08-11 22:16:34.340727,8190,224,
PE-ICA,Peru,Ica,2020-08-11 22:16:34.340727,14906,989,
PE-JUN,Peru,Junin,2020-08-11 22:16:34.340727,9723,496,
PE-LAL,Peru,La Libertad,2020-08-11 22:16:34.340727,17669,1432,
PE-LAM,Peru,Lambayeque,2020-08-11 22:16:34.340727,18875,1263,
PE-LIM,Peru,Lima,2020-08-11 22:16:34.340727,244520,9993,
PE-LOR,Peru,Loreto,2020-08-11 22:16:34.340727,12466,596,
PE-MDD,Peru,Madre de dios,2020-08-11 22:16:34.340727,4078,107,
PE-MOQ,Peru,Moquegua,2020-08-11 22:16:34.340727,4745,139,
PE-PAS,Peru,Pasco,2020-08-11 22:16:34.340727,2628,55,
PE-PIU,Peru,Piura,2020-08-11 22:16:34.340727,22736,1320,
PE-PUN,Peru,Puno,2020-08-11 22:16:34.340727,3795,115,
PE-SAM,Peru,San Martin,2020-08-11 22:16:34.340727,10215,430,
PE-TAC,Peru,Tacna,2020-08-11 22:16:34.340727,4420,52,
PE-TUM,Peru,Tumbes,2020-08-11 22:16:34.340727,4711,217,
PE-UCA,Peru,Ucayali,2020-08-11 22:16:34.340727,10993,239,
US-PR,United States,Puerto Rico,,,,
UY-AR,Uruguay,Artigas,,,,
UY-CA,Uruguay,Canelones,,,,
UY-CL,Uruguay,Cerro Largo,,,,
UY-CO,Uruguay,Colonia,,,,
UY-DU,Uruguay,Durazno,,,,
UY-FS,Uruguay,Flores,,,,
UY-FD,Uruguay,Florida,,,,
UY-LA,Uruguay,Lavalleja,,,,
UY-MA,Uruguay,Maldonado,,,,
UY-MO,Uruguay,Montevideo,,,,
UY-PA,Uruguay,Paysandu,,,,
UY-RN,Uruguay,Rio Negro,,,,
UY-RV,Uruguay,Rivera,,,,
UY-RO,Uruguay,Rocha,,,,
UY-SA,Uruguay,Salto,,,,
UY-SJ,Uruguay,San Jose,,,,
UY-SO,Uruguay,Soriano,,,,
UY-TA,Uruguay,Tacuarembo,,,,
UY-TT,Uruguay,Treinta y Tres,,,,
VE-Z,Venezuela,Amazonas,,,,
VE-B,Venezuela,Anzoategui,,,,
VE-C,Venezuela,Apure,,,,
VE-D,Venezuela,Aragua,,,,
VE-E,Venezuela,Barinas,,,,
VE-F,Venezuela,Bolivar,,,,
VE-G,Venezuela,Carabobo,,,,
VE-A,Venezuela,Caracas Distrito Capital,,,,
VE-H,Venezuela,Cojedes,,,,
VE-Y,Venezuela,Delta Amacuro,,,,
VE-W,Venezuela,Dependencias Federales,,,,
VE-I,Venezuela,Falcon,,,,
VE-J,Venezuela,Guarico,,,,
VE-K,Venezuela,Lara,,,,
VE-L,Venezuela,Merida,,,,
VE-M,Venezuela,Miranda,,,,
VE-N,Venezuela,Monagas,,,,
VE-O,Venezuela,Nueva Esparta,,,,
VE-P,Venezuela,Portuguesa,,,,
VE-R,Venezuela,Sucre,,,,
VE-S,Venezuela,Tachira,,,,
VE-T,Venezuela,Trujillo,,,,
VE-X,Venezuela,Vargas,,,,
VE-U,Venezuela,Yaracuy,,,,
VE-V,Venezuela,Zulia,,,,
