ISO 3166-2 Code,Country,Subdivision,Last Update,Confirmed,Deaths,Recovered
AR-B,Argentina,Buenos Aires,2020-06-04 15:43:00.352617,0,0,
AR-K,Argentina,Catamarca,2020-06-04 15:43:00.352617,0,0,
AR-H,Argentina,Chaco,2020-06-04 15:43:00.352617,0,0,
AR-U,Argentina,Chubut,2020-06-04 15:43:00.352617,0,0,
AR-C,Argentina,Ciudad Autonoma de Buenos Aires,2020-06-04 15:43:00.352617,0,0,
AR-X,Argentina,Cordoba,2020-06-04 15:43:00.352617,0,0,
AR-W,Argentina,Corrientes,2020-06-04 15:43:00.352617,0,0,
AR-E,Argentina,Entre Rios,2020-06-04 15:43:00.352617,0,0,
AR-P,Argentina,Formosa,2020-06-04 15:43:00.352617,0,0,
AR-Y,Argentina,Jujuy,2020-06-04 15:43:00.352617,0,0,
AR-L,Argentina,La Pampa,2020-06-04 15:43:00.352617,0,0,
AR-F,Argentina,La Rioja,2020-06-04 15:43:00.352617,0,0,
AR-M,Argentina,Mendoza,2020-06-04 15:43:00.352617,0,0,
AR-N,Argentina,Misiones,2020-06-04 15:43:00.352617,0,0,
AR-Q,Argentina,Neuquen,2020-06-04 15:43:00.352617,0,0,
AR-R,Argentina,Rio Negro,2020-06-04 15:43:00.352617,0,0,
AR-A,Argentina,Salta,2020-06-04 15:43:00.352617,0,0,
AR-J,Argentina,San Juan,2020-06-04 15:43:00.352617,0,0,
AR-D,Argentina,San Luis,2020-06-04 15:43:00.352617,0,0,
AR-Z,Argentina,Santa Cruz,2020-06-04 15:43:00.352617,0,0,
AR-S,Argentina,Santa Fe,2020-06-04 15:43:00.352617,0,0,
AR-G,Argentina,Santiago del Estero,2020-06-04 15:43:00.352617,0,0,
AR-V,Argentina,Tierra del Fuego,2020-06-04 15:43:00.352617,0,0,
AR-T,Argentina,Tucuman,2020-06-04 15:43:00.352617,0,0,
BO-B,Bolivia,Beni,2020-06-04 15:43:00.352617,2101,104,
BO-H,Bolivia,Chuquisaca,2020-06-04 15:43:00.352617,31,2,
BO-C,Bolivia,Cochabamba,2020-06-04 15:43:00.352617,851,45,
BO-L,Bolivia,La Paz,2020-06-04 15:43:00.352617,635,35,
BO-O,Bolivia,Oruro,2020-06-04 15:43:00.352617,222,16,
BO-N,Bolivia,Pando,2020-06-04 15:43:00.352617,23,2,
BO-P,Bolivia,Potosi,2020-06-04 15:43:00.352617,98,3,
BO-S,Bolivia,Santa Cruz,2020-06-04 15:43:00.352617,7637,189,
BO-T,Bolivia,Tarija,2020-06-04 15:43:00.352617,40,4,
BR-AC,Brazil,Acre,2020-06-04 15:43:00.352617,6679,171,
BR-AL,Brazil,Alagoas,2020-06-04 15:43:00.352617,12407,506,
BR-AP,Brazil,Amapa,2020-06-04 15:43:00.352617,11107,247,
BR-AM,Brazil,Amazonas,2020-06-04 15:43:00.352617,44347,2138,
BR-BA,Brazil,Bahia,2020-06-04 15:43:00.352617,22451,762,
BR-CE,Brazil,Ceara,2020-06-04 15:43:00.352617,56056,3605,
BR-DF,Brazil,Distrito Federal,2020-06-04 15:43:00.352617,12020,191,
BR-ES,Brazil,Espiritu Santo,2020-06-04 15:43:00.352617,16121,698,
BR-GO,Brazil,Goias,2020-06-04 15:43:00.352617,4570,155,
BR-MA,Brazil,Maranhao,2020-06-04 15:43:00.352617,38174,1028,
BR-MT,Brazil,Mato Grosso,2020-06-04 15:43:00.352617,2848,76,
BR-MS,Brazil,Mato Grosso do Sul,2020-06-04 15:43:00.352617,1802,20,
BR-MG,Brazil,Minas Gerais,2020-06-04 15:43:00.352617,12010,306,
BR-PA,Brazil,Para,2020-06-04 15:43:00.352617,44774,3193,
BR-PB,Brazil,Paraiba,2020-06-04 15:43:00.352617,16018,414,
BR-PR,Brazil,Parana,2020-06-04 15:43:00.352617,5494,205,
BR-PE,Brazil,Pernambuco,2020-06-04 15:43:00.352617,36463,3012,
BR-PI,Brazil,Piaui,2020-06-04 15:43:00.352617,5828,192,
BR-RJ,Brazil,Rio de Janeiro,2020-06-04 15:43:00.352617,59240,6010,
BR-RN,Brazil,Rio Grande do Norte,2020-06-04 15:43:00.352617,9149,367,
BR-RS,Brazil,Rio Grande do Sul,2020-06-04 15:43:00.352617,10398,258,
BR-RO,Brazil,Rondonia,2020-06-04 15:43:00.352617,5713,180,
BR-RR,Brazil,Roraima,2020-06-04 15:43:00.352617,4143,124,
BR-SC,Brazil,Santa Catarina,2020-06-04 15:43:00.352617,10034,152,
BR-SP,Brazil,Sao Paulo,2020-06-04 15:43:00.352617,123483,8276,
BR-SE,Brazil,Sergipe,2020-06-04 15:43:00.352617,7989,180,
BR-TO,Brazil,Tocantins,2020-06-04 15:43:00.352617,4698,82,
CL-AN,Chile,Antofagasta,2020-06-03T17:15:10,2716,36,
CL-AR,Chile,Araucania,2020-06-03T17:15:10,2173,47,
CL-AP,Chile,Arica y Parinacota,2020-06-03T17:15:10,701,8,
CL-AT,Chile,Atacama,2020-06-03T17:15:10,242,0,
CL-AI,Chile,Aysen,2020-06-03T17:15:10,18,0,
CL-BI,Chile,Biobio,2020-06-03T17:15:10,2215,11,
CL-CO,Chile,Coquimbo,2020-06-03T17:15:10,718,4,
CL-LL,Chile,Los Lagos,2020-06-03T17:15:10,913,13,
CL-LR,Chile,Los Rios,2020-06-03T17:15:10,372,8,
CL-MA,Chile,Magallanes,2020-06-03T17:15:10,1063,19,
CL-ML,Chile,Maule,2020-06-03T17:15:10,1595,19,
CL-NB,Chile,Nuble,2020-06-03T17:15:10,1329,24,
CL-LI,Chile,O'Higgins,2020-06-03T17:15:10,931,20,
CL-RM,Chile,Santiago,2020-06-03T17:15:10,92191,961,
CL-TA,Chile,Tarapaca,2020-06-03T17:15:10,2682,28,
CL-VS,Chile,Valparaiso,2020-06-03T17:15:10,3769,77,
CO-AMA,Colombia,Amazonas,2020-06-04 15:43:00.352617,1898,0,
CO-ANT,Colombia,Antioquia,2020-06-04 15:43:00.352617,1260,0,
CO-ARA,Colombia,Arauca,2020-06-04 15:43:00.352617,0,0,
CO-ATL,Colombia,Atlantico,2020-06-04 15:43:00.352617,4756,0,
CO-DC,Colombia,Bogota,2020-06-04 15:43:00.352617,11250,0,
CO-BOL,Colombia,Bolivar,2020-06-04 15:43:00.352617,3571,0,
CO-BOY,Colombia,Boyaca,2020-06-04 15:43:00.352617,214,0,
CO-CAL,Colombia,Caldas,2020-06-04 15:43:00.352617,156,0,
CO-CAQ,Colombia,Caqueta,2020-06-04 15:43:00.352617,0,0,
CO-CAS,Colombia,Casanare,2020-06-04 15:43:00.352617,0,0,
CO-CAU,Colombia,Cauca,2020-06-04 15:43:00.352617,691,0,
CO-CES,Colombia,Cesar,2020-06-04 15:43:00.352617,348,0,
CO-COR,Colombia,Choco,2020-06-04 15:43:00.352617,0,0,
CO-CUN,Colombia,Cordoba,2020-06-04 15:43:00.352617,163,0,
CO-CHO,Colombia,Cundinamarca,2020-06-04 15:43:00.352617,1034,21,
CO-GUA,Colombia,Guainia,2020-06-04 15:43:00.352617,0,0,
CO-GUV,Colombia,Guaviare,2020-06-04 15:43:00.352617,0,0,
CO-HUI,Colombia,Huila,2020-06-04 15:43:00.352617,252,0,
CO-LAG,Colombia,La Guajira,2020-06-04 15:43:00.352617,0,0,
CO-MAG,Colombia,Magdalena,2020-06-04 15:43:00.352617,706,0,
CO-MET,Colombia,Meta,2020-06-04 15:43:00.352617,983,0,
CO-NAR,Colombia,Narino,2020-06-04 15:43:00.352617,1346,0,
CO-NSA,Colombia,Norte de Santander,2020-06-04 15:43:00.352617,248,0,
CO-PUT,Colombia,Putumayo,2020-06-04 15:43:00.352617,10,0,
CO-QUI,Colombia,Quindio,2020-06-04 15:43:00.352617,119,0,
CO-RIS,Colombia,Risaralda,2020-06-04 15:43:00.352617,262,0,
CO-SAP,Colombia,San Andres y Providencia,2020-06-04 15:43:00.352617,0,0,
CO-SAN,Colombia,Santander,2020-06-04 15:43:00.352617,0,0,
CO-SUC,Colombia,Sucre,2020-06-04 15:43:00.352617,47,0,
CO-TOL,Colombia,Tolima,2020-06-04 15:43:00.352617,0,0,
CO-VAC,Colombia,Valle del Cauca,2020-06-04 15:43:00.352617,3311,153,
CO-VAU,Colombia,Vaupes,2020-06-04 15:43:00.352617,0,0,
CO-VID,Colombia,Vichada,2020-06-04 15:43:00.352617,0,0,
CR-A,Costa Rica,Alajuela,2020-06-04 15:43:00.352617,293,0,
CR-C,Costa Rica,Cartago,2020-06-04 15:43:00.352617,68,0,
CR-G,Costa Rica,Guanacaste,2020-06-04 15:43:00.352617,97,0,
CR-H,Costa Rica,Heredia,2020-06-04 15:43:00.352617,111,0,
CR-L,Costa Rica,Limon,2020-06-04 15:43:00.352617,35,0,
CR-P,Costa Rica,Puntarenas,2020-06-04 15:43:00.352617,59,0,
CR-SJ,Costa Rica,San Jose,2020-06-04 15:43:00.352617,482,0,
CU-15,Cuba,Artemisa,2020-06-04 15:43:00.352617,0,0,
CU-09,Cuba,Camagüey,2020-06-04 15:43:00.352617,0,0,
CU-08,Cuba,Ciego de Ávila,2020-06-04 15:43:00.352617,0,0,
CU-06,Cuba,Cienfuegos,2020-06-04 15:43:00.352617,0,0,
CU-12,Cuba,Granma,2020-06-04 15:43:00.352617,0,0,
CU-14,Cuba,Guantánamo,2020-06-04 15:43:00.352617,0,0,
CU-11,Cuba,Holguín,2020-06-04 15:43:00.352617,0,0,
CU-99,Cuba,Isla de la Juventud,2020-06-04 15:43:00.352617,0,0,
CU-03,Cuba,La Habana,2020-06-04 15:43:00.352617,1097,0,
CU-10,Cuba,Las Tunas,2020-06-04 15:43:00.352617,0,0,
CU-04,Cuba,Matanzas,2020-06-04 15:43:00.352617,202,0,
CU-16,Cuba,Mayabeque,2020-06-04 15:43:00.352617,0,0,
CU-01,Cuba,Pinar del Río,2020-06-04 15:43:00.352617,0,0,
CU-07,Cuba,Sancti Spíritus,2020-06-04 15:43:00.352617,0,0,
CU-13,Cuba,Santiago de Cuba,2020-06-04 15:43:00.352617,0,0,
CU-05,Cuba,Villa Clara,2020-06-04 15:43:00.352617,0,0,
DO-02,Dominican Republic,Azua,,,,
DO-03,Dominican Republic,Baoruco,,,,
DO-04,Dominican Republic,Barahona,,,,
DO-05,Dominican Republic,Dajabon,,,,
DO-06,Dominican Republic,Distrito Nacional,,,,
DO-08,Dominican Republic,Duarte,,,,
DO-09,Dominican Republic,El Seibo,,,,
DO-30,Dominican Republic,Elias Pina,,,,
DO-10,Dominican Republic,Espaillat,,,,
DO-11,Dominican Republic,Hato Mayor,,,,
DO-07,Dominican Republic,Hermanas Mirabal,,,,
DO-12,Dominican Republic,Independencia,,,,
DO-13,Dominican Republic,La Altagracia,,,,
DO-14,Dominican Republic,La Romana,,,,
DO-28,Dominican Republic,La Vega,,,,
DO-15,Dominican Republic,Maria Trinidad Sanchez,,,,
DO-29,Dominican Republic,Monsenor Nouel,,,,
DO-16,Dominican Republic,Monte Cristi,,,,
DO-17,Dominican Republic,Monte Plata,,,,
DO-18,Dominican Republic,Pedernales,,,,
DO-19,Dominican Republic,Peravia,,,,
DO-20,Dominican Republic,Puerto Plata,,,,
DO-21,Dominican Republic,Samana,,,,
DO-31,Dominican Republic,San Cristobal,,,,
DO-22,Dominican Republic,San Jose de Ocoa,,,,
DO-23,Dominican Republic,San Juan,,,,
DO-24,Dominican Republic,San Pedro de Macoris,,,,
DO-25,Dominican Republic,Sanchez Ramirez,,,,
DO-26,Dominican Republic,Santiago,,,,
DO-32,Dominican Republic,Santiago Rodriguez,,,,
DO-01,Dominican Republic,Santo Domingo,,,,
DO-27,Dominican Republic,Valverde,,,,
EC-A,Ecuador,Azuay,2020-06-04 15:43:00.352617,930,36,
EC-B,Ecuador,Bolivar,2020-06-04 15:43:00.352617,328,29,
EC-F,Ecuador,Canar,2020-06-04 15:43:00.352617,352,31,
EC-C,Ecuador,Carchi,2020-06-04 15:43:00.352617,283,5,
EC-H,Ecuador,Chimborazo,2020-06-04 15:43:00.352617,1036,91,
EC-X,Ecuador,Cotopaxi,2020-06-04 15:43:00.352617,169,12,
EC-O,Ecuador,El Oro,2020-06-04 15:43:00.352617,14184,1430,
EC-E,Ecuador,Esmeraldas,2020-06-04 15:43:00.352617,444,111,
EC-W,Ecuador,Galapagos,2020-06-04 15:43:00.352617,226,14,
EC-G,Ecuador,Guayas,2020-06-04 15:43:00.352617,455,26,
EC-I,Ecuador,Imbabura,2020-06-04 15:43:00.352617,2516,456,
EC-L,Ecuador,Loja,2020-06-04 15:43:00.352617,238,20,
EC-R,Ecuador,Los Rios,2020-06-04 15:43:00.352617,1213,192,
EC-M,Ecuador,Manabi,2020-06-04 15:43:00.352617,4166,319,
EC-S,Ecuador,Morona Santiago,2020-06-04 15:43:00.352617,1591,209,
EC-N,Ecuador,Napo,2020-06-04 15:43:00.352617,138,5,
EC-D,Ecuador,Orellana,2020-06-04 15:43:00.352617,1138,78,
EC-Y,Ecuador,Pastaza,2020-06-04 15:43:00.352617,799,281,
EC-P,Ecuador,Pichincha,2020-06-04 15:43:00.352617,533,68,
EC-SE,Ecuador,Santa Elena,2020-06-04 15:43:00.352617,135,5,
EC-SD,Ecuador,Santo Domingo de los Tsachilas,2020-06-04 15:43:00.352617,76,1,
EC-U,Ecuador,Sucumbios,2020-06-04 15:43:00.352617,503,57,
EC-T,Ecuador,Tungurahua,2020-06-04 15:43:00.352617,304,5,
EC-Z,Ecuador,Zamora-Chinchipe,2020-06-04 15:43:00.352617,253,5,
SV-AH,El Salvador,Ahuachapan,,,,
SV-CA,El Salvador,Cabanas,,,,
SV-CH,El Salvador,Chalatenango,,,,
SV-CU,El Salvador,Cuscatlan,,,,
SV-LI,El Salvador,La Libertad,,,,
SV-PA,El Salvador,La Paz,,,,
SV-UN,El Salvador,La Unión,,,,
SV-MO,El Salvador,Morazan,,,,
SV-SM,El Salvador,San Miguel,,,,
SV-SS,El Salvador,San Salvador,,,,
SV-SV,El Salvador,San Vicente,,,,
SV-SA,El Salvador,Santa Ana,,,,
SV-SO,El Salvador,Sonsonate,,,,
SV-US,El Salvador,Usulutan,,,,
FR-GP,France,Guadeloupe,,,,
FR-GF,France,Guyane,,,,
FR-MQ,France,Martinique,,,,
FR-BL,France,Saint-Barthélemy,,,,
FR-MF,France,Saint-Martin,,,,
FR-PM,France,Saint-Pierre-et-Miquelon,,,,
GT-AV,Guatemala,Alta Verapaz,,,,
GT-BV,Guatemala,Baja Verapaz,,,,
GT-CM,Guatemala,Chimaltenango,,,,
GT-CQ,Guatemala,Chiquimula,,,,
GT-PR,Guatemala,El Progreso,,,,
GT-ES,Guatemala,Escuintla,,,,
GT-GU,Guatemala,Guatemala,,,,
GT-HU,Guatemala,Huehuetenango,,,,
GT-IZ,Guatemala,Izabal,,,,
GT-JA,Guatemala,Jalapa,,,,
GT-JU,Guatemala,Jutiapa,,,,
GT-PE,Guatemala,Petén,,,,
GT-QZ,Guatemala,Quetzaltenango,,,,
GT-QC,Guatemala,Quiché,,,,
GT-RE,Guatemala,Retalhuleu,,,,
GT-SA,Guatemala,Sacatepéquez,,,,
GT-SM,Guatemala,San Marcos,,,,
GT-SR,Guatemala,Santa Rosa,,,,
GT-SO,Guatemala,Sololá,,,,
GT-SU,Guatemala,Suchitepéquez,,,,
GT-TO,Guatemala,Totonicapán,,,,
GT-ZA,Guatemala,Zacapa,,,,
HT-AR,Haiti,Artibonite,,,,
HT-CE,Haiti,Centre,,,,
HT-GA,Haiti,Grande’Anse,,,,
HT-NI,Haiti,Nippes,,,,
HT-ND,Haiti,Nord,,,,
HT-NE,Haiti,Nord-Est,,,,
HT-NO,Haiti,Nord-Ouest,,,,
HT-OU,Haiti,Ouest,,,,
HT-SD,Haiti,Sud,,,,
HT-SE,Haiti,Sud-Est,,,,
HN-AT,Honduras,Atlantida,2020-06-04T15:31:12,184,8,44
HN-CH,Honduras,Choluteca,2020-06-04T15:31:12,110,2,17
HN-CL,Honduras,Colon,2020-06-04T15:31:12,43,2,19
HN-CM,Honduras,Comayagua,2020-06-04T15:31:12,66,4,4
HN-CP,Honduras,Copan,2020-06-04T15:31:12,23,0,4
HN-CR,Honduras,Cortes,2020-06-04T15:31:12,3597,175,323
HN-EP,Honduras,El Paraiso,2020-06-04T15:31:12,43,1,1
HN-FM,Honduras,Francisco Morazan,2020-06-04T15:31:12,1168,27,109
HN-GD,Honduras,Gracias a Dios,2020-06-04T15:31:12,0,0,0
HN-IN,Honduras,Intibuca,2020-06-04T15:31:12,16,1,9
HN-IB,Honduras,Islas de la Bahia,2020-06-04T15:31:12,1,0,0
HN-LP,Honduras,La Paz,2020-06-04T15:31:12,20,0,2
HN-LE,Honduras,Lempira,2020-06-04T15:31:12,15,1,5
HN-OC,Honduras,Ocotepeque,2020-06-04T15:31:12,6,0,2
HN-OL,Honduras,Olancho,2020-06-04T15:31:12,20,0,4
HN-SB,Honduras,Santa Barbara,2020-06-04T15:31:12,55,4,8
HN-VA,Honduras,Valle,2020-06-04T15:31:12,58,0,10
HN-YO,Honduras,Yoro,2020-06-04T15:31:12,265,9,22
MX-AGU,Mexico,Aguascalientes,2020-06-04T00:24:20,950,36,
MX-BCN,Mexico,Baja California,2020-06-04T00:24:20,5545,1013,
MX-BCS,Mexico,Baja California Sur,2020-06-04T00:24:20,679,35,
MX-CAM,Mexico,Campeche,2020-06-04T00:24:20,735,94,
MX-CHP,Mexico,Chiapas,2020-06-04T00:24:20,1982,162,
MX-CHH,Mexico,Chihuahua,2020-06-04T00:24:20,1730,358,
MX-CMX,Mexico,Ciudad de Mexico,2020-06-04T00:24:20,32906,3214,
MX-COA,Mexico,Coahuila,2020-06-04T00:24:20,1260,88,
MX-COL,Mexico,Colima,2020-06-04T00:24:20,167,27,
MX-DUR,Mexico,Durango,2020-06-04T00:24:20,461,44,
MX-GUA,Mexico,Guanajuato,2020-06-04T00:24:20,2037,122,
MX-GRO,Mexico,Guerrero,2020-06-04T00:24:20,2062,305,
MX-HID,Mexico,Hidalgo,2020-06-04T00:24:20,1989,365,
MX-JAL,Mexico,Jalisco,2020-06-04T00:24:20,2166,183,
MX-MIC,Mexico,Michoacan,2020-06-04T00:24:20,2161,194,
MX-MOR,Mexico,Morelos,2020-06-04T00:24:20,1405,281,
MX-MEX,Mexico,Mexico,2020-06-04T00:24:20,10824,1305,
MX-NAY,Mexico,Nayarit,2020-06-04T00:24:20,624,75,
MX-NLE,Mexico,Nuevo Leon,2020-06-04T00:24:20,1634,103,
MX-OAX,Mexico,Oaxaca,2020-06-04T00:24:20,1746,198,
MX-PUE,Mexico,Puebla,2020-06-04T00:24:20,3489,433,
MX-QUE,Mexico,Queretaro,2020-06-04T00:24:20,1084,124,
MX-ROO,Mexico,Quintana Roo,2020-06-04T00:24:20,1999,393,
MX-SLP,Mexico,San Luis Potosi,2020-06-04T00:24:20,1030,57,
MX-SIN,Mexico,Sinaloa,2020-06-04T00:24:20,3917,624,
MX-SON,Mexico,Sonora,2020-06-04T00:24:20,2358,142,
MX-TAB,Mexico,Tabasco,2020-06-04T00:24:20,4829,592,
MX-TAM,Mexico,Tamaulipas,2020-06-04T00:24:20,1811,126,
MX-TLA,Mexico,Tlaxcala,2020-06-04T00:24:20,1135,155,
MX-VER,Mexico,Veracruz,2020-06-04T00:24:20,4250,649,
MX-YUC,Mexico,Yucatan,2020-06-04T00:24:20,1957,192,
MX-ZAC,Mexico,Zacatecas,2020-06-04T00:24:20,316,39,
NI-BO,Nicaragua,Boaco,,,,
NI-CA,Nicaragua,Carazo,,,,
NI-CI,Nicaragua,Chinandega,,,,
NI-CO,Nicaragua,Chontales,,,,
NI-ES,Nicaragua,Estelí,,,,
NI-GR,Nicaragua,Granada,,,,
NI-JI,Nicaragua,Jinotega,,,,
NI-LE,Nicaragua,León,,,,
NI-MD,Nicaragua,Madriz,,,,
NI-MN,Nicaragua,Managua,,,,
NI-MS,Nicaragua,Masaya,,,,
NI-MT,Nicaragua,Matagalpa,,,,
NI-AN,Nicaragua,NCCAR,,,,
NI-NS,Nicaragua,Nueva Segovia,,,,
NI-RI,Nicaragua,Rio San Juan,,,,
NI-SJ,Nicaragua,Rivas,,,,
NI-AS,Nicaragua,SCCAR,,,,
PA-1,Panama,Bocas del Toro,,,,
PA-4,Panama,Chiriqui,,,,
PA-2,Panama,Cocle,,,,
PA-3,Panama,Colon,,,,
PA-5,Panama,Darien,,,,
PA-EM,Panama,Embera,,,,
PA-KY,Panama,Guna Yala,,,,
PA-6,Panama,Herrera,,,,
PA-7,Panama,Los Santos,,,,
PA-NB,Panama,Ngabe-Bugle,,,,
PA-8,Panama,Panama,,,,
PA-10,Panama,Panama Oeste,,,,
PA-9,Panama,Veraguas,,,,
PY-16,Paraguay,Alto Paraguay,,,,
PY-10,Paraguay,Alto Parana,,,,
PY-13,Paraguay,Amambay,,,,
PY-19,Paraguay,Boqueron,,,,
PY-5,Paraguay,Caaguazu,,,,
PY-6,Paraguay,Caazapa,,,,
PY-14,Paraguay,Canindeyu,,,,
PY-11,Paraguay,Central,,,,
PY-1,Paraguay,Concepcion,,,,
PY-3,Paraguay,Cordillera,,,,
PY-ASU,Paraguay,Distrito Capital,,,,
PY-4,Paraguay,Guaira,,,,
PY-7,Paraguay,Itapua,,,,
PY-8,Paraguay,Misiones,,,,
PY-12,Paraguay,Neembucu,,,,
PY-9,Paraguay,Paraguari,,,,
PY-15,Paraguay,Presidente Hayes,,,,
PY-2,Paraguay,San Pedro,,,,
PE-AMA,Peru,Amazonas,2020-06-04 15:43:00.352617,654,26,
PE-ANC,Peru,Ancash,2020-06-04 15:43:00.352617,4647,286,
PE-APU,Peru,Apurimac,2020-06-04 15:43:00.352617,203,3,
PE-ARE,Peru,Arequipa,2020-06-04 15:43:00.352617,3817,51,
PE-AYA,Peru,Ayacucho,2020-06-04 15:43:00.352617,826,7,
PE-CAJ,Peru,Cajamarca,2020-06-04 15:43:00.352617,853,7,
PE-CAL,Peru,Callao,2020-06-04 15:43:00.352617,13171,346,
PE-CUS,Peru,Cusco,2020-06-04 15:43:00.352617,1157,3,
PE-HUV,Peru,Huancavelica,2020-06-04 15:43:00.352617,465,1,
PE-HUC,Peru,Huanuco,2020-06-04 15:43:00.352617,1013,13,
PE-ICA,Peru,Ica,2020-06-04 15:43:00.352617,3851,261,
PE-JUN,Peru,Junin,2020-06-04 15:43:00.352617,2007,20,
PE-LAL,Peru,La Libertad,2020-06-04 15:43:00.352617,5351,212,
PE-LAM,Peru,Lambayeque,2020-06-04 15:43:00.352617,9348,621,
PE-LIM,Peru,Lima,2020-06-04 15:43:00.352617,108323,1947,
PE-LOR,Peru,Loreto,2020-06-04 15:43:00.352617,5517,300,
PE-MDD,Peru,Madre de dios,2020-06-04 15:43:00.352617,611,6,
PE-MOQ,Peru,Moquegua,2020-06-04 15:43:00.352617,525,2,
PE-PAS,Peru,Pasco,2020-06-04 15:43:00.352617,480,11,
PE-PIU,Peru,Piura,2020-06-04 15:43:00.352617,7890,538,
PE-PUN,Peru,Puno,2020-06-04 15:43:00.352617,398,8,
PE-SAM,Peru,San Martin,2020-06-04 15:43:00.352617,1502,28,
PE-TAC,Peru,Tacna,2020-06-04 15:43:00.352617,458,5,
PE-TUM,Peru,Tumbes,2020-06-04 15:43:00.352617,1267,79,
PE-UCA,Peru,Ucayali,2020-06-04 15:43:00.352617,4580,113,
US-PR,United States,Puerto Rico,,,,
UY-AR,Uruguay,Artigas,,,,
UY-CA,Uruguay,Canelones,,,,
UY-CL,Uruguay,Cerro Largo,,,,
UY-CO,Uruguay,Colonia,,,,
UY-DU,Uruguay,Durazno,,,,
UY-FS,Uruguay,Flores,,,,
UY-FD,Uruguay,Florida,,,,
UY-LA,Uruguay,Lavalleja,,,,
UY-MA,Uruguay,Maldonado,,,,
UY-MO,Uruguay,Montevideo,,,,
UY-PA,Uruguay,Paysandu,,,,
UY-RN,Uruguay,Rio Negro,,,,
UY-RV,Uruguay,Rivera,,,,
UY-RO,Uruguay,Rocha,,,,
UY-SA,Uruguay,Salto,,,,
UY-SJ,Uruguay,San Jose,,,,
UY-SO,Uruguay,Soriano,,,,
UY-TA,Uruguay,Tacuarembo,,,,
UY-TT,Uruguay,Treinta y Tres,,,,
VE-Z,Venezuela,Amazonas,,,,
VE-B,Venezuela,Anzoategui,,,,
VE-C,Venezuela,Apure,,,,
VE-D,Venezuela,Aragua,,,,
VE-E,Venezuela,Barinas,,,,
VE-F,Venezuela,Bolivar,,,,
VE-G,Venezuela,Carabobo,,,,
VE-A,Venezuela,Caracas Distrito Capital,,,,
VE-H,Venezuela,Cojedes,,,,
VE-Y,Venezuela,Delta Amacuro,,,,
VE-W,Venezuela,Dependencias Federales,,,,
VE-I,Venezuela,Falcon,,,,
VE-J,Venezuela,Guarico,,,,
VE-K,Venezuela,Lara,,,,
VE-L,Venezuela,Merida,,,,
VE-M,Venezuela,Miranda,,,,
VE-N,Venezuela,Monagas,,,,
VE-O,Venezuela,Nueva Esparta,,,,
VE-P,Venezuela,Portuguesa,,,,
VE-R,Venezuela,Sucre,,,,
VE-S,Venezuela,Tachira,,,,
VE-T,Venezuela,Trujillo,,,,
VE-X,Venezuela,Vargas,,,,
VE-U,Venezuela,Yaracuy,,,,
VE-V,Venezuela,Zulia,,,,
