ISO 3166-2 Code,Country,Subdivision,Last Update,Confirmed,Deaths,Recovered
AR-B,Argentina,Buenos Aires,,,,
AR-K,Argentina,Catamarca,,,,
AR-H,Argentina,Chaco,,,,
AR-U,Argentina,Chubut,,,,
AR-C,Argentina,Ciudad Autonoma de Buenos Aires,,,,
AR-X,Argentina,Cordoba,,,,
AR-W,Argentina,Corrientes,,,,
AR-E,Argentina,Entre Rios,,,,
AR-P,Argentina,Formosa,,,,
AR-Y,Argentina,Jujuy,,,,
AR-L,Argentina,La Pampa,,,,
AR-F,Argentina,La Rioja,,,,
AR-M,Argentina,Mendoza,,,,
AR-N,Argentina,Misiones,,,,
AR-Q,Argentina,Neuquen,,,,
AR-R,Argentina,Rio Negro,,,,
AR-A,Argentina,Salta,,,,
AR-J,Argentina,San Juan,,,,
AR-D,Argentina,San Luis,,,,
AR-Z,Argentina,Santa Cruz,,,,
AR-S,Argentina,Santa Fe,,,,
AR-G,Argentina,Santiago del Estero,,,,
AR-V,Argentina,Tierra del Fuego,,,,
AR-T,Argentina,Tucuman,,,,
BO-B,Bolivia,Beni,2020-08-22 13:23:07.339240,6238,326,
BO-H,Bolivia,Chuquisaca,2020-08-22 13:23:07.339240,4421,338,
BO-C,Bolivia,Cochabamba,2020-08-22 13:23:07.339240,11689,865,
BO-L,Bolivia,La Paz,2020-08-22 13:23:07.339240,27771,535,
BO-O,Bolivia,Oruro,2020-08-22 13:23:07.339240,4575,251,
BO-N,Bolivia,Pando,2020-08-22 13:23:07.339240,2208,145,
BO-P,Bolivia,Potosi,2020-08-22 13:23:07.339240,4636,175,
BO-S,Bolivia,Santa Cruz,2020-08-22 13:23:07.339240,39113,1574,
BO-T,Bolivia,Tarija,2020-08-22 13:23:07.339240,6784,157,
BR-AC,Brazil,Acre,2020-08-22 13:23:07.339240,23337,598,
BR-AL,Brazil,Alagoas,2020-08-22 13:23:07.339240,74839,1802,
BR-AP,Brazil,Amapa,2020-08-22 13:23:07.339240,40875,627,
BR-AM,Brazil,Amazonas,2020-08-22 13:23:07.339240,114792,3556,
BR-BA,Brazil,Bahia,2020-08-22 13:23:07.339240,229743,4757,
BR-CE,Brazil,Ceara,2020-08-22 13:23:07.339240,202999,8268,
BR-DF,Brazil,Distrito Federal,2020-08-22 13:23:07.339240,145452,2242,
BR-ES,Brazil,Espiritu Santo,2020-08-22 13:23:07.339240,104911,3000,
BR-GO,Brazil,Goias,2020-08-22 13:23:07.339240,113051,2647,
BR-MA,Brazil,Maranhao,2020-08-22 13:23:07.339240,143103,3328,
BR-MT,Brazil,Mato Grosso,2020-08-22 13:23:07.339240,80134,2492,
BR-MS,Brazil,Mato Grosso do Sul,2020-08-22 13:23:07.339240,40711,696,
BR-MG,Brazil,Minas Gerais,2020-08-22 13:23:07.339240,188623,4663,
BR-PA,Brazil,Para,2020-08-22 13:23:07.339240,186646,6037,
BR-PB,Brazil,Paraiba,2020-08-22 13:23:07.339240,100290,2268,
BR-PR,Brazil,Parana,2020-08-22 13:23:07.339240,114588,2928,
BR-PE,Brazil,Pernambuco,2020-08-22 13:23:07.339240,117431,7335,
BR-PI,Brazil,Piaui,2020-08-22 13:23:07.339240,70536,1672,
BR-RJ,Brazil,Rio de Janeiro,2020-08-22 13:23:07.339240,207036,15202,
BR-RN,Brazil,Rio Grande do Norte,2020-08-22 13:23:07.339240,59191,2154,
BR-RS,Brazil,Rio Grande do Sul,2020-08-22 13:23:07.339240,104335,2993,
BR-RO,Brazil,Rondonia,2020-08-22 13:23:07.339240,50514,1050,
BR-RR,Brazil,Roraima,2020-08-22 13:23:07.339240,41191,576,
BR-SC,Brazil,Santa Catarina,2020-08-22 13:23:07.339240,130349,1995,
BR-SP,Brazil,Sao Paulo,2020-08-22 13:23:07.339240,735960,28155,
BR-SE,Brazil,Sergipe,2020-08-22 13:23:07.339240,69845,1761,
BR-TO,Brazil,Tocantins,2020-08-22 13:23:07.339240,41848,556,
CL-AN,Chile,Antofagasta,2020-08-21T16:39:10,17249,416,15952
CL-AR,Chile,Araucania,2020-08-21T16:39:10,4833,88,4418
CL-AP,Chile,Arica y Parinacota,2020-08-21T16:39:10,6083,95,5364
CL-AT,Chile,Atacama,2020-08-21T16:39:10,4983,37,4157
CL-AI,Chile,Aysen,2020-08-21T16:39:10,99,1,94
CL-BI,Chile,Biobio,2020-08-21T16:39:10,14994,170,13103
CL-CO,Chile,Coquimbo,2020-08-21T16:39:10,8743,109,7709
CL-LL,Chile,Los Lagos,2020-08-21T16:39:10,5894,61,5093
CL-LR,Chile,Los Rios,2020-08-21T16:39:10,1029,15,958
CL-MA,Chile,Magallanes,2020-08-21T16:39:10,2541,32,2009
CL-ML,Chile,Maule,2020-08-21T16:39:10,10824,235,9782
CL-NB,Chile,Nuble,2020-08-21T16:39:10,4140,75,3780
CL-LI,Chile,O'Higgins,2020-08-21T16:39:10,12547,313,11481
CL-RM,Chile,Santiago,2020-08-21T16:39:10,268476,8250,255530
CL-TA,Chile,Tarapaca,2020-08-21T16:39:10,10213,191,9415
CL-VS,Chile,Valparaiso,2020-08-21T16:39:10,21057,634,18991
CO-AMA,Colombia,Amazonas,2020-08-22 13:23:07.339240,2678,0,
CO-ANT,Colombia,Antioquia,2020-08-22 13:23:07.339240,68313,1415,
CO-ARA,Colombia,Arauca,2020-08-22 13:23:07.339240,748,0,
CO-ATL,Colombia,Atlantico,2020-08-22 13:23:07.339240,62464,0,
CO-DC,Colombia,Bogota,2020-08-22 13:23:07.339240,181775,0,
CO-BOL,Colombia,Bolivar,2020-08-22 13:23:07.339240,22738,693,
CO-BOY,Colombia,Boyaca,2020-08-22 13:23:07.339240,2724,0,
CO-CAL,Colombia,Caldas,2020-08-22 13:23:07.339240,2120,0,
CO-CAQ,Colombia,Caqueta,2020-08-22 13:23:07.339240,4603,0,
CO-CAS,Colombia,Casanare,2020-08-22 13:23:07.339240,798,0,
CO-CAU,Colombia,Cauca,2020-08-22 13:23:07.339240,6194,0,
CO-CES,Colombia,Cesar,2020-08-22 13:23:07.339240,7187,0,
CO-COR,Colombia,Choco,2020-08-22 13:23:07.339240,3592,0,
CO-CUN,Colombia,Cordoba,2020-08-22 13:23:07.339240,16727,1122,
CO-CHO,Colombia,Cundinamarca,2020-08-22 13:23:07.339240,18441,0,
CO-GUA,Colombia,Guainia,2020-08-22 13:23:07.339240,0,0,
CO-GUV,Colombia,Guaviare,2020-08-22 13:23:07.339240,0,0,
CO-HUI,Colombia,Huila,2020-08-22 13:23:07.339240,3325,0,
CO-LAG,Colombia,La Guajira,2020-08-22 13:23:07.339240,4222,0,
CO-MAG,Colombia,Magdalena,2020-08-22 13:23:07.339240,10996,611,
CO-MET,Colombia,Meta,2020-08-22 13:23:07.339240,6462,0,
CO-NAR,Colombia,Narino,2020-08-22 13:23:07.339240,12363,0,
CO-NSA,Colombia,Norte de Santander,2020-08-22 13:23:07.339240,20717,0,
CO-PUT,Colombia,Putumayo,2020-08-22 13:23:07.339240,2328,0,
CO-QUI,Colombia,Quindio,2020-08-22 13:23:07.339240,843,0,
CO-RIS,Colombia,Risaralda,2020-08-22 13:23:07.339240,4283,0,
CO-SAP,Colombia,San Andres y Providencia,2020-08-22 13:23:07.339240,117,0,
CO-SAN,Colombia,Santander,2020-08-22 13:23:07.339240,0,0,
CO-SUC,Colombia,Sucre,2020-08-22 13:23:07.339240,10113,0,
CO-TOL,Colombia,Tolima,2020-08-22 13:23:07.339240,5309,0,
CO-VAC,Colombia,Valle del Cauca,2020-08-22 13:23:07.339240,39530,1438,
CO-VAU,Colombia,Vaupes,2020-08-22 13:23:07.339240,169,0,
CO-VID,Colombia,Vichada,2020-08-22 13:23:07.339240,0,0,
CR-A,Costa Rica,Alajuela,,,,
CR-C,Costa Rica,Cartago,,,,
CR-G,Costa Rica,Guanacaste,,,,
CR-H,Costa Rica,Heredia,,,,
CR-L,Costa Rica,Limon,,,,
CR-P,Costa Rica,Puntarenas,,,,
CR-SJ,Costa Rica,San Jose,,,,
CU-15,Cuba,Artemisa,2020-08-22 13:23:07.339240,262,0,
CU-09,Cuba,Camagüey,2020-08-22 13:23:07.339240,0,0,
CU-08,Cuba,Ciego de Ávila,2020-08-22 13:23:07.339240,0,0,
CU-06,Cuba,Cienfuegos,2020-08-22 13:23:07.339240,0,0,
CU-12,Cuba,Granma,2020-08-22 13:23:07.339240,0,0,
CU-14,Cuba,Guantánamo,2020-08-22 13:23:07.339240,0,0,
CU-11,Cuba,Holguín,2020-08-22 13:23:07.339240,0,0,
CU-99,Cuba,Isla de la Juventud,2020-08-22 13:23:07.339240,0,0,
CU-03,Cuba,La Habana,2020-08-22 13:23:07.339240,2147,0,
CU-10,Cuba,Las Tunas,2020-08-22 13:23:07.339240,0,0,
CU-04,Cuba,Matanzas,2020-08-22 13:23:07.339240,0,0,
CU-16,Cuba,Mayabeque,2020-08-22 13:23:07.339240,0,0,
CU-01,Cuba,Pinar del Río,2020-08-22 13:23:07.339240,0,0,
CU-07,Cuba,Sancti Spíritus,2020-08-22 13:23:07.339240,0,0,
CU-13,Cuba,Santiago de Cuba,2020-08-22 13:23:07.339240,0,0,
CU-05,Cuba,Villa Clara,2020-08-22 13:23:07.339240,0,0,
DO-02,Dominican Republic,Azua,,,,
DO-03,Dominican Republic,Baoruco,,,,
DO-04,Dominican Republic,Barahona,,,,
DO-05,Dominican Republic,Dajabon,,,,
DO-06,Dominican Republic,Distrito Nacional,,,,
DO-08,Dominican Republic,Duarte,,,,
DO-09,Dominican Republic,El Seibo,,,,
DO-30,Dominican Republic,Elias Pina,,,,
DO-10,Dominican Republic,Espaillat,,,,
DO-11,Dominican Republic,Hato Mayor,,,,
DO-07,Dominican Republic,Hermanas Mirabal,,,,
DO-12,Dominican Republic,Independencia,,,,
DO-13,Dominican Republic,La Altagracia,,,,
DO-14,Dominican Republic,La Romana,,,,
DO-28,Dominican Republic,La Vega,,,,
DO-15,Dominican Republic,Maria Trinidad Sanchez,,,,
DO-29,Dominican Republic,Monsenor Nouel,,,,
DO-16,Dominican Republic,Monte Cristi,,,,
DO-17,Dominican Republic,Monte Plata,,,,
DO-18,Dominican Republic,Pedernales,,,,
DO-19,Dominican Republic,Peravia,,,,
DO-20,Dominican Republic,Puerto Plata,,,,
DO-21,Dominican Republic,Samana,,,,
DO-31,Dominican Republic,San Cristobal,,,,
DO-22,Dominican Republic,San Jose de Ocoa,,,,
DO-23,Dominican Republic,San Juan,,,,
DO-24,Dominican Republic,San Pedro de Macoris,,,,
DO-25,Dominican Republic,Sanchez Ramirez,,,,
DO-26,Dominican Republic,Santiago,,,,
DO-32,Dominican Republic,Santiago Rodriguez,,,,
DO-01,Dominican Republic,Santo Domingo,,,,
DO-27,Dominican Republic,Valverde,,,,
EC-A,Ecuador,Azuay,2020-08-22 13:23:07.339240,4636,102,
EC-B,Ecuador,Bolivar,2020-08-22 13:23:07.339240,1355,54,
EC-F,Ecuador,Canar,2020-08-22 13:23:07.339240,1071,59,
EC-C,Ecuador,Carchi,2020-08-22 13:23:07.339240,1543,37,
EC-H,Ecuador,Chimborazo,2020-08-22 13:23:07.339240,3464,196,
EC-X,Ecuador,Cotopaxi,2020-08-22 13:23:07.339240,1706,39,
EC-O,Ecuador,El Oro,2020-08-22 13:23:07.339240,18426,1668,
EC-E,Ecuador,Esmeraldas,2020-08-22 13:23:07.339240,1857,240,
EC-W,Ecuador,Galapagos,2020-08-22 13:23:07.339240,2601,87,
EC-G,Ecuador,Guayas,2020-08-22 13:23:07.339240,3870,132,
EC-I,Ecuador,Imbabura,2020-08-22 13:23:07.339240,7866,859,
EC-L,Ecuador,Loja,2020-08-22 13:23:07.339240,1116,56,
EC-R,Ecuador,Los Rios,2020-08-22 13:23:07.339240,4041,355,
EC-M,Ecuador,Manabi,2020-08-22 13:23:07.339240,22070,860,
EC-S,Ecuador,Morona Santiago,2020-08-22 13:23:07.339240,3055,321,
EC-N,Ecuador,Napo,2020-08-22 13:23:07.339240,2342,18,
EC-D,Ecuador,Orellana,2020-08-22 13:23:07.339240,4312,296,
EC-Y,Ecuador,Pastaza,2020-08-22 13:23:07.339240,1224,339,
EC-P,Ecuador,Pichincha,2020-08-22 13:23:07.339240,3141,182,
EC-SE,Ecuador,Santa Elena,2020-08-22 13:23:07.339240,1936,70,
EC-SD,Ecuador,Santo Domingo de los Tsachilas,2020-08-22 13:23:07.339240,109,1,
EC-U,Ecuador,Sucumbios,2020-08-22 13:23:07.339240,2833,192,
EC-T,Ecuador,Tungurahua,2020-08-22 13:23:07.339240,1796,46,
EC-Z,Ecuador,Zamora-Chinchipe,2020-08-22 13:23:07.339240,1155,39,
SV-AH,El Salvador,Ahuachapan,,,,
SV-CA,El Salvador,Cabanas,,,,
SV-CH,El Salvador,Chalatenango,,,,
SV-CU,El Salvador,Cuscatlan,,,,
SV-LI,El Salvador,La Libertad,,,,
SV-PA,El Salvador,La Paz,,,,
SV-UN,El Salvador,La Unión,,,,
SV-MO,El Salvador,Morazan,,,,
SV-SM,El Salvador,San Miguel,,,,
SV-SS,El Salvador,San Salvador,,,,
SV-SV,El Salvador,San Vicente,,,,
SV-SA,El Salvador,Santa Ana,,,,
SV-SO,El Salvador,Sonsonate,,,,
SV-US,El Salvador,Usulutan,,,,
FR-GP,France,Guadeloupe,,,,
FR-GF,France,Guyane,,,,
FR-MQ,France,Martinique,,,,
FR-BL,France,Saint-Barthélemy,,,,
FR-MF,France,Saint-Martin,,,,
FR-PM,France,Saint-Pierre-et-Miquelon,,,,
GT-AV,Guatemala,Alta Verapaz,,,,
GT-BV,Guatemala,Baja Verapaz,,,,
GT-CM,Guatemala,Chimaltenango,,,,
GT-CQ,Guatemala,Chiquimula,,,,
GT-PR,Guatemala,El Progreso,,,,
GT-ES,Guatemala,Escuintla,,,,
GT-GU,Guatemala,Guatemala,,,,
GT-HU,Guatemala,Huehuetenango,,,,
GT-IZ,Guatemala,Izabal,,,,
GT-JA,Guatemala,Jalapa,,,,
GT-JU,Guatemala,Jutiapa,,,,
GT-PE,Guatemala,Petén,,,,
GT-QZ,Guatemala,Quetzaltenango,,,,
GT-QC,Guatemala,Quiché,,,,
GT-RE,Guatemala,Retalhuleu,,,,
GT-SA,Guatemala,Sacatepéquez,,,,
GT-SM,Guatemala,San Marcos,,,,
GT-SR,Guatemala,Santa Rosa,,,,
GT-SO,Guatemala,Sololá,,,,
GT-SU,Guatemala,Suchitepéquez,,,,
GT-TO,Guatemala,Totonicapán,,,,
GT-ZA,Guatemala,Zacapa,,,,
HT-AR,Haiti,Artibonite,,,,
HT-CE,Haiti,Centre,,,,
HT-GA,Haiti,Grande’Anse,,,,
HT-NI,Haiti,Nippes,,,,
HT-ND,Haiti,Nord,,,,
HT-NE,Haiti,Nord-Est,,,,
HT-NO,Haiti,Nord-Ouest,,,,
HT-OU,Haiti,Ouest,,,,
HT-SD,Haiti,Sud,,,,
HT-SE,Haiti,Sud-Est,,,,
HN-AT,Honduras,Atlantida,2020-08-22T14:58:25,2834,57,442
HN-CH,Honduras,Choluteca,2020-08-22T14:58:25,1649,50,150
HN-CL,Honduras,Colon,2020-08-22T14:58:25,1526,52,304
HN-CM,Honduras,Comayagua,2020-08-22T14:58:25,1181,64,74
HN-CP,Honduras,Copan,2020-08-22T14:58:25,547,28,115
HN-CR,Honduras,Cortes,2020-08-22T14:58:25,18377,592,3972
HN-EP,Honduras,El Paraiso,2020-08-22T14:58:25,1408,56,147
HN-FM,Honduras,Francisco Morazan,2020-08-22T14:58:25,15949,505,1497
HN-GD,Honduras,Gracias a Dios,2020-08-22T14:58:25,632,13,13
HN-IN,Honduras,Intibuca,2020-08-22T14:58:25,448,11,93
HN-IB,Honduras,Islas de la Bahia,2020-08-22T14:58:25,262,3,101
HN-LP,Honduras,La Paz,2020-08-22T14:58:25,755,25,60
HN-LE,Honduras,Lempira,2020-08-22T14:58:25,203,8,56
HN-OC,Honduras,Ocotepeque,2020-08-22T14:58:25,366,11,83
HN-OL,Honduras,Olancho,2020-08-22T14:58:25,870,60,63
HN-SB,Honduras,Santa Barbara,2020-08-22T14:58:25,1242,36,197
HN-VA,Honduras,Valle,2020-08-22T14:58:25,1338,26,144
HN-YO,Honduras,Yoro,2020-08-22T14:58:25,3232,22,573
MX-AGU,Mexico,Aguascalientes,2020-08-22T02:19:25,5117,359,
MX-BCN,Mexico,Baja California,2020-08-22T02:19:25,15623,2995,
MX-BCS,Mexico,Baja California Sur,2020-08-22T02:19:25,6805,301,
MX-CAM,Mexico,Campeche,2020-08-22T02:19:25,5421,722,
MX-CHP,Mexico,Chiapas,2020-08-22T02:19:25,5854,984,
MX-CHH,Mexico,Chihuahua,2020-08-22T02:19:25,7190,1070,
MX-CMX,Mexico,Ciudad de Mexico,2020-08-22T02:19:25,108989,10072,
MX-COA,Mexico,Coahuila,2020-08-22T02:19:25,19337,1212,
MX-COL,Mexico,Colima,2020-08-22T02:19:25,3187,349,
MX-DUR,Mexico,Durango,2020-08-22T02:19:25,5613,391,
MX-GUA,Mexico,Guanajuato,2020-08-22T02:19:25,28308,1513,
MX-GRO,Mexico,Guerrero,2020-08-22T02:19:25,13627,1579,
MX-HID,Mexico,Hidalgo,2020-08-22T02:19:25,9045,1441,
MX-JAL,Mexico,Jalisco,2020-08-22T02:19:25,17721,2140,
MX-MIC,Mexico,Michoacan,2020-08-22T02:19:25,13300,1035,
MX-MOR,Mexico,Morelos,2020-08-22T02:19:25,4668,940,
MX-MEX,Mexico,Mexico,2020-08-22T02:19:25,46031,7579,
MX-NAY,Mexico,Nayarit,2020-08-22T02:19:25,4490,527,
MX-NLE,Mexico,Nuevo Leon,2020-08-22T02:19:25,25969,1970,
MX-OAX,Mexico,Oaxaca,2020-08-22T02:19:25,12678,1182,
MX-PUE,Mexico,Puebla,2020-08-22T02:19:25,25867,3262,
MX-QUE,Mexico,Queretaro,2020-08-22T02:19:25,5631,646,
MX-ROO,Mexico,Quintana Roo,2020-08-22T02:19:25,9573,1291,
MX-SLP,Mexico,San Luis Potosi,2020-08-22T02:19:25,15532,944,
MX-SIN,Mexico,Sinaloa,2020-08-22T02:19:25,15165,2627,
MX-SON,Mexico,Sonora,2020-08-22T02:19:25,20619,2478,
MX-TAB,Mexico,Tabasco,2020-08-22T02:19:25,26897,2443,
MX-TAM,Mexico,Tamaulipas,2020-08-22T02:19:25,22467,1672,
MX-TLA,Mexico,Tlaxcala,2020-08-22T02:19:25,5106,862,
MX-VER,Mexico,Veracruz,2020-08-22T02:19:25,26014,3421,
MX-YUC,Mexico,Yucatan,2020-08-22T02:19:25,13420,1201,
MX-ZAC,Mexico,Zacatecas,2020-08-22T02:19:25,4470,402,
NI-BO,Nicaragua,Boaco,,,,
NI-CA,Nicaragua,Carazo,,,,
NI-CI,Nicaragua,Chinandega,,,,
NI-CO,Nicaragua,Chontales,,,,
NI-ES,Nicaragua,Estelí,,,,
NI-GR,Nicaragua,Granada,,,,
NI-JI,Nicaragua,Jinotega,,,,
NI-LE,Nicaragua,León,,,,
NI-MD,Nicaragua,Madriz,,,,
NI-MN,Nicaragua,Managua,,,,
NI-MS,Nicaragua,Masaya,,,,
NI-MT,Nicaragua,Matagalpa,,,,
NI-AN,Nicaragua,NCCAR,,,,
NI-NS,Nicaragua,Nueva Segovia,,,,
NI-RI,Nicaragua,Rio San Juan,,,,
NI-SJ,Nicaragua,Rivas,,,,
NI-AS,Nicaragua,SCCAR,,,,
PA-1,Panama,Bocas del Toro,,,,
PA-4,Panama,Chiriqui,,,,
PA-2,Panama,Cocle,,,,
PA-3,Panama,Colon,,,,
PA-5,Panama,Darien,,,,
PA-EM,Panama,Embera,,,,
PA-KY,Panama,Guna Yala,,,,
PA-6,Panama,Herrera,,,,
PA-7,Panama,Los Santos,,,,
PA-NB,Panama,Ngabe-Bugle,,,,
PA-8,Panama,Panama,,,,
PA-10,Panama,Panama Oeste,,,,
PA-9,Panama,Veraguas,,,,
PY-16,Paraguay,Alto Paraguay,,,,
PY-10,Paraguay,Alto Parana,,,,
PY-13,Paraguay,Amambay,,,,
PY-19,Paraguay,Boqueron,,,,
PY-5,Paraguay,Caaguazu,,,,
PY-6,Paraguay,Caazapa,,,,
PY-14,Paraguay,Canindeyu,,,,
PY-11,Paraguay,Central,,,,
PY-1,Paraguay,Concepcion,,,,
PY-3,Paraguay,Cordillera,,,,
PY-ASU,Paraguay,Distrito Capital,,,,
PY-4,Paraguay,Guaira,,,,
PY-7,Paraguay,Itapua,,,,
PY-8,Paraguay,Misiones,,,,
PY-12,Paraguay,Neembucu,,,,
PY-9,Paraguay,Paraguari,,,,
PY-15,Paraguay,Presidente Hayes,,,,
PY-2,Paraguay,San Pedro,,,,
PE-AMA,Peru,Amazonas,2020-08-22 13:23:07.339240,0,0,
PE-ANC,Peru,Ancash,2020-08-22 13:23:07.339240,0,0,
PE-APU,Peru,Apurimac,2020-08-22 13:23:07.339240,0,0,
PE-ARE,Peru,Arequipa,2020-08-22 13:23:07.339240,0,0,
PE-AYA,Peru,Ayacucho,2020-08-22 13:23:07.339240,0,0,
PE-CAJ,Peru,Cajamarca,2020-08-22 13:23:07.339240,0,0,
PE-CAL,Peru,Callao,2020-08-22 13:23:07.339240,0,0,
PE-CUS,Peru,Cusco,2020-08-22 13:23:07.339240,0,0,
PE-HUV,Peru,Huancavelica,2020-08-22 13:23:07.339240,0,0,
PE-HUC,Peru,Huanuco,2020-08-22 13:23:07.339240,0,0,
PE-ICA,Peru,Ica,2020-08-22 13:23:07.339240,0,0,
PE-JUN,Peru,Junin,2020-08-22 13:23:07.339240,0,0,
PE-LAL,Peru,La Libertad,2020-08-22 13:23:07.339240,0,0,
PE-LAM,Peru,Lambayeque,2020-08-22 13:23:07.339240,0,0,
PE-LIM,Peru,Lima,2020-08-22 13:23:07.339240,0,0,
PE-LOR,Peru,Loreto,2020-08-22 13:23:07.339240,0,0,
PE-MDD,Peru,Madre de dios,2020-08-22 13:23:07.339240,0,0,
PE-MOQ,Peru,Moquegua,2020-08-22 13:23:07.339240,0,0,
PE-PAS,Peru,Pasco,2020-08-22 13:23:07.339240,0,0,
PE-PIU,Peru,Piura,2020-08-22 13:23:07.339240,0,0,
PE-PUN,Peru,Puno,2020-08-22 13:23:07.339240,0,0,
PE-SAM,Peru,San Martin,2020-08-22 13:23:07.339240,0,0,
PE-TAC,Peru,Tacna,2020-08-22 13:23:07.339240,0,0,
PE-TUM,Peru,Tumbes,2020-08-22 13:23:07.339240,0,0,
PE-UCA,Peru,Ucayali,2020-08-22 13:23:07.339240,0,0,
US-PR,United States,Puerto Rico,,,,
UY-AR,Uruguay,Artigas,,,,
UY-CA,Uruguay,Canelones,,,,
UY-CL,Uruguay,Cerro Largo,,,,
UY-CO,Uruguay,Colonia,,,,
UY-DU,Uruguay,Durazno,,,,
UY-FS,Uruguay,Flores,,,,
UY-FD,Uruguay,Florida,,,,
UY-LA,Uruguay,Lavalleja,,,,
UY-MA,Uruguay,Maldonado,,,,
UY-MO,Uruguay,Montevideo,,,,
UY-PA,Uruguay,Paysandu,,,,
UY-RN,Uruguay,Rio Negro,,,,
UY-RV,Uruguay,Rivera,,,,
UY-RO,Uruguay,Rocha,,,,
UY-SA,Uruguay,Salto,,,,
UY-SJ,Uruguay,San Jose,,,,
UY-SO,Uruguay,Soriano,,,,
UY-TA,Uruguay,Tacuarembo,,,,
UY-TT,Uruguay,Treinta y Tres,,,,
VE-Z,Venezuela,Amazonas,,,,
VE-B,Venezuela,Anzoategui,,,,
VE-C,Venezuela,Apure,,,,
VE-D,Venezuela,Aragua,,,,
VE-E,Venezuela,Barinas,,,,
VE-F,Venezuela,Bolivar,,,,
VE-G,Venezuela,Carabobo,,,,
VE-A,Venezuela,Caracas Distrito Capital,,,,
VE-H,Venezuela,Cojedes,,,,
VE-Y,Venezuela,Delta Amacuro,,,,
VE-W,Venezuela,Dependencias Federales,,,,
VE-I,Venezuela,Falcon,,,,
VE-J,Venezuela,Guarico,,,,
VE-K,Venezuela,Lara,,,,
VE-L,Venezuela,Merida,,,,
VE-M,Venezuela,Miranda,,,,
VE-N,Venezuela,Monagas,,,,
VE-O,Venezuela,Nueva Esparta,,,,
VE-P,Venezuela,Portuguesa,,,,
VE-R,Venezuela,Sucre,,,,
VE-S,Venezuela,Tachira,,,,
VE-T,Venezuela,Trujillo,,,,
VE-X,Venezuela,Vargas,,,,
VE-U,Venezuela,Yaracuy,,,,
VE-V,Venezuela,Zulia,,,,
