ISO 3166-2 Code,Country,Subdivision,Last Update,Confirmed,Deaths,Recovered
AR-B,Argentina,Buenos Aires,,,,
AR-K,Argentina,Catamarca,,,,
AR-H,Argentina,Chaco,,,,
AR-U,Argentina,Chubut,,,,
AR-C,Argentina,Ciudad Autonoma de Buenos Aires,,,,
AR-X,Argentina,Cordoba,,,,
AR-W,Argentina,Corrientes,,,,
AR-E,Argentina,Entre Rios,,,,
AR-P,Argentina,Formosa,,,,
AR-Y,Argentina,Jujuy,,,,
AR-L,Argentina,La Pampa,,,,
AR-F,Argentina,La Rioja,,,,
AR-M,Argentina,Mendoza,,,,
AR-N,Argentina,Misiones,,,,
AR-Q,Argentina,Neuquen,,,,
AR-R,Argentina,Rio Negro,,,,
AR-A,Argentina,Salta,,,,
AR-J,Argentina,San Juan,,,,
AR-D,Argentina,San Luis,,,,
AR-Z,Argentina,Santa Cruz,,,,
AR-S,Argentina,Santa Fe,,,,
AR-G,Argentina,Santiago del Estero,,,,
AR-V,Argentina,Tierra del Fuego,,,,
AR-T,Argentina,Tucuman,,,,
BO-B,Bolivia,Beni,2020-08-09 20:19:34.967720,5777,307,
BO-H,Bolivia,Chuquisaca,2020-08-09 20:19:34.967720,2661,225,
BO-C,Bolivia,Cochabamba,2020-08-09 20:19:34.967720,10435,781,
BO-L,Bolivia,La Paz,2020-08-09 20:19:34.967720,21105,365,
BO-O,Bolivia,Oruro,2020-08-09 20:19:34.967720,4117,241,
BO-N,Bolivia,Pando,2020-08-09 20:19:34.967720,1587,137,
BO-P,Bolivia,Potosi,2020-08-09 20:19:34.967720,1820,103,
BO-S,Bolivia,Santa Cruz,2020-08-09 20:19:34.967720,36924,1312,
BO-T,Bolivia,Tarija,2020-08-09 20:19:34.967720,4629,116,
BR-AC,Brazil,Acre,2020-08-09 20:19:34.967720,21587,561,
BR-AL,Brazil,Alagoas,2020-08-09 20:19:34.967720,67613,1677,
BR-AP,Brazil,Amapa,2020-08-09 20:19:34.967720,38208,602,
BR-AM,Brazil,Amazonas,2020-08-09 20:19:34.967720,106950,3359,
BR-BA,Brazil,Bahia,2020-08-09 20:19:34.967720,193029,3953,
BR-CE,Brazil,Ceara,2020-08-09 20:19:34.967720,188542,7954,
BR-DF,Brazil,Distrito Federal,2020-08-09 20:19:34.967720,123057,1731,
BR-ES,Brazil,Espiritu Santo,2020-08-09 20:19:34.967720,91791,2735,
BR-GO,Brazil,Goias,2020-08-09 20:19:34.967720,85071,2020,
BR-MA,Brazil,Maranhao,2020-08-09 20:19:34.967720,130136,3169,
BR-MT,Brazil,Mato Grosso,2020-08-09 20:19:34.967720,63416,2090,
BR-MS,Brazil,Mato Grosso do Sul,2020-08-09 20:19:34.967720,31344,509,
BR-MG,Brazil,Minas Gerais,2020-08-09 20:19:34.967720,153927,3537,
BR-PA,Brazil,Para,2020-08-09 20:19:34.967720,167642,5885,
BR-PB,Brazil,Paraiba,2020-08-09 20:19:34.967720,90082,2000,
BR-PR,Brazil,Parana,2020-08-09 20:19:34.967720,89966,2345,
BR-PE,Brazil,Pernambuco,2020-08-09 20:19:34.967720,105134,6941,
BR-PI,Brazil,Piaui,2020-08-09 20:19:34.967720,59982,1480,
BR-RJ,Brazil,Rio de Janeiro,2020-08-09 20:19:34.967720,178850,14080,
BR-RN,Brazil,Rio Grande do Norte,2020-08-09 20:19:34.967720,55290,1972,
BR-RS,Brazil,Rio Grande do Sul,2020-08-09 20:19:34.967720,83991,2360,
BR-RO,Brazil,Rondonia,2020-08-09 20:19:34.967720,44010,943,
BR-RR,Brazil,Roraima,2020-08-09 20:19:34.967720,36387,547,
BR-SC,Brazil,Santa Catarina,2020-08-09 20:19:34.967720,105935,1445,
BR-SP,Brazil,Sao Paulo,2020-08-09 20:19:34.967720,627126,25114,
BR-SE,Brazil,Sergipe,2020-08-09 20:19:34.967720,64693,1589,
BR-TO,Brazil,Tocantins,2020-08-09 20:19:34.967720,31663,451,
CL-AN,Chile,Antofagasta,2020-08-09T16:49:48,16005,378,14431
CL-AR,Chile,Araucania,2020-08-09T16:49:48,4397,83,4030
CL-AP,Chile,Arica y Parinacota,2020-08-09T16:49:48,5138,77,4317
CL-AT,Chile,Atacama,2020-08-09T16:49:48,3564,19,2734
CL-AI,Chile,Aysen,2020-08-09T16:49:48,94,1,76
CL-BI,Chile,Biobio,2020-08-09T16:49:48,12891,139,11201
CL-CO,Chile,Coquimbo,2020-08-09T16:49:48,7312,84,6285
CL-LL,Chile,Los Lagos,2020-08-09T16:49:48,4932,54,3839
CL-LR,Chile,Los Rios,2020-08-09T16:49:48,955,15,883
CL-MA,Chile,Magallanes,2020-08-09T16:49:48,2018,30,1733
CL-ML,Chile,Maule,2020-08-09T16:49:48,9852,203,8808
CL-NB,Chile,Nuble,2020-08-09T16:49:48,3784,69,3455
CL-LI,Chile,O'Higgins,2020-08-09T16:49:48,11540,270,10350
CL-RM,Chile,Santiago,2020-08-09T16:49:48,262056,7909,248027
CL-TA,Chile,Tarapaca,2020-08-09T16:49:48,9367,181,8495
CL-VS,Chile,Valparaiso,2020-08-09T16:49:48,19090,564,17102
CO-AMA,Colombia,Amazonas,2020-08-09 20:19:34.967720,0,0,
CO-ANT,Colombia,Antioquia,2020-08-09 20:19:34.967720,0,0,
CO-ARA,Colombia,Arauca,2020-08-09 20:19:34.967720,0,0,
CO-ATL,Colombia,Atlantico,2020-08-09 20:19:34.967720,0,0,
CO-DC,Colombia,Bogota,2020-08-09 20:19:34.967720,0,0,
CO-BOL,Colombia,Bolivar,2020-08-09 20:19:34.967720,0,0,
CO-BOY,Colombia,Boyaca,2020-08-09 20:19:34.967720,0,0,
CO-CAL,Colombia,Caldas,2020-08-09 20:19:34.967720,0,0,
CO-CAQ,Colombia,Caqueta,2020-08-09 20:19:34.967720,0,0,
CO-CAS,Colombia,Casanare,2020-08-09 20:19:34.967720,0,0,
CO-CAU,Colombia,Cauca,2020-08-09 20:19:34.967720,0,0,
CO-CES,Colombia,Cesar,2020-08-09 20:19:34.967720,0,0,
CO-COR,Colombia,Choco,2020-08-09 20:19:34.967720,0,0,
CO-CUN,Colombia,Cordoba,2020-08-09 20:19:34.967720,0,0,
CO-CHO,Colombia,Cundinamarca,2020-08-09 20:19:34.967720,0,0,
CO-GUA,Colombia,Guainia,2020-08-09 20:19:34.967720,0,0,
CO-GUV,Colombia,Guaviare,2020-08-09 20:19:34.967720,0,0,
CO-HUI,Colombia,Huila,2020-08-09 20:19:34.967720,0,0,
CO-LAG,Colombia,La Guajira,2020-08-09 20:19:34.967720,0,0,
CO-MAG,Colombia,Magdalena,2020-08-09 20:19:34.967720,0,0,
CO-MET,Colombia,Meta,2020-08-09 20:19:34.967720,0,0,
CO-NAR,Colombia,Narino,2020-08-09 20:19:34.967720,0,0,
CO-NSA,Colombia,Norte de Santander,2020-08-09 20:19:34.967720,0,0,
CO-PUT,Colombia,Putumayo,2020-08-09 20:19:34.967720,0,0,
CO-QUI,Colombia,Quindio,2020-08-09 20:19:34.967720,0,0,
CO-RIS,Colombia,Risaralda,2020-08-09 20:19:34.967720,0,0,
CO-SAP,Colombia,San Andres y Providencia,2020-08-09 20:19:34.967720,0,0,
CO-SAN,Colombia,Santander,2020-08-09 20:19:34.967720,0,0,
CO-SUC,Colombia,Sucre,2020-08-09 20:19:34.967720,0,0,
CO-TOL,Colombia,Tolima,2020-08-09 20:19:34.967720,0,0,
CO-VAC,Colombia,Valle del Cauca,2020-08-09 20:19:34.967720,0,0,
CO-VAU,Colombia,Vaupes,2020-08-09 20:19:34.967720,0,0,
CO-VID,Colombia,Vichada,2020-08-09 20:19:34.967720,0,0,
CR-A,Costa Rica,Alajuela,,,,
CR-C,Costa Rica,Cartago,,,,
CR-G,Costa Rica,Guanacaste,,,,
CR-H,Costa Rica,Heredia,,,,
CR-L,Costa Rica,Limon,,,,
CR-P,Costa Rica,Puntarenas,,,,
CR-SJ,Costa Rica,San Jose,,,,
CU-15,Cuba,Artemisa,2020-08-09 20:19:34.967720,0,0,
CU-09,Cuba,Camagüey,2020-08-09 20:19:34.967720,0,0,
CU-08,Cuba,Ciego de Ávila,2020-08-09 20:19:34.967720,0,0,
CU-06,Cuba,Cienfuegos,2020-08-09 20:19:34.967720,0,0,
CU-12,Cuba,Granma,2020-08-09 20:19:34.967720,0,0,
CU-14,Cuba,Guantánamo,2020-08-09 20:19:34.967720,0,0,
CU-11,Cuba,Holguín,2020-08-09 20:19:34.967720,0,0,
CU-99,Cuba,Isla de la Juventud,2020-08-09 20:19:34.967720,0,0,
CU-03,Cuba,La Habana,2020-08-09 20:19:34.967720,0,0,
CU-10,Cuba,Las Tunas,2020-08-09 20:19:34.967720,0,0,
CU-04,Cuba,Matanzas,2020-08-09 20:19:34.967720,0,0,
CU-16,Cuba,Mayabeque,2020-08-09 20:19:34.967720,0,0,
CU-01,Cuba,Pinar del Río,2020-08-09 20:19:34.967720,0,0,
CU-07,Cuba,Sancti Spíritus,2020-08-09 20:19:34.967720,0,0,
CU-13,Cuba,Santiago de Cuba,2020-08-09 20:19:34.967720,0,0,
CU-05,Cuba,Villa Clara,2020-08-09 20:19:34.967720,0,0,
DO-02,Dominican Republic,Azua,,,,
DO-03,Dominican Republic,Baoruco,,,,
DO-04,Dominican Republic,Barahona,,,,
DO-05,Dominican Republic,Dajabon,,,,
DO-06,Dominican Republic,Distrito Nacional,,,,
DO-08,Dominican Republic,Duarte,,,,
DO-09,Dominican Republic,El Seibo,,,,
DO-30,Dominican Republic,Elias Pina,,,,
DO-10,Dominican Republic,Espaillat,,,,
DO-11,Dominican Republic,Hato Mayor,,,,
DO-07,Dominican Republic,Hermanas Mirabal,,,,
DO-12,Dominican Republic,Independencia,,,,
DO-13,Dominican Republic,La Altagracia,,,,
DO-14,Dominican Republic,La Romana,,,,
DO-28,Dominican Republic,La Vega,,,,
DO-15,Dominican Republic,Maria Trinidad Sanchez,,,,
DO-29,Dominican Republic,Monsenor Nouel,,,,
DO-16,Dominican Republic,Monte Cristi,,,,
DO-17,Dominican Republic,Monte Plata,,,,
DO-18,Dominican Republic,Pedernales,,,,
DO-19,Dominican Republic,Peravia,,,,
DO-20,Dominican Republic,Puerto Plata,,,,
DO-21,Dominican Republic,Samana,,,,
DO-31,Dominican Republic,San Cristobal,,,,
DO-22,Dominican Republic,San Jose de Ocoa,,,,
DO-23,Dominican Republic,San Juan,,,,
DO-24,Dominican Republic,San Pedro de Macoris,,,,
DO-25,Dominican Republic,Sanchez Ramirez,,,,
DO-26,Dominican Republic,Santiago,,,,
DO-32,Dominican Republic,Santiago Rodriguez,,,,
DO-01,Dominican Republic,Santo Domingo,,,,
DO-27,Dominican Republic,Valverde,,,,
EC-A,Ecuador,Azuay,2020-08-09 20:19:34.967720,0,0,
EC-B,Ecuador,Bolivar,2020-08-09 20:19:34.967720,0,0,
EC-F,Ecuador,Canar,2020-08-09 20:19:34.967720,0,0,
EC-C,Ecuador,Carchi,2020-08-09 20:19:34.967720,0,0,
EC-H,Ecuador,Chimborazo,2020-08-09 20:19:34.967720,0,0,
EC-X,Ecuador,Cotopaxi,2020-08-09 20:19:34.967720,0,0,
EC-O,Ecuador,El Oro,2020-08-09 20:19:34.967720,0,0,
EC-E,Ecuador,Esmeraldas,2020-08-09 20:19:34.967720,0,0,
EC-W,Ecuador,Galapagos,2020-08-09 20:19:34.967720,0,0,
EC-G,Ecuador,Guayas,2020-08-09 20:19:34.967720,0,0,
EC-I,Ecuador,Imbabura,2020-08-09 20:19:34.967720,0,0,
EC-L,Ecuador,Loja,2020-08-09 20:19:34.967720,0,0,
EC-R,Ecuador,Los Rios,2020-08-09 20:19:34.967720,0,0,
EC-M,Ecuador,Manabi,2020-08-09 20:19:34.967720,0,0,
EC-S,Ecuador,Morona Santiago,2020-08-09 20:19:34.967720,0,0,
EC-N,Ecuador,Napo,2020-08-09 20:19:34.967720,0,0,
EC-D,Ecuador,Orellana,2020-08-09 20:19:34.967720,0,0,
EC-Y,Ecuador,Pastaza,2020-08-09 20:19:34.967720,0,0,
EC-P,Ecuador,Pichincha,2020-08-09 20:19:34.967720,0,0,
EC-SE,Ecuador,Santa Elena,2020-08-09 20:19:34.967720,0,0,
EC-SD,Ecuador,Santo Domingo de los Tsachilas,2020-08-09 20:19:34.967720,0,0,
EC-U,Ecuador,Sucumbios,2020-08-09 20:19:34.967720,0,0,
EC-T,Ecuador,Tungurahua,2020-08-09 20:19:34.967720,0,0,
EC-Z,Ecuador,Zamora-Chinchipe,2020-08-09 20:19:34.967720,0,0,
SV-AH,El Salvador,Ahuachapan,,,,
SV-CA,El Salvador,Cabanas,,,,
SV-CH,El Salvador,Chalatenango,,,,
SV-CU,El Salvador,Cuscatlan,,,,
SV-LI,El Salvador,La Libertad,,,,
SV-PA,El Salvador,La Paz,,,,
SV-UN,El Salvador,La Unión,,,,
SV-MO,El Salvador,Morazan,,,,
SV-SM,El Salvador,San Miguel,,,,
SV-SS,El Salvador,San Salvador,,,,
SV-SV,El Salvador,San Vicente,,,,
SV-SA,El Salvador,Santa Ana,,,,
SV-SO,El Salvador,Sonsonate,,,,
SV-US,El Salvador,Usulutan,,,,
FR-GP,France,Guadeloupe,,,,
FR-GF,France,Guyane,,,,
FR-MQ,France,Martinique,,,,
FR-BL,France,Saint-Barthélemy,,,,
FR-MF,France,Saint-Martin,,,,
FR-PM,France,Saint-Pierre-et-Miquelon,,,,
GT-AV,Guatemala,Alta Verapaz,,,,
GT-BV,Guatemala,Baja Verapaz,,,,
GT-CM,Guatemala,Chimaltenango,,,,
GT-CQ,Guatemala,Chiquimula,,,,
GT-PR,Guatemala,El Progreso,,,,
GT-ES,Guatemala,Escuintla,,,,
GT-GU,Guatemala,Guatemala,,,,
GT-HU,Guatemala,Huehuetenango,,,,
GT-IZ,Guatemala,Izabal,,,,
GT-JA,Guatemala,Jalapa,,,,
GT-JU,Guatemala,Jutiapa,,,,
GT-PE,Guatemala,Petén,,,,
GT-QZ,Guatemala,Quetzaltenango,,,,
GT-QC,Guatemala,Quiché,,,,
GT-RE,Guatemala,Retalhuleu,,,,
GT-SA,Guatemala,Sacatepéquez,,,,
GT-SM,Guatemala,San Marcos,,,,
GT-SR,Guatemala,Santa Rosa,,,,
GT-SO,Guatemala,Sololá,,,,
GT-SU,Guatemala,Suchitepéquez,,,,
GT-TO,Guatemala,Totonicapán,,,,
GT-ZA,Guatemala,Zacapa,,,,
HT-AR,Haiti,Artibonite,,,,
HT-CE,Haiti,Centre,,,,
HT-GA,Haiti,Grande’Anse,,,,
HT-NI,Haiti,Nippes,,,,
HT-ND,Haiti,Nord,,,,
HT-NE,Haiti,Nord-Est,,,,
HT-NO,Haiti,Nord-Ouest,,,,
HT-OU,Haiti,Ouest,,,,
HT-SD,Haiti,Sud,,,,
HT-SE,Haiti,Sud-Est,,,,
HN-AT,Honduras,Atlantida,2020-08-10T14:43:22,2248,43,347
HN-CH,Honduras,Choluteca,2020-08-10T14:43:22,1452,50,122
HN-CL,Honduras,Colon,2020-08-10T14:43:22,1335,52,236
HN-CM,Honduras,Comayagua,2020-08-10T14:43:22,936,48,71
HN-CP,Honduras,Copan,2020-08-10T14:43:22,455,24,76
HN-CR,Honduras,Cortes,2020-08-10T14:43:22,16629,565,3245
HN-EP,Honduras,El Paraiso,2020-08-10T14:43:22,1297,53,101
HN-FM,Honduras,Francisco Morazan,2020-08-10T14:43:22,15534,483,1423
HN-GD,Honduras,Gracias a Dios,2020-08-10T14:43:22,557,13,12
HN-IN,Honduras,Intibuca,2020-08-10T14:43:22,408,11,69
HN-IB,Honduras,Islas de la Bahia,2020-08-10T14:43:22,230,3,93
HN-LP,Honduras,La Paz,2020-08-10T14:43:22,543,17,58
HN-LE,Honduras,Lempira,2020-08-10T14:43:22,162,6,26
HN-OC,Honduras,Ocotepeque,2020-08-10T14:43:22,306,7,73
HN-OL,Honduras,Olancho,2020-08-10T14:43:22,785,45,62
HN-SB,Honduras,Santa Barbara,2020-08-10T14:43:22,870,32,124
HN-VA,Honduras,Valle,2020-08-10T14:43:22,1225,21,124
HN-YO,Honduras,Yoro,2020-08-10T14:43:22,2482,22,336
MX-AGU,Mexico,Aguascalientes,2020-08-10T01:57:32,4591,284,
MX-BCN,Mexico,Baja California,2020-08-10T01:57:32,14385,2774,
MX-BCS,Mexico,Baja California Sur,2020-08-10T01:57:32,5451,214,
MX-CAM,Mexico,Campeche,2020-08-10T01:57:32,5112,603,
MX-CHP,Mexico,Chiapas,2020-08-10T01:57:32,5713,946,
MX-CHH,Mexico,Chihuahua,2020-08-10T01:57:32,5996,964,
MX-CMX,Mexico,Ciudad de Mexico,2020-08-10T01:57:32,97308,9407,
MX-COA,Mexico,Coahuila,2020-08-10T01:57:32,15580,873,
MX-COL,Mexico,Colima,2020-08-10T01:57:32,2337,272,
MX-DUR,Mexico,Durango,2020-08-10T01:57:32,4769,334,
MX-GUA,Mexico,Guanajuato,2020-08-10T01:57:32,24224,1199,
MX-GRO,Mexico,Guerrero,2020-08-10T01:57:32,12075,1452,
MX-HID,Mexico,Hidalgo,2020-08-10T01:57:32,7645,1203,
MX-JAL,Mexico,Jalisco,2020-08-10T01:57:32,15051,1772,
MX-MIC,Mexico,Michoacan,2020-08-10T01:57:32,11259,848,
MX-MOR,Mexico,Morelos,2020-08-10T01:57:32,4213,872,
MX-MEX,Mexico,Mexico,2020-08-10T01:57:32,41133,6928,
MX-NAY,Mexico,Nayarit,2020-08-10T01:57:32,3886,444,
MX-NLE,Mexico,Nuevo Leon,2020-08-10T01:57:32,21734,1434,
MX-OAX,Mexico,Oaxaca,2020-08-10T01:57:32,11498,1036,
MX-PUE,Mexico,Puebla,2020-08-10T01:57:32,22732,2806,
MX-QUE,Mexico,Queretaro,2020-08-10T01:57:32,4526,545,
MX-ROO,Mexico,Quintana Roo,2020-08-10T01:57:32,8627,1107,
MX-SLP,Mexico,San Luis Potosi,2020-08-10T01:57:32,12151,675,
MX-SIN,Mexico,Sinaloa,2020-08-10T01:57:32,13758,2390,
MX-SON,Mexico,Sonora,2020-08-10T01:57:32,19119,2295,
MX-TAB,Mexico,Tabasco,2020-08-10T01:57:32,24523,2200,
MX-TAM,Mexico,Tamaulipas,2020-08-10T01:57:32,17949,1312,
MX-TLA,Mexico,Tlaxcala,2020-08-10T01:57:32,4661,740,
MX-VER,Mexico,Veracruz,2020-08-10T01:57:32,23313,3021,
MX-YUC,Mexico,Yucatan,2020-08-10T01:57:32,11578,1025,
MX-ZAC,Mexico,Zacatecas,2020-08-10T01:57:32,3381,323,
NI-BO,Nicaragua,Boaco,,,,
NI-CA,Nicaragua,Carazo,,,,
NI-CI,Nicaragua,Chinandega,,,,
NI-CO,Nicaragua,Chontales,,,,
NI-ES,Nicaragua,Estelí,,,,
NI-GR,Nicaragua,Granada,,,,
NI-JI,Nicaragua,Jinotega,,,,
NI-LE,Nicaragua,León,,,,
NI-MD,Nicaragua,Madriz,,,,
NI-MN,Nicaragua,Managua,,,,
NI-MS,Nicaragua,Masaya,,,,
NI-MT,Nicaragua,Matagalpa,,,,
NI-AN,Nicaragua,NCCAR,,,,
NI-NS,Nicaragua,Nueva Segovia,,,,
NI-RI,Nicaragua,Rio San Juan,,,,
NI-SJ,Nicaragua,Rivas,,,,
NI-AS,Nicaragua,SCCAR,,,,
PA-1,Panama,Bocas del Toro,,,,
PA-4,Panama,Chiriqui,,,,
PA-2,Panama,Cocle,,,,
PA-3,Panama,Colon,,,,
PA-5,Panama,Darien,,,,
PA-EM,Panama,Embera,,,,
PA-KY,Panama,Guna Yala,,,,
PA-6,Panama,Herrera,,,,
PA-7,Panama,Los Santos,,,,
PA-NB,Panama,Ngabe-Bugle,,,,
PA-8,Panama,Panama,,,,
PA-10,Panama,Panama Oeste,,,,
PA-9,Panama,Veraguas,,,,
PY-16,Paraguay,Alto Paraguay,,,,
PY-10,Paraguay,Alto Parana,,,,
PY-13,Paraguay,Amambay,,,,
PY-19,Paraguay,Boqueron,,,,
PY-5,Paraguay,Caaguazu,,,,
PY-6,Paraguay,Caazapa,,,,
PY-14,Paraguay,Canindeyu,,,,
PY-11,Paraguay,Central,,,,
PY-1,Paraguay,Concepcion,,,,
PY-3,Paraguay,Cordillera,,,,
PY-ASU,Paraguay,Distrito Capital,,,,
PY-4,Paraguay,Guaira,,,,
PY-7,Paraguay,Itapua,,,,
PY-8,Paraguay,Misiones,,,,
PY-12,Paraguay,Neembucu,,,,
PY-9,Paraguay,Paraguari,,,,
PY-15,Paraguay,Presidente Hayes,,,,
PY-2,Paraguay,San Pedro,,,,
PE-AMA,Peru,Amazonas,2020-08-09 20:19:34.967720,0,0,
PE-ANC,Peru,Ancash,2020-08-09 20:19:34.967720,0,0,
PE-APU,Peru,Apurimac,2020-08-09 20:19:34.967720,0,0,
PE-ARE,Peru,Arequipa,2020-08-09 20:19:34.967720,0,0,
PE-AYA,Peru,Ayacucho,2020-08-09 20:19:34.967720,0,0,
PE-CAJ,Peru,Cajamarca,2020-08-09 20:19:34.967720,0,0,
PE-CAL,Peru,Callao,2020-08-09 20:19:34.967720,0,0,
PE-CUS,Peru,Cusco,2020-08-09 20:19:34.967720,0,0,
PE-HUV,Peru,Huancavelica,2020-08-09 20:19:34.967720,0,0,
PE-HUC,Peru,Huanuco,2020-08-09 20:19:34.967720,0,0,
PE-ICA,Peru,Ica,2020-08-09 20:19:34.967720,0,0,
PE-JUN,Peru,Junin,2020-08-09 20:19:34.967720,0,0,
PE-LAL,Peru,La Libertad,2020-08-09 20:19:34.967720,0,0,
PE-LAM,Peru,Lambayeque,2020-08-09 20:19:34.967720,0,0,
PE-LIM,Peru,Lima,2020-08-09 20:19:34.967720,0,0,
PE-LOR,Peru,Loreto,2020-08-09 20:19:34.967720,0,0,
PE-MDD,Peru,Madre de dios,2020-08-09 20:19:34.967720,0,0,
PE-MOQ,Peru,Moquegua,2020-08-09 20:19:34.967720,0,0,
PE-PAS,Peru,Pasco,2020-08-09 20:19:34.967720,0,0,
PE-PIU,Peru,Piura,2020-08-09 20:19:34.967720,0,0,
PE-PUN,Peru,Puno,2020-08-09 20:19:34.967720,0,0,
PE-SAM,Peru,San Martin,2020-08-09 20:19:34.967720,0,0,
PE-TAC,Peru,Tacna,2020-08-09 20:19:34.967720,0,0,
PE-TUM,Peru,Tumbes,2020-08-09 20:19:34.967720,0,0,
PE-UCA,Peru,Ucayali,2020-08-09 20:19:34.967720,0,0,
US-PR,United States,Puerto Rico,,,,
UY-AR,Uruguay,Artigas,,,,
UY-CA,Uruguay,Canelones,,,,
UY-CL,Uruguay,Cerro Largo,,,,
UY-CO,Uruguay,Colonia,,,,
UY-DU,Uruguay,Durazno,,,,
UY-FS,Uruguay,Flores,,,,
UY-FD,Uruguay,Florida,,,,
UY-LA,Uruguay,Lavalleja,,,,
UY-MA,Uruguay,Maldonado,,,,
UY-MO,Uruguay,Montevideo,,,,
UY-PA,Uruguay,Paysandu,,,,
UY-RN,Uruguay,Rio Negro,,,,
UY-RV,Uruguay,Rivera,,,,
UY-RO,Uruguay,Rocha,,,,
UY-SA,Uruguay,Salto,,,,
UY-SJ,Uruguay,San Jose,,,,
UY-SO,Uruguay,Soriano,,,,
UY-TA,Uruguay,Tacuarembo,,,,
UY-TT,Uruguay,Treinta y Tres,,,,
VE-Z,Venezuela,Amazonas,,,,
VE-B,Venezuela,Anzoategui,,,,
VE-C,Venezuela,Apure,,,,
VE-D,Venezuela,Aragua,,,,
VE-E,Venezuela,Barinas,,,,
VE-F,Venezuela,Bolivar,,,,
VE-G,Venezuela,Carabobo,,,,
VE-A,Venezuela,Caracas Distrito Capital,,,,
VE-H,Venezuela,Cojedes,,,,
VE-Y,Venezuela,Delta Amacuro,,,,
VE-W,Venezuela,Dependencias Federales,,,,
VE-I,Venezuela,Falcon,,,,
VE-J,Venezuela,Guarico,,,,
VE-K,Venezuela,Lara,,,,
VE-L,Venezuela,Merida,,,,
VE-M,Venezuela,Miranda,,,,
VE-N,Venezuela,Monagas,,,,
VE-O,Venezuela,Nueva Esparta,,,,
VE-P,Venezuela,Portuguesa,,,,
VE-R,Venezuela,Sucre,,,,
VE-S,Venezuela,Tachira,,,,
VE-T,Venezuela,Trujillo,,,,
VE-X,Venezuela,Vargas,,,,
VE-U,Venezuela,Yaracuy,,,,
VE-V,Venezuela,Zulia,,,,
