ISO 3166-2 Code,Country,Subdivision,Last Update,Confirmed,Deaths,Recovered
AR-B,Argentina,Buenos Aires,,,,
AR-K,Argentina,Catamarca,,,,
AR-H,Argentina,Chaco,,,,
AR-U,Argentina,Chubut,,,,
AR-C,Argentina,Ciudad Autonoma de Buenos Aires,,,,
AR-X,Argentina,Cordoba,,,,
AR-W,Argentina,Corrientes,,,,
AR-E,Argentina,Entre Rios,,,,
AR-P,Argentina,Formosa,,,,
AR-Y,Argentina,Jujuy,,,,
AR-L,Argentina,La Pampa,,,,
AR-F,Argentina,La Rioja,,,,
AR-M,Argentina,Mendoza,,,,
AR-N,Argentina,Misiones,,,,
AR-Q,Argentina,Neuquen,,,,
AR-R,Argentina,Rio Negro,,,,
AR-A,Argentina,Salta,,,,
AR-J,Argentina,San Juan,,,,
AR-D,Argentina,San Luis,,,,
AR-Z,Argentina,Santa Cruz,,,,
AR-S,Argentina,Santa Fe,,,,
AR-G,Argentina,Santiago del Estero,,,,
AR-V,Argentina,Tierra del Fuego,,,,
AR-T,Argentina,Tucuman,,,,
BO-B,Bolivia,Beni,2020-07-20 17:11:54.771032,4203,233,
BO-H,Bolivia,Chuquisaca,2020-07-20 17:11:54.771032,811,38,
BO-C,Bolivia,Cochabamba,2020-07-20 17:11:54.771032,3836,233,
BO-L,Bolivia,La Paz,2020-07-20 17:11:54.771032,3397,93,
BO-O,Bolivia,Oruro,2020-07-20 17:11:54.771032,1093,77,
BO-N,Bolivia,Pando,2020-07-20 17:11:54.771032,713,47,
BO-P,Bolivia,Potosi,2020-07-20 17:11:54.771032,720,22,
BO-S,Bolivia,Santa Cruz,2020-07-20 17:11:54.771032,19991,506,
BO-T,Bolivia,Tarija,2020-07-20 17:11:54.771032,764,22,
BR-AC,Brazil,Acre,2020-07-20 17:11:54.771032,14048,378,
BR-AL,Brazil,Alagoas,2020-07-20 17:11:54.771032,37328,1091,
BR-AP,Brazil,Amapa,2020-07-20 17:11:54.771032,29153,427,
BR-AM,Brazil,Amazonas,2020-07-20 17:11:54.771032,73530,2862,
BR-BA,Brazil,Bahia,2020-07-20 17:11:54.771032,79349,1947,
BR-CE,Brazil,Ceara,2020-07-20 17:11:54.771032,115524,6284,
BR-DF,Brazil,Distrito Federal,2020-07-20 17:11:54.771032,52281,631,
BR-ES,Brazil,Espiritu Santo,2020-07-20 17:11:54.771032,50240,1728,
BR-GO,Brazil,Goias,2020-07-20 17:11:54.771032,26263,545,
BR-MA,Brazil,Maranhao,2020-07-20 17:11:54.771032,86025,2119,
BR-MT,Brazil,Mato Grosso,2020-07-20 17:11:54.771032,17727,674,
BR-MS,Brazil,Mato Grosso do Sul,2020-07-20 17:11:54.771032,9062,91,
BR-MG,Brazil,Minas Gerais,2020-07-20 17:11:54.771032,50707,1059,
BR-PA,Brazil,Para,2020-07-20 17:11:54.771032,108067,5004,
BR-PB,Brazil,Paraiba,2020-07-20 17:11:54.771032,49536,1044,
BR-PR,Brazil,Parana,2020-07-20 17:11:54.771032,26304,706,
BR-PE,Brazil,Pernambuco,2020-07-20 17:11:54.771032,61119,4968,
BR-PI,Brazil,Piaui,2020-07-20 17:11:54.771032,23307,697,
BR-RJ,Brazil,Rio de Janeiro,2020-07-20 17:11:54.771032,116823,10332,
BR-RN,Brazil,Rio Grande do Norte,2020-07-20 17:11:54.771032,32897,1103,
BR-RS,Brazil,Rio Grande do Sul,2020-07-20 17:11:54.771032,29195,663,
BR-RO,Brazil,Rondonia,2020-07-20 17:11:54.771032,21970,530,
BR-RR,Brazil,Roraima,2020-07-20 17:11:54.771032,17583,354,
BR-SC,Brazil,Santa Catarina,2020-07-20 17:11:54.771032,28575,362,
BR-SP,Brazil,Sao Paulo,2020-07-20 17:11:54.771032,302179,15351,
BR-SE,Brazil,Sergipe,2020-07-20 17:11:54.771032,26612,725,
BR-TO,Brazil,Tocantins,2020-07-20 17:11:54.771032,11454,209,
CL-AN,Chile,Antofagasta,2020-07-02T16:07:32,9285,163,7446
CL-AR,Chile,Araucania,2020-07-02T16:07:32,3267,41,2995
CL-AP,Chile,Arica y Parinacota,2020-07-02T16:07:32,1832,21,1410
CL-AT,Chile,Atacama,2020-07-02T16:07:32,1135,2,792
CL-AI,Chile,Aysen,2020-07-02T16:07:32,46,0,29
CL-BI,Chile,Biobio,2020-07-02T16:07:32,6951,58,5170
CL-CO,Chile,Coquimbo,2020-07-02T16:07:32,3170,24,2503
CL-LL,Chile,Los Lagos,2020-07-02T16:07:32,1734,21,1427
CL-LR,Chile,Los Rios,2020-07-02T16:07:32,708,10,613
CL-MA,Chile,Magallanes,2020-07-02T16:07:32,1465,15,1328
CL-ML,Chile,Maule,2020-07-02T16:07:32,5820,53,4526
CL-NB,Chile,Nuble,2020-07-02T16:07:32,2447,33,2150
CL-LI,Chile,O'Higgins,2020-07-02T16:07:32,6445,77,4390
CL-RM,Chile,Santiago,2020-07-02T16:07:32,221820,5055,199049
CL-TA,Chile,Tarapaca,2020-07-02T16:07:32,6215,95,5377
CL-VS,Chile,Valparaiso,2020-07-02T16:07:32,12201,252,10045
CO-AMA,Colombia,Amazonas,2020-07-20 17:11:54.771032,2325,0,
CO-ANT,Colombia,Antioquia,2020-07-20 17:11:54.771032,4978,49,
CO-ARA,Colombia,Arauca,2020-07-20 17:11:54.771032,82,0,
CO-ATL,Colombia,Atlantico,2020-07-20 17:11:54.771032,25183,1661,
CO-DC,Colombia,Bogota,2020-07-20 17:11:54.771032,32728,838,
CO-BOL,Colombia,Bolivar,2020-07-20 17:11:54.771032,9647,414,
CO-BOY,Colombia,Boyaca,2020-07-20 17:11:54.771032,398,13,
CO-CAL,Colombia,Caldas,2020-07-20 17:11:54.771032,267,0,
CO-CAQ,Colombia,Caqueta,2020-07-20 17:11:54.771032,43,0,
CO-CAS,Colombia,Casanare,2020-07-20 17:11:54.771032,70,0,
CO-CAU,Colombia,Cauca,2020-07-20 17:11:54.771032,1991,126,
CO-CES,Colombia,Cesar,2020-07-20 17:11:54.771032,1075,0,
CO-COR,Colombia,Choco,2020-07-20 17:11:54.771032,1742,62,
CO-CUN,Colombia,Cordoba,2020-07-20 17:11:54.771032,894,103,
CO-CHO,Colombia,Cundinamarca,2020-07-20 17:11:54.771032,2996,0,
CO-GUA,Colombia,Guainia,2020-07-20 17:11:54.771032,0,0,
CO-GUV,Colombia,Guaviare,2020-07-20 17:11:54.771032,0,0,
CO-HUI,Colombia,Huila,2020-07-20 17:11:54.771032,364,0,
CO-LAG,Colombia,La Guajira,2020-07-20 17:11:54.771032,539,42,
CO-MAG,Colombia,Magdalena,2020-07-20 17:11:54.771032,1989,192,
CO-MET,Colombia,Meta,2020-07-20 17:11:54.771032,1294,0,
CO-NAR,Colombia,Narino,2020-07-20 17:11:54.771032,3575,124,
CO-NSA,Colombia,Norte de Santander,2020-07-20 17:11:54.771032,1157,43,
CO-PUT,Colombia,Putumayo,2020-07-20 17:11:54.771032,29,8,
CO-QUI,Colombia,Quindio,2020-07-20 17:11:54.771032,168,0,
CO-RIS,Colombia,Risaralda,2020-07-20 17:11:54.771032,563,0,
CO-SAP,Colombia,San Andres y Providencia,2020-07-20 17:11:54.771032,28,0,
CO-SAN,Colombia,Santander,2020-07-20 17:11:54.771032,0,0,
CO-SUC,Colombia,Sucre,2020-07-20 17:11:54.771032,1489,123,
CO-TOL,Colombia,Tolima,2020-07-20 17:11:54.771032,1035,24,
CO-VAC,Colombia,Valle del Cauca,2020-07-20 17:11:54.771032,9379,356,
CO-VAU,Colombia,Vaupes,2020-07-20 17:11:54.771032,0,0,
CO-VID,Colombia,Vichada,2020-07-20 17:11:54.771032,0,0,
CR-A,Costa Rica,Alajuela,2020-07-20 17:11:54.771032,486,0,
CR-C,Costa Rica,Cartago,2020-07-20 17:11:54.771032,98,0,
CR-G,Costa Rica,Guanacaste,2020-07-20 17:11:54.771032,161,0,
CR-H,Costa Rica,Heredia,2020-07-20 17:11:54.771032,273,0,
CR-L,Costa Rica,Limon,2020-07-20 17:11:54.771032,71,0,
CR-P,Costa Rica,Puntarenas,2020-07-20 17:11:54.771032,106,0,
CR-SJ,Costa Rica,San Jose,2020-07-20 17:11:54.771032,1158,0,
CU-15,Cuba,Artemisa,2020-07-20 17:11:54.771032,0,0,
CU-09,Cuba,Camagüey,2020-07-20 17:11:54.771032,0,0,
CU-08,Cuba,Ciego de Ávila,2020-07-20 17:11:54.771032,0,0,
CU-06,Cuba,Cienfuegos,2020-07-20 17:11:54.771032,0,0,
CU-12,Cuba,Granma,2020-07-20 17:11:54.771032,0,0,
CU-14,Cuba,Guantánamo,2020-07-20 17:11:54.771032,0,0,
CU-11,Cuba,Holguín,2020-07-20 17:11:54.771032,0,0,
CU-99,Cuba,Isla de la Juventud,2020-07-20 17:11:54.771032,0,0,
CU-03,Cuba,La Habana,2020-07-20 17:11:54.771032,1313,0,
CU-10,Cuba,Las Tunas,2020-07-20 17:11:54.771032,0,0,
CU-04,Cuba,Matanzas,2020-07-20 17:11:54.771032,0,0,
CU-16,Cuba,Mayabeque,2020-07-20 17:11:54.771032,55,0,
CU-01,Cuba,Pinar del Río,2020-07-20 17:11:54.771032,0,0,
CU-07,Cuba,Sancti Spíritus,2020-07-20 17:11:54.771032,0,0,
CU-13,Cuba,Santiago de Cuba,2020-07-20 17:11:54.771032,0,0,
CU-05,Cuba,Villa Clara,2020-07-20 17:11:54.771032,0,0,
DO-02,Dominican Republic,Azua,,,,
DO-03,Dominican Republic,Baoruco,,,,
DO-04,Dominican Republic,Barahona,,,,
DO-05,Dominican Republic,Dajabon,,,,
DO-06,Dominican Republic,Distrito Nacional,,,,
DO-08,Dominican Republic,Duarte,,,,
DO-09,Dominican Republic,El Seibo,,,,
DO-30,Dominican Republic,Elias Pina,,,,
DO-10,Dominican Republic,Espaillat,,,,
DO-11,Dominican Republic,Hato Mayor,,,,
DO-07,Dominican Republic,Hermanas Mirabal,,,,
DO-12,Dominican Republic,Independencia,,,,
DO-13,Dominican Republic,La Altagracia,,,,
DO-14,Dominican Republic,La Romana,,,,
DO-28,Dominican Republic,La Vega,,,,
DO-15,Dominican Republic,Maria Trinidad Sanchez,,,,
DO-29,Dominican Republic,Monsenor Nouel,,,,
DO-16,Dominican Republic,Monte Cristi,,,,
DO-17,Dominican Republic,Monte Plata,,,,
DO-18,Dominican Republic,Pedernales,,,,
DO-19,Dominican Republic,Peravia,,,,
DO-20,Dominican Republic,Puerto Plata,,,,
DO-21,Dominican Republic,Samana,,,,
DO-31,Dominican Republic,San Cristobal,,,,
DO-22,Dominican Republic,San Jose de Ocoa,,,,
DO-23,Dominican Republic,San Juan,,,,
DO-24,Dominican Republic,San Pedro de Macoris,,,,
DO-25,Dominican Republic,Sanchez Ramirez,,,,
DO-26,Dominican Republic,Santiago,,,,
DO-32,Dominican Republic,Santiago Rodriguez,,,,
DO-01,Dominican Republic,Santo Domingo,,,,
DO-27,Dominican Republic,Valverde,,,,
EC-A,Ecuador,Azuay,2020-07-20 17:11:54.771032,1843,60,
EC-B,Ecuador,Bolivar,2020-07-20 17:11:54.771032,690,37,
EC-F,Ecuador,Canar,2020-07-20 17:11:54.771032,548,45,
EC-C,Ecuador,Carchi,2020-07-20 17:11:54.771032,775,19,
EC-H,Ecuador,Chimborazo,2020-07-20 17:11:54.771032,2156,139,
EC-X,Ecuador,Cotopaxi,2020-07-20 17:11:54.771032,320,17,
EC-O,Ecuador,El Oro,2020-07-20 17:11:54.771032,15973,1600,
EC-E,Ecuador,Esmeraldas,2020-07-20 17:11:54.771032,783,156,
EC-W,Ecuador,Galapagos,2020-07-20 17:11:54.771032,617,40,
EC-G,Ecuador,Guayas,2020-07-20 17:11:54.771032,981,45,
EC-I,Ecuador,Imbabura,2020-07-20 17:11:54.771032,4551,636,
EC-L,Ecuador,Loja,2020-07-20 17:11:54.771032,613,33,
EC-R,Ecuador,Los Rios,2020-07-20 17:11:54.771032,2073,252,
EC-M,Ecuador,Manabi,2020-07-20 17:11:54.771032,8253,527,
EC-S,Ecuador,Morona Santiago,2020-07-20 17:11:54.771032,2320,268,
EC-N,Ecuador,Napo,2020-07-20 17:11:54.771032,849,10,
EC-D,Ecuador,Orellana,2020-07-20 17:11:54.771032,2151,136,
EC-Y,Ecuador,Pastaza,2020-07-20 17:11:54.771032,943,326,
EC-P,Ecuador,Pichincha,2020-07-20 17:11:54.771032,1072,107,
EC-SE,Ecuador,Santa Elena,2020-07-20 17:11:54.771032,430,21,
EC-SD,Ecuador,Santo Domingo de los Tsachilas,2020-07-20 17:11:54.771032,97,1,
EC-U,Ecuador,Sucumbios,2020-07-20 17:11:54.771032,1148,125,
EC-T,Ecuador,Tungurahua,2020-07-20 17:11:54.771032,760,22,
EC-Z,Ecuador,Zamora-Chinchipe,2020-07-20 17:11:54.771032,584,17,
SV-AH,El Salvador,Ahuachapan,,,,
SV-CA,El Salvador,Cabanas,,,,
SV-CH,El Salvador,Chalatenango,,,,
SV-CU,El Salvador,Cuscatlan,,,,
SV-LI,El Salvador,La Libertad,,,,
SV-PA,El Salvador,La Paz,,,,
SV-UN,El Salvador,La Unión,,,,
SV-MO,El Salvador,Morazan,,,,
SV-SM,El Salvador,San Miguel,,,,
SV-SS,El Salvador,San Salvador,,,,
SV-SV,El Salvador,San Vicente,,,,
SV-SA,El Salvador,Santa Ana,,,,
SV-SO,El Salvador,Sonsonate,,,,
SV-US,El Salvador,Usulutan,,,,
FR-GP,France,Guadeloupe,,,,
FR-GF,France,Guyane,,,,
FR-MQ,France,Martinique,,,,
FR-BL,France,Saint-Barthélemy,,,,
FR-MF,France,Saint-Martin,,,,
FR-PM,France,Saint-Pierre-et-Miquelon,,,,
GT-AV,Guatemala,Alta Verapaz,,,,
GT-BV,Guatemala,Baja Verapaz,,,,
GT-CM,Guatemala,Chimaltenango,,,,
GT-CQ,Guatemala,Chiquimula,,,,
GT-PR,Guatemala,El Progreso,,,,
GT-ES,Guatemala,Escuintla,,,,
GT-GU,Guatemala,Guatemala,,,,
GT-HU,Guatemala,Huehuetenango,,,,
GT-IZ,Guatemala,Izabal,,,,
GT-JA,Guatemala,Jalapa,,,,
GT-JU,Guatemala,Jutiapa,,,,
GT-PE,Guatemala,Petén,,,,
GT-QZ,Guatemala,Quetzaltenango,,,,
GT-QC,Guatemala,Quiché,,,,
GT-RE,Guatemala,Retalhuleu,,,,
GT-SA,Guatemala,Sacatepéquez,,,,
GT-SM,Guatemala,San Marcos,,,,
GT-SR,Guatemala,Santa Rosa,,,,
GT-SO,Guatemala,Sololá,,,,
GT-SU,Guatemala,Suchitepéquez,,,,
GT-TO,Guatemala,Totonicapán,,,,
GT-ZA,Guatemala,Zacapa,,,,
HT-AR,Haiti,Artibonite,,,,
HT-CE,Haiti,Centre,,,,
HT-GA,Haiti,Grande’Anse,,,,
HT-NI,Haiti,Nippes,,,,
HT-ND,Haiti,Nord,,,,
HT-NE,Haiti,Nord-Est,,,,
HT-NO,Haiti,Nord-Ouest,,,,
HT-OU,Haiti,Ouest,,,,
HT-SD,Haiti,Sud,,,,
HT-SE,Haiti,Sud-Est,,,,
HN-AT,Honduras,Atlantida,2020-07-03T17:26:30,668,12,129
HN-CH,Honduras,Choluteca,2020-07-03T17:26:30,626,12,51
HN-CL,Honduras,Colon,2020-07-03T17:26:30,223,7,78
HN-CM,Honduras,Comayagua,2020-07-03T17:26:30,160,7,16
HN-CP,Honduras,Copan,2020-07-03T17:26:30,134,2,12
HN-CR,Honduras,Cortes,2020-07-03T17:26:30,9534,314,1319
HN-EP,Honduras,El Paraiso,2020-07-03T17:26:30,188,1,13
HN-FM,Honduras,Francisco Morazan,2020-07-03T17:26:30,7474,197,397
HN-GD,Honduras,Gracias a Dios,2020-07-03T17:26:30,59,0,0
HN-IN,Honduras,Intibuca,2020-07-03T17:26:30,81,3,12
HN-IB,Honduras,Islas de la Bahia,2020-07-03T17:26:30,127,1,3
HN-LP,Honduras,La Paz,2020-07-03T17:26:30,121,3,12
HN-LE,Honduras,Lempira,2020-07-03T17:26:30,37,1,5
HN-OC,Honduras,Ocotepeque,2020-07-03T17:26:30,78,2,12
HN-OL,Honduras,Olancho,2020-07-03T17:26:30,97,1,10
HN-SB,Honduras,Santa Barbara,2020-07-03T17:26:30,423,10,22
HN-VA,Honduras,Valle,2020-07-03T17:26:30,320,5,19
HN-YO,Honduras,Yoro,2020-07-03T17:26:30,770,13,110
MX-AGU,Mexico,Aguascalientes,2020-07-03T01:03:36,2434,154,
MX-BCN,Mexico,Baja California,2020-07-03T01:03:36,9578,2007,
MX-BCS,Mexico,Baja California Sur,2020-07-03T01:03:36,1615,79,
MX-CAM,Mexico,Campeche,2020-07-03T01:03:36,2213,223,
MX-CHP,Mexico,Chiapas,2020-07-03T01:03:36,4519,584,
MX-CHH,Mexico,Chihuahua,2020-07-03T01:03:36,3214,653,
MX-CMX,Mexico,Ciudad de Mexico,2020-07-03T01:03:36,60225,6750,
MX-COA,Mexico,Coahuila,2020-07-03T01:03:36,5292,240,
MX-COL,Mexico,Colima,2020-07-03T01:03:36,619,78,
MX-DUR,Mexico,Durango,2020-07-03T01:03:36,2032,149,
MX-GUA,Mexico,Guanajuato,2020-07-03T01:03:36,8102,390,
MX-GRO,Mexico,Guerrero,2020-07-03T01:03:36,5490,913,
MX-HID,Mexico,Hidalgo,2020-07-03T01:03:36,4002,698,
MX-JAL,Mexico,Jalisco,2020-07-03T01:03:36,7072,762,
MX-MIC,Mexico,Michoacan,2020-07-03T01:03:36,6052,479,
MX-MOR,Mexico,Morelos,2020-07-03T01:03:36,2921,683,
MX-MEX,Mexico,Mexico,2020-07-03T01:03:36,25224,4514,
MX-NAY,Mexico,Nayarit,2020-07-03T01:03:36,1792,209,
MX-NLE,Mexico,Nuevo Leon,2020-07-03T01:03:36,6705,361,
MX-OAX,Mexico,Oaxaca,2020-07-03T01:03:36,5574,601,
MX-PUE,Mexico,Puebla,2020-07-03T01:03:36,11348,1406,
MX-QUE,Mexico,Queretaro,2020-07-03T01:03:36,2168,296,
MX-ROO,Mexico,Quintana Roo,2020-07-03T01:03:36,3926,605,
MX-SLP,Mexico,San Luis Potosi,2020-07-03T01:03:36,3359,161,
MX-SIN,Mexico,Sinaloa,2020-07-03T01:03:36,8627,1356,
MX-SON,Mexico,Sonora,2020-07-03T01:03:36,8139,773,
MX-TAB,Mexico,Tabasco,2020-07-03T01:03:36,11232,1097,
MX-TAM,Mexico,Tamaulipas,2020-07-03T01:03:36,6583,399,
MX-TLA,Mexico,Tlaxcala,2020-07-03T01:03:36,2414,367,
MX-VER,Mexico,Veracruz,2020-07-03T01:03:36,10472,1635,
MX-YUC,Mexico,Yucatan,2020-07-03T01:03:36,4612,466,
MX-ZAC,Mexico,Zacatecas,2020-07-03T01:03:36,956,101,
NI-BO,Nicaragua,Boaco,,,,
NI-CA,Nicaragua,Carazo,,,,
NI-CI,Nicaragua,Chinandega,,,,
NI-CO,Nicaragua,Chontales,,,,
NI-ES,Nicaragua,Estelí,,,,
NI-GR,Nicaragua,Granada,,,,
NI-JI,Nicaragua,Jinotega,,,,
NI-LE,Nicaragua,León,,,,
NI-MD,Nicaragua,Madriz,,,,
NI-MN,Nicaragua,Managua,,,,
NI-MS,Nicaragua,Masaya,,,,
NI-MT,Nicaragua,Matagalpa,,,,
NI-AN,Nicaragua,NCCAR,,,,
NI-NS,Nicaragua,Nueva Segovia,,,,
NI-RI,Nicaragua,Rio San Juan,,,,
NI-SJ,Nicaragua,Rivas,,,,
NI-AS,Nicaragua,SCCAR,,,,
PA-1,Panama,Bocas del Toro,,,,
PA-4,Panama,Chiriqui,,,,
PA-2,Panama,Cocle,,,,
PA-3,Panama,Colon,,,,
PA-5,Panama,Darien,,,,
PA-EM,Panama,Embera,,,,
PA-KY,Panama,Guna Yala,,,,
PA-6,Panama,Herrera,,,,
PA-7,Panama,Los Santos,,,,
PA-NB,Panama,Ngabe-Bugle,,,,
PA-8,Panama,Panama,,,,
PA-10,Panama,Panama Oeste,,,,
PA-9,Panama,Veraguas,,,,
PY-16,Paraguay,Alto Paraguay,,,,
PY-10,Paraguay,Alto Parana,,,,
PY-13,Paraguay,Amambay,,,,
PY-19,Paraguay,Boqueron,,,,
PY-5,Paraguay,Caaguazu,,,,
PY-6,Paraguay,Caazapa,,,,
PY-14,Paraguay,Canindeyu,,,,
PY-11,Paraguay,Central,,,,
PY-1,Paraguay,Concepcion,,,,
PY-3,Paraguay,Cordillera,,,,
PY-ASU,Paraguay,Distrito Capital,,,,
PY-4,Paraguay,Guaira,,,,
PY-7,Paraguay,Itapua,,,,
PY-8,Paraguay,Misiones,,,,
PY-12,Paraguay,Neembucu,,,,
PY-9,Paraguay,Paraguari,,,,
PY-15,Paraguay,Presidente Hayes,,,,
PY-2,Paraguay,San Pedro,,,,
PE-AMA,Peru,Amazonas,2020-07-20 17:11:54.771032,2329,85,
PE-ANC,Peru,Ancash,2020-07-20 17:11:54.771032,8263,487,
PE-APU,Peru,Apurimac,2020-07-20 17:11:54.771032,569,19,
PE-ARE,Peru,Arequipa,2020-07-20 17:11:54.771032,7425,280,
PE-AYA,Peru,Ayacucho,2020-07-20 17:11:54.771032,1865,26,
PE-CAJ,Peru,Cajamarca,2020-07-20 17:11:54.771032,2292,74,
PE-CAL,Peru,Callao,2020-07-20 17:11:54.771032,18230,643,
PE-CUS,Peru,Cusco,2020-07-20 17:11:54.771032,1841,19,
PE-HUV,Peru,Huancavelica,2020-07-20 17:11:54.771032,927,12,
PE-HUC,Peru,Huanuco,2020-07-20 17:11:54.771032,2560,69,
PE-ICA,Peru,Ica,2020-07-20 17:11:54.771032,7850,497,
PE-JUN,Peru,Junin,2020-07-20 17:11:54.771032,4058,146,
PE-LAL,Peru,La Libertad,2020-07-20 17:11:54.771032,10333,615,
PE-LAM,Peru,Lambayeque,2020-07-20 17:11:54.771032,13904,756,
PE-LIM,Peru,Lima,2020-07-20 17:11:54.771032,160901,4652,
PE-LOR,Peru,Loreto,2020-07-20 17:11:54.771032,9162,347,
PE-MDD,Peru,Madre de dios,2020-07-20 17:11:54.771032,1958,42,
PE-MOQ,Peru,Moquegua,2020-07-20 17:11:54.771032,983,15,
PE-PAS,Peru,Pasco,2020-07-20 17:11:54.771032,1133,23,
PE-PIU,Peru,Piura,2020-07-20 17:11:54.771032,17336,769,
PE-PUN,Peru,Puno,2020-07-20 17:11:54.771032,989,25,
PE-SAM,Peru,San Martin,2020-07-20 17:11:54.771032,5316,154,
PE-TAC,Peru,Tacna,2020-07-20 17:11:54.771032,960,9,
PE-TUM,Peru,Tumbes,2020-07-20 17:11:54.771032,2883,125,
PE-UCA,Peru,Ucayali,2020-07-20 17:11:54.771032,7937,156,
US-PR,United States,Puerto Rico,,,,
UY-AR,Uruguay,Artigas,,,,
UY-CA,Uruguay,Canelones,,,,
UY-CL,Uruguay,Cerro Largo,,,,
UY-CO,Uruguay,Colonia,,,,
UY-DU,Uruguay,Durazno,,,,
UY-FS,Uruguay,Flores,,,,
UY-FD,Uruguay,Florida,,,,
UY-LA,Uruguay,Lavalleja,,,,
UY-MA,Uruguay,Maldonado,,,,
UY-MO,Uruguay,Montevideo,,,,
UY-PA,Uruguay,Paysandu,,,,
UY-RN,Uruguay,Rio Negro,,,,
UY-RV,Uruguay,Rivera,,,,
UY-RO,Uruguay,Rocha,,,,
UY-SA,Uruguay,Salto,,,,
UY-SJ,Uruguay,San Jose,,,,
UY-SO,Uruguay,Soriano,,,,
UY-TA,Uruguay,Tacuarembo,,,,
UY-TT,Uruguay,Treinta y Tres,,,,
VE-Z,Venezuela,Amazonas,,,,
VE-B,Venezuela,Anzoategui,,,,
VE-C,Venezuela,Apure,,,,
VE-D,Venezuela,Aragua,,,,
VE-E,Venezuela,Barinas,,,,
VE-F,Venezuela,Bolivar,,,,
VE-G,Venezuela,Carabobo,,,,
VE-A,Venezuela,Caracas Distrito Capital,,,,
VE-H,Venezuela,Cojedes,,,,
VE-Y,Venezuela,Delta Amacuro,,,,
VE-W,Venezuela,Dependencias Federales,,,,
VE-I,Venezuela,Falcon,,,,
VE-J,Venezuela,Guarico,,,,
VE-K,Venezuela,Lara,,,,
VE-L,Venezuela,Merida,,,,
VE-M,Venezuela,Miranda,,,,
VE-N,Venezuela,Monagas,,,,
VE-O,Venezuela,Nueva Esparta,,,,
VE-P,Venezuela,Portuguesa,,,,
VE-R,Venezuela,Sucre,,,,
VE-S,Venezuela,Tachira,,,,
VE-T,Venezuela,Trujillo,,,,
VE-X,Venezuela,Vargas,,,,
VE-U,Venezuela,Yaracuy,,,,
VE-V,Venezuela,Zulia,,,,
