ISO 3166-2 Code,Country,Subdivision,Last Update,Confirmed,Deaths,Recovered
AR-B,Argentina,Buenos Aires,,,,
AR-K,Argentina,Catamarca,,,,
AR-H,Argentina,Chaco,,,,
AR-U,Argentina,Chubut,,,,
AR-C,Argentina,Ciudad Autonoma de Buenos Aires,,,,
AR-X,Argentina,Cordoba,,,,
AR-W,Argentina,Corrientes,,,,
AR-E,Argentina,Entre Rios,,,,
AR-P,Argentina,Formosa,,,,
AR-Y,Argentina,Jujuy,,,,
AR-L,Argentina,La Pampa,,,,
AR-F,Argentina,La Rioja,,,,
AR-M,Argentina,Mendoza,,,,
AR-N,Argentina,Misiones,,,,
AR-Q,Argentina,Neuquen,,,,
AR-R,Argentina,Rio Negro,,,,
AR-A,Argentina,Salta,,,,
AR-J,Argentina,San Juan,,,,
AR-D,Argentina,San Luis,,,,
AR-Z,Argentina,Santa Cruz,,,,
AR-S,Argentina,Santa Fe,,,,
AR-G,Argentina,Santiago del Estero,,,,
AR-V,Argentina,Tierra del Fuego,,,,
AR-T,Argentina,Tucuman,,,,
BO-B,Bolivia,Beni,2020-07-05 18:16:04.647925,4275,239,
BO-H,Bolivia,Chuquisaca,2020-07-05 18:16:04.647925,917,44,
BO-C,Bolivia,Cochabamba,2020-07-05 18:16:04.647925,4146,262,
BO-L,Bolivia,La Paz,2020-07-05 18:16:04.647925,3872,100,
BO-O,Bolivia,Oruro,2020-07-05 18:16:04.647925,1189,80,
BO-N,Bolivia,Pando,2020-07-05 18:16:04.647925,808,53,
BO-P,Bolivia,Potosi,2020-07-05 18:16:04.647925,758,24,
BO-S,Bolivia,Santa Cruz,2020-07-05 18:16:04.647925,21190,551,
BO-T,Bolivia,Tarija,2020-07-05 18:16:04.647925,916,25,
BR-AC,Brazil,Acre,2020-07-05 18:16:04.647925,14622,391,
BR-AL,Brazil,Alagoas,2020-07-05 18:16:04.647925,39935,1153,
BR-AP,Brazil,Amapa,2020-07-05 18:16:04.647925,29883,442,
BR-AM,Brazil,Amazonas,2020-07-05 18:16:04.647925,76014,2929,
BR-BA,Brazil,Bahia,2020-07-05 18:16:04.647925,87048,2107,
BR-CE,Brazil,Ceara,2020-07-05 18:16:04.647925,121464,6441,
BR-DF,Brazil,Distrito Federal,2020-07-05 18:16:04.647925,57854,699,
BR-ES,Brazil,Espiritu Santo,2020-07-05 18:16:04.647925,53393,1804,
BR-GO,Brazil,Goias,2020-07-05 18:16:04.647925,28526,621,
BR-MA,Brazil,Maranhao,2020-07-05 18:16:04.647925,89714,2219,
BR-MT,Brazil,Mato Grosso,2020-07-05 18:16:04.647925,20891,807,
BR-MS,Brazil,Mato Grosso do Sul,2020-07-05 18:16:04.647925,10089,117,
BR-MG,Brazil,Minas Gerais,2020-07-05 18:16:04.647925,58283,1201,
BR-PA,Brazil,Para,2020-07-05 18:16:04.647925,113811,5096,
BR-PB,Brazil,Paraiba,2020-07-05 18:16:04.647925,52728,1099,
BR-PR,Brazil,Parana,2020-07-05 18:16:04.647925,31459,795,
BR-PE,Brazil,Pernambuco,2020-07-05 18:16:04.647925,65129,5143,
BR-PI,Brazil,Piaui,2020-07-05 18:16:04.647925,26079,784,
BR-RJ,Brazil,Rio de Janeiro,2020-07-05 18:16:04.647925,121292,10667,
BR-RN,Brazil,Rio Grande do Norte,2020-07-05 18:16:04.647925,34645,1213,
BR-RS,Brazil,Rio Grande do Sul,2020-07-05 18:16:04.647925,31955,727,
BR-RO,Brazil,Rondonia,2020-07-05 18:16:04.647925,23479,555,
BR-RR,Brazil,Roraima,2020-07-05 18:16:04.647925,18922,368,
BR-SC,Brazil,Santa Catarina,2020-07-05 18:16:04.647925,32969,393,
BR-SP,Brazil,Sao Paulo,2020-07-05 18:16:04.647925,320179,16078,
BR-SE,Brazil,Sergipe,2020-07-05 18:16:04.647925,30217,798,
BR-TO,Brazil,Tocantins,2020-07-05 18:16:04.647925,12475,220,
CL-AN,Chile,Antofagasta,2020-07-05T15:28:32,10119,183,8196
CL-AR,Chile,Araucania,2020-07-05T15:28:32,3399,45,3077
CL-AP,Chile,Arica y Parinacota,2020-07-05T15:28:32,2006,22,1529
CL-AT,Chile,Atacama,2020-07-05T15:28:32,1253,5,930
CL-AI,Chile,Aysen,2020-07-05T15:28:32,48,0,35
CL-BI,Chile,Biobio,2020-07-05T15:28:32,7456,64,5812
CL-CO,Chile,Coquimbo,2020-07-05T15:28:32,3434,26,2739
CL-LL,Chile,Los Lagos,2020-07-05T15:28:32,1930,21,1528
CL-LR,Chile,Los Rios,2020-07-05T15:28:32,724,10,644
CL-MA,Chile,Magallanes,2020-07-05T15:28:32,1486,15,1373
CL-ML,Chile,Maule,2020-07-05T15:28:32,6265,70,4990
CL-NB,Chile,Nuble,2020-07-05T15:28:32,2577,33,2245
CL-LI,Chile,O'Higgins,2020-07-05T15:28:32,7068,92,5110
CL-RM,Chile,Santiago,2020-07-05T15:28:32,228208,5328,206383
CL-TA,Chile,Tarapaca,2020-07-05T15:28:32,6508,102,5637
CL-VS,Chile,Valparaiso,2020-07-05T15:28:32,13051,292,10817
CO-AMA,Colombia,Amazonas,2020-07-05 18:16:04.647925,0,0,
CO-ANT,Colombia,Antioquia,2020-07-05 18:16:04.647925,0,0,
CO-ARA,Colombia,Arauca,2020-07-05 18:16:04.647925,0,0,
CO-ATL,Colombia,Atlantico,2020-07-05 18:16:04.647925,0,0,
CO-DC,Colombia,Bogota,2020-07-05 18:16:04.647925,0,0,
CO-BOL,Colombia,Bolivar,2020-07-05 18:16:04.647925,0,0,
CO-BOY,Colombia,Boyaca,2020-07-05 18:16:04.647925,0,0,
CO-CAL,Colombia,Caldas,2020-07-05 18:16:04.647925,0,0,
CO-CAQ,Colombia,Caqueta,2020-07-05 18:16:04.647925,0,0,
CO-CAS,Colombia,Casanare,2020-07-05 18:16:04.647925,0,0,
CO-CAU,Colombia,Cauca,2020-07-05 18:16:04.647925,0,0,
CO-CES,Colombia,Cesar,2020-07-05 18:16:04.647925,0,0,
CO-COR,Colombia,Choco,2020-07-05 18:16:04.647925,0,0,
CO-CUN,Colombia,Cordoba,2020-07-05 18:16:04.647925,0,0,
CO-CHO,Colombia,Cundinamarca,2020-07-05 18:16:04.647925,0,0,
CO-GUA,Colombia,Guainia,2020-07-05 18:16:04.647925,0,0,
CO-GUV,Colombia,Guaviare,2020-07-05 18:16:04.647925,0,0,
CO-HUI,Colombia,Huila,2020-07-05 18:16:04.647925,0,0,
CO-LAG,Colombia,La Guajira,2020-07-05 18:16:04.647925,0,0,
CO-MAG,Colombia,Magdalena,2020-07-05 18:16:04.647925,0,0,
CO-MET,Colombia,Meta,2020-07-05 18:16:04.647925,0,0,
CO-NAR,Colombia,Narino,2020-07-05 18:16:04.647925,0,0,
CO-NSA,Colombia,Norte de Santander,2020-07-05 18:16:04.647925,0,0,
CO-PUT,Colombia,Putumayo,2020-07-05 18:16:04.647925,0,0,
CO-QUI,Colombia,Quindio,2020-07-05 18:16:04.647925,0,0,
CO-RIS,Colombia,Risaralda,2020-07-05 18:16:04.647925,0,0,
CO-SAP,Colombia,San Andres y Providencia,2020-07-05 18:16:04.647925,0,0,
CO-SAN,Colombia,Santander,2020-07-05 18:16:04.647925,0,0,
CO-SUC,Colombia,Sucre,2020-07-05 18:16:04.647925,0,0,
CO-TOL,Colombia,Tolima,2020-07-05 18:16:04.647925,0,0,
CO-VAC,Colombia,Valle del Cauca,2020-07-05 18:16:04.647925,0,0,
CO-VAU,Colombia,Vaupes,2020-07-05 18:16:04.647925,0,0,
CO-VID,Colombia,Vichada,2020-07-05 18:16:04.647925,0,0,
CR-A,Costa Rica,Alajuela,2020-07-05 18:16:04.647925,621,0,
CR-C,Costa Rica,Cartago,2020-07-05 18:16:04.647925,116,0,
CR-G,Costa Rica,Guanacaste,2020-07-05 18:16:04.647925,164,0,
CR-H,Costa Rica,Heredia,2020-07-05 18:16:04.647925,362,0,
CR-L,Costa Rica,Limon,2020-07-05 18:16:04.647925,93,0,
CR-P,Costa Rica,Puntarenas,2020-07-05 18:16:04.647925,154,0,
CR-SJ,Costa Rica,San Jose,2020-07-05 18:16:04.647925,1623,0,
CU-15,Cuba,Artemisa,2020-07-05 18:16:04.647925,0,0,
CU-09,Cuba,Camagüey,2020-07-05 18:16:04.647925,0,0,
CU-08,Cuba,Ciego de Ávila,2020-07-05 18:16:04.647925,0,0,
CU-06,Cuba,Cienfuegos,2020-07-05 18:16:04.647925,0,0,
CU-12,Cuba,Granma,2020-07-05 18:16:04.647925,0,0,
CU-14,Cuba,Guantánamo,2020-07-05 18:16:04.647925,0,0,
CU-11,Cuba,Holguín,2020-07-05 18:16:04.647925,0,0,
CU-99,Cuba,Isla de la Juventud,2020-07-05 18:16:04.647925,0,0,
CU-03,Cuba,La Habana,2020-07-05 18:16:04.647925,0,0,
CU-10,Cuba,Las Tunas,2020-07-05 18:16:04.647925,0,0,
CU-04,Cuba,Matanzas,2020-07-05 18:16:04.647925,0,0,
CU-16,Cuba,Mayabeque,2020-07-05 18:16:04.647925,0,0,
CU-01,Cuba,Pinar del Río,2020-07-05 18:16:04.647925,0,0,
CU-07,Cuba,Sancti Spíritus,2020-07-05 18:16:04.647925,0,0,
CU-13,Cuba,Santiago de Cuba,2020-07-05 18:16:04.647925,0,0,
CU-05,Cuba,Villa Clara,2020-07-05 18:16:04.647925,0,0,
DO-02,Dominican Republic,Azua,,,,
DO-03,Dominican Republic,Baoruco,,,,
DO-04,Dominican Republic,Barahona,,,,
DO-05,Dominican Republic,Dajabon,,,,
DO-06,Dominican Republic,Distrito Nacional,,,,
DO-08,Dominican Republic,Duarte,,,,
DO-09,Dominican Republic,El Seibo,,,,
DO-30,Dominican Republic,Elias Pina,,,,
DO-10,Dominican Republic,Espaillat,,,,
DO-11,Dominican Republic,Hato Mayor,,,,
DO-07,Dominican Republic,Hermanas Mirabal,,,,
DO-12,Dominican Republic,Independencia,,,,
DO-13,Dominican Republic,La Altagracia,,,,
DO-14,Dominican Republic,La Romana,,,,
DO-28,Dominican Republic,La Vega,,,,
DO-15,Dominican Republic,Maria Trinidad Sanchez,,,,
DO-29,Dominican Republic,Monsenor Nouel,,,,
DO-16,Dominican Republic,Monte Cristi,,,,
DO-17,Dominican Republic,Monte Plata,,,,
DO-18,Dominican Republic,Pedernales,,,,
DO-19,Dominican Republic,Peravia,,,,
DO-20,Dominican Republic,Puerto Plata,,,,
DO-21,Dominican Republic,Samana,,,,
DO-31,Dominican Republic,San Cristobal,,,,
DO-22,Dominican Republic,San Jose de Ocoa,,,,
DO-23,Dominican Republic,San Juan,,,,
DO-24,Dominican Republic,San Pedro de Macoris,,,,
DO-25,Dominican Republic,Sanchez Ramirez,,,,
DO-26,Dominican Republic,Santiago,,,,
DO-32,Dominican Republic,Santiago Rodriguez,,,,
DO-01,Dominican Republic,Santo Domingo,,,,
DO-27,Dominican Republic,Valverde,,,,
EC-A,Ecuador,Azuay,2020-07-05 18:16:04.647925,0,0,
EC-B,Ecuador,Bolivar,2020-07-05 18:16:04.647925,0,0,
EC-F,Ecuador,Canar,2020-07-05 18:16:04.647925,0,0,
EC-C,Ecuador,Carchi,2020-07-05 18:16:04.647925,0,0,
EC-H,Ecuador,Chimborazo,2020-07-05 18:16:04.647925,0,0,
EC-X,Ecuador,Cotopaxi,2020-07-05 18:16:04.647925,0,0,
EC-O,Ecuador,El Oro,2020-07-05 18:16:04.647925,0,0,
EC-E,Ecuador,Esmeraldas,2020-07-05 18:16:04.647925,0,0,
EC-W,Ecuador,Galapagos,2020-07-05 18:16:04.647925,0,0,
EC-G,Ecuador,Guayas,2020-07-05 18:16:04.647925,0,0,
EC-I,Ecuador,Imbabura,2020-07-05 18:16:04.647925,0,0,
EC-L,Ecuador,Loja,2020-07-05 18:16:04.647925,0,0,
EC-R,Ecuador,Los Rios,2020-07-05 18:16:04.647925,0,0,
EC-M,Ecuador,Manabi,2020-07-05 18:16:04.647925,0,0,
EC-S,Ecuador,Morona Santiago,2020-07-05 18:16:04.647925,0,0,
EC-N,Ecuador,Napo,2020-07-05 18:16:04.647925,0,0,
EC-D,Ecuador,Orellana,2020-07-05 18:16:04.647925,0,0,
EC-Y,Ecuador,Pastaza,2020-07-05 18:16:04.647925,0,0,
EC-P,Ecuador,Pichincha,2020-07-05 18:16:04.647925,0,0,
EC-SE,Ecuador,Santa Elena,2020-07-05 18:16:04.647925,0,0,
EC-SD,Ecuador,Santo Domingo de los Tsachilas,2020-07-05 18:16:04.647925,0,0,
EC-U,Ecuador,Sucumbios,2020-07-05 18:16:04.647925,0,0,
EC-T,Ecuador,Tungurahua,2020-07-05 18:16:04.647925,0,0,
EC-Z,Ecuador,Zamora-Chinchipe,2020-07-05 18:16:04.647925,0,0,
SV-AH,El Salvador,Ahuachapan,,,,
SV-CA,El Salvador,Cabanas,,,,
SV-CH,El Salvador,Chalatenango,,,,
SV-CU,El Salvador,Cuscatlan,,,,
SV-LI,El Salvador,La Libertad,,,,
SV-PA,El Salvador,La Paz,,,,
SV-UN,El Salvador,La Unión,,,,
SV-MO,El Salvador,Morazan,,,,
SV-SM,El Salvador,San Miguel,,,,
SV-SS,El Salvador,San Salvador,,,,
SV-SV,El Salvador,San Vicente,,,,
SV-SA,El Salvador,Santa Ana,,,,
SV-SO,El Salvador,Sonsonate,,,,
SV-US,El Salvador,Usulutan,,,,
FR-GP,France,Guadeloupe,,,,
FR-GF,France,Guyane,,,,
FR-MQ,France,Martinique,,,,
FR-BL,France,Saint-Barthélemy,,,,
FR-MF,France,Saint-Martin,,,,
FR-PM,France,Saint-Pierre-et-Miquelon,,,,
GT-AV,Guatemala,Alta Verapaz,,,,
GT-BV,Guatemala,Baja Verapaz,,,,
GT-CM,Guatemala,Chimaltenango,,,,
GT-CQ,Guatemala,Chiquimula,,,,
GT-PR,Guatemala,El Progreso,,,,
GT-ES,Guatemala,Escuintla,,,,
GT-GU,Guatemala,Guatemala,,,,
GT-HU,Guatemala,Huehuetenango,,,,
GT-IZ,Guatemala,Izabal,,,,
GT-JA,Guatemala,Jalapa,,,,
GT-JU,Guatemala,Jutiapa,,,,
GT-PE,Guatemala,Petén,,,,
GT-QZ,Guatemala,Quetzaltenango,,,,
GT-QC,Guatemala,Quiché,,,,
GT-RE,Guatemala,Retalhuleu,,,,
GT-SA,Guatemala,Sacatepéquez,,,,
GT-SM,Guatemala,San Marcos,,,,
GT-SR,Guatemala,Santa Rosa,,,,
GT-SO,Guatemala,Sololá,,,,
GT-SU,Guatemala,Suchitepéquez,,,,
GT-TO,Guatemala,Totonicapán,,,,
GT-ZA,Guatemala,Zacapa,,,,
HT-AR,Haiti,Artibonite,,,,
HT-CE,Haiti,Centre,,,,
HT-GA,Haiti,Grande’Anse,,,,
HT-NI,Haiti,Nippes,,,,
HT-ND,Haiti,Nord,,,,
HT-NE,Haiti,Nord-Est,,,,
HT-NO,Haiti,Nord-Ouest,,,,
HT-OU,Haiti,Ouest,,,,
HT-SD,Haiti,Sud,,,,
HT-SE,Haiti,Sud-Est,,,,
HN-AT,Honduras,Atlantida,,,,
HN-CH,Honduras,Choluteca,,,,
HN-CL,Honduras,Colon,,,,
HN-CM,Honduras,Comayagua,,,,
HN-CP,Honduras,Copan,,,,
HN-CR,Honduras,Cortes,,,,
HN-EP,Honduras,El Paraiso,,,,
HN-FM,Honduras,Francisco Morazan,,,,
HN-GD,Honduras,Gracias a Dios,,,,
HN-IN,Honduras,Intibuca,,,,
HN-IB,Honduras,Islas de la Bahia,,,,
HN-LP,Honduras,La Paz,,,,
HN-LE,Honduras,Lempira,,,,
HN-OC,Honduras,Ocotepeque,,,,
HN-OL,Honduras,Olancho,,,,
HN-SB,Honduras,Santa Barbara,,,,
HN-VA,Honduras,Valle,,,,
HN-YO,Honduras,Yoro,,,,
MX-AGU,Mexico,Aguascalientes,2020-07-06T00:54:14,2473,158,
MX-BCN,Mexico,Baja California,2020-07-06T00:54:14,10012,2064,
MX-BCS,Mexico,Baja California Sur,2020-07-06T00:54:14,1769,87,
MX-CAM,Mexico,Campeche,2020-07-06T00:54:14,2500,250,
MX-CHP,Mexico,Chiapas,2020-07-06T00:54:14,4737,628,
MX-CHH,Mexico,Chihuahua,2020-07-06T00:54:14,3387,672,
MX-CMX,Mexico,Ciudad de Mexico,2020-07-06T00:54:14,63530,6963,
MX-COA,Mexico,Coahuila,2020-07-06T00:54:14,5852,268,
MX-COL,Mexico,Colima,2020-07-06T00:54:14,709,86,
MX-DUR,Mexico,Durango,2020-07-06T00:54:14,2306,157,
MX-GUA,Mexico,Guanajuato,2020-07-06T00:54:14,9311,419,
MX-GRO,Mexico,Guerrero,2020-07-06T00:54:14,5931,980,
MX-HID,Mexico,Hidalgo,2020-07-06T00:54:14,4235,722,
MX-JAL,Mexico,Jalisco,2020-07-06T00:54:14,7726,848,
MX-MIC,Mexico,Michoacan,2020-07-06T00:54:14,6416,495,
MX-MOR,Mexico,Morelos,2020-07-06T00:54:14,3023,695,
MX-MEX,Mexico,Mexico,2020-07-06T00:54:14,26683,4681,
MX-NAY,Mexico,Nayarit,2020-07-06T00:54:14,1974,214,
MX-NLE,Mexico,Nuevo Leon,2020-07-06T00:54:14,7556,403,
MX-OAX,Mexico,Oaxaca,2020-07-06T00:54:14,6347,624,
MX-PUE,Mexico,Puebla,2020-07-06T00:54:14,12233,1489,
MX-QUE,Mexico,Queretaro,2020-07-06T00:54:14,2290,325,
MX-ROO,Mexico,Quintana Roo,2020-07-06T00:54:14,4224,624,
MX-SLP,Mexico,San Luis Potosi,2020-07-06T00:54:14,3679,180,
MX-SIN,Mexico,Sinaloa,2020-07-06T00:54:14,8977,1413,
MX-SON,Mexico,Sonora,2020-07-06T00:54:14,9069,856,
MX-TAB,Mexico,Tabasco,2020-07-06T00:54:14,12316,1166,
MX-TAM,Mexico,Tamaulipas,2020-07-06T00:54:14,7296,464,
MX-TLA,Mexico,Tlaxcala,2020-07-06T00:54:14,2748,391,
MX-VER,Mexico,Veracruz,2020-07-06T00:54:14,11348,1724,
MX-YUC,Mexico,Yucatan,2020-07-06T00:54:14,5103,483,
MX-ZAC,Mexico,Zacatecas,2020-07-06T00:54:14,1088,110,
NI-BO,Nicaragua,Boaco,,,,
NI-CA,Nicaragua,Carazo,,,,
NI-CI,Nicaragua,Chinandega,,,,
NI-CO,Nicaragua,Chontales,,,,
NI-ES,Nicaragua,Estelí,,,,
NI-GR,Nicaragua,Granada,,,,
NI-JI,Nicaragua,Jinotega,,,,
NI-LE,Nicaragua,León,,,,
NI-MD,Nicaragua,Madriz,,,,
NI-MN,Nicaragua,Managua,,,,
NI-MS,Nicaragua,Masaya,,,,
NI-MT,Nicaragua,Matagalpa,,,,
NI-AN,Nicaragua,NCCAR,,,,
NI-NS,Nicaragua,Nueva Segovia,,,,
NI-RI,Nicaragua,Rio San Juan,,,,
NI-SJ,Nicaragua,Rivas,,,,
NI-AS,Nicaragua,SCCAR,,,,
PA-1,Panama,Bocas del Toro,,,,
PA-4,Panama,Chiriqui,,,,
PA-2,Panama,Cocle,,,,
PA-3,Panama,Colon,,,,
PA-5,Panama,Darien,,,,
PA-EM,Panama,Embera,,,,
PA-KY,Panama,Guna Yala,,,,
PA-6,Panama,Herrera,,,,
PA-7,Panama,Los Santos,,,,
PA-NB,Panama,Ngabe-Bugle,,,,
PA-8,Panama,Panama,,,,
PA-10,Panama,Panama Oeste,,,,
PA-9,Panama,Veraguas,,,,
PY-16,Paraguay,Alto Paraguay,,,,
PY-10,Paraguay,Alto Parana,,,,
PY-13,Paraguay,Amambay,,,,
PY-19,Paraguay,Boqueron,,,,
PY-5,Paraguay,Caaguazu,,,,
PY-6,Paraguay,Caazapa,,,,
PY-14,Paraguay,Canindeyu,,,,
PY-11,Paraguay,Central,,,,
PY-1,Paraguay,Concepcion,,,,
PY-3,Paraguay,Cordillera,,,,
PY-ASU,Paraguay,Distrito Capital,,,,
PY-4,Paraguay,Guaira,,,,
PY-7,Paraguay,Itapua,,,,
PY-8,Paraguay,Misiones,,,,
PY-12,Paraguay,Neembucu,,,,
PY-9,Paraguay,Paraguari,,,,
PY-15,Paraguay,Presidente Hayes,,,,
PY-2,Paraguay,San Pedro,,,,
PE-AMA,Peru,Amazonas,2020-07-05 18:16:04.647925,0,0,
PE-ANC,Peru,Ancash,2020-07-05 18:16:04.647925,0,0,
PE-APU,Peru,Apurimac,2020-07-05 18:16:04.647925,0,0,
PE-ARE,Peru,Arequipa,2020-07-05 18:16:04.647925,0,0,
PE-AYA,Peru,Ayacucho,2020-07-05 18:16:04.647925,0,0,
PE-CAJ,Peru,Cajamarca,2020-07-05 18:16:04.647925,0,0,
PE-CAL,Peru,Callao,2020-07-05 18:16:04.647925,0,0,
PE-CUS,Peru,Cusco,2020-07-05 18:16:04.647925,0,0,
PE-HUV,Peru,Huancavelica,2020-07-05 18:16:04.647925,0,0,
PE-HUC,Peru,Huanuco,2020-07-05 18:16:04.647925,0,0,
PE-ICA,Peru,Ica,2020-07-05 18:16:04.647925,0,0,
PE-JUN,Peru,Junin,2020-07-05 18:16:04.647925,0,0,
PE-LAL,Peru,La Libertad,2020-07-05 18:16:04.647925,0,0,
PE-LAM,Peru,Lambayeque,2020-07-05 18:16:04.647925,0,0,
PE-LIM,Peru,Lima,2020-07-05 18:16:04.647925,0,0,
PE-LOR,Peru,Loreto,2020-07-05 18:16:04.647925,0,0,
PE-MDD,Peru,Madre de dios,2020-07-05 18:16:04.647925,0,0,
PE-MOQ,Peru,Moquegua,2020-07-05 18:16:04.647925,0,0,
PE-PAS,Peru,Pasco,2020-07-05 18:16:04.647925,0,0,
PE-PIU,Peru,Piura,2020-07-05 18:16:04.647925,0,0,
PE-PUN,Peru,Puno,2020-07-05 18:16:04.647925,0,0,
PE-SAM,Peru,San Martin,2020-07-05 18:16:04.647925,0,0,
PE-TAC,Peru,Tacna,2020-07-05 18:16:04.647925,0,0,
PE-TUM,Peru,Tumbes,2020-07-05 18:16:04.647925,0,0,
PE-UCA,Peru,Ucayali,2020-07-05 18:16:04.647925,0,0,
US-PR,United States,Puerto Rico,,,,
UY-AR,Uruguay,Artigas,,,,
UY-CA,Uruguay,Canelones,,,,
UY-CL,Uruguay,Cerro Largo,,,,
UY-CO,Uruguay,Colonia,,,,
UY-DU,Uruguay,Durazno,,,,
UY-FS,Uruguay,Flores,,,,
UY-FD,Uruguay,Florida,,,,
UY-LA,Uruguay,Lavalleja,,,,
UY-MA,Uruguay,Maldonado,,,,
UY-MO,Uruguay,Montevideo,,,,
UY-PA,Uruguay,Paysandu,,,,
UY-RN,Uruguay,Rio Negro,,,,
UY-RV,Uruguay,Rivera,,,,
UY-RO,Uruguay,Rocha,,,,
UY-SA,Uruguay,Salto,,,,
UY-SJ,Uruguay,San Jose,,,,
UY-SO,Uruguay,Soriano,,,,
UY-TA,Uruguay,Tacuarembo,,,,
UY-TT,Uruguay,Treinta y Tres,,,,
VE-Z,Venezuela,Amazonas,,,,
VE-B,Venezuela,Anzoategui,,,,
VE-C,Venezuela,Apure,,,,
VE-D,Venezuela,Aragua,,,,
VE-E,Venezuela,Barinas,,,,
VE-F,Venezuela,Bolivar,,,,
VE-G,Venezuela,Carabobo,,,,
VE-A,Venezuela,Caracas Distrito Capital,,,,
VE-H,Venezuela,Cojedes,,,,
VE-Y,Venezuela,Delta Amacuro,,,,
VE-W,Venezuela,Dependencias Federales,,,,
VE-I,Venezuela,Falcon,,,,
VE-J,Venezuela,Guarico,,,,
VE-K,Venezuela,Lara,,,,
VE-L,Venezuela,Merida,,,,
VE-M,Venezuela,Miranda,,,,
VE-N,Venezuela,Monagas,,,,
VE-O,Venezuela,Nueva Esparta,,,,
VE-P,Venezuela,Portuguesa,,,,
VE-R,Venezuela,Sucre,,,,
VE-S,Venezuela,Tachira,,,,
VE-T,Venezuela,Trujillo,,,,
VE-X,Venezuela,Vargas,,,,
VE-U,Venezuela,Yaracuy,,,,
VE-V,Venezuela,Zulia,,,,
