ISO 3166-2 Code,Country,Subdivision,Last Update,Confirmed,Deaths,Recovered
AR-B,Argentina,Buenos Aires,,,,
AR-K,Argentina,Catamarca,,,,
AR-H,Argentina,Chaco,,,,
AR-U,Argentina,Chubut,,,,
AR-C,Argentina,Ciudad Autonoma de Buenos Aires,,,,
AR-X,Argentina,Cordoba,,,,
AR-W,Argentina,Corrientes,,,,
AR-E,Argentina,Entre Rios,,,,
AR-P,Argentina,Formosa,,,,
AR-Y,Argentina,Jujuy,,,,
AR-L,Argentina,La Pampa,,,,
AR-F,Argentina,La Rioja,,,,
AR-M,Argentina,Mendoza,,,,
AR-N,Argentina,Misiones,,,,
AR-Q,Argentina,Neuquen,,,,
AR-R,Argentina,Rio Negro,,,,
AR-A,Argentina,Salta,,,,
AR-J,Argentina,San Juan,,,,
AR-D,Argentina,San Luis,,,,
AR-Z,Argentina,Santa Cruz,,,,
AR-S,Argentina,Santa Fe,,,,
AR-G,Argentina,Santiago del Estero,,,,
AR-V,Argentina,Tierra del Fuego,,,,
AR-T,Argentina,Tucuman,,,,
BO-B,Bolivia,Beni,2020-07-20 12:30:40.541327,5040,280,
BO-H,Bolivia,Chuquisaca,2020-07-20 12:30:40.541327,1536,63,
BO-C,Bolivia,Cochabamba,2020-07-20 12:30:40.541327,6045,453,
BO-L,Bolivia,La Paz,2020-07-20 12:30:40.541327,8209,155,
BO-O,Bolivia,Oruro,2020-07-20 12:30:40.541327,2112,142,
BO-N,Bolivia,Pando,2020-07-20 12:30:40.541327,1057,87,
BO-P,Bolivia,Potosi,2020-07-20 12:30:40.541327,1086,35,
BO-S,Bolivia,Santa Cruz,2020-07-20 12:30:40.541327,28989,778,
BO-T,Bolivia,Tarija,2020-07-20 12:30:40.541327,2028,56,
BR-AC,Brazil,Acre,2020-07-20 12:30:40.541327,16965,452,
BR-AL,Brazil,Alagoas,2020-07-20 12:30:40.541327,49253,1365,
BR-AP,Brazil,Amapa,2020-07-20 12:30:40.541327,33436,499,
BR-AM,Brazil,Amazonas,2020-07-20 12:30:40.541327,88822,3118,
BR-BA,Brazil,Bahia,2020-07-20 12:30:40.541327,118657,2738,
BR-CE,Brazil,Ceara,2020-07-20 12:30:40.541327,145938,7165,
BR-DF,Brazil,Distrito Federal,2020-07-20 12:30:40.541327,79400,1060,
BR-ES,Brazil,Espiritu Santo,2020-07-20 12:30:40.541327,69461,2174,
BR-GO,Brazil,Goias,2020-07-20 12:30:40.541327,40681,1029,
BR-MA,Brazil,Maranhao,2020-07-20 12:30:40.541327,105183,2640,
BR-MT,Brazil,Mato Grosso,2020-07-20 12:30:40.541327,32971,1268,
BR-MS,Brazil,Mato Grosso do Sul,2020-07-20 12:30:40.541327,15805,203,
BR-MG,Brazil,Minas Gerais,2020-07-20 12:30:40.541327,87271,1904,
BR-PA,Brazil,Para,2020-07-20 12:30:40.541327,135164,5448,
BR-PB,Brazil,Paraiba,2020-07-20 12:30:40.541327,66347,1446,
BR-PR,Brazil,Parana,2020-07-20 12:30:40.541327,51321,1292,
BR-PE,Brazil,Pernambuco,2020-07-20 12:30:40.541327,77423,5869,
BR-PI,Brazil,Piaui,2020-07-20 12:30:40.541327,37057,1065,
BR-RJ,Brazil,Rio de Janeiro,2020-07-20 12:30:40.541327,135230,11919,
BR-RN,Brazil,Rio Grande do Norte,2020-07-20 12:30:40.541327,41303,1526,
BR-RS,Brazil,Rio Grande do Sul,2020-07-20 12:30:40.541327,46710,1166,
BR-RO,Brazil,Rondonia,2020-07-20 12:30:40.541327,29117,686,
BR-RR,Brazil,Roraima,2020-07-20 12:30:40.541327,25007,425,
BR-SC,Brazil,Santa Catarina,2020-07-20 12:30:40.541327,51549,646,
BR-SP,Brazil,Sao Paulo,2020-07-20 12:30:40.541327,407415,19377,
BR-SE,Brazil,Sergipe,2020-07-20 12:30:40.541327,41888,1088,
BR-TO,Brazil,Tocantins,2020-07-20 12:30:40.541327,16954,283,
CL-AN,Chile,Antofagasta,2020-07-17T14:58:09,12716,271,
CL-AR,Chile,Araucania,2020-07-17T14:58:09,3687,71,
CL-AP,Chile,Arica y Parinacota,2020-07-17T14:58:09,2936,34,
CL-AT,Chile,Atacama,2020-07-17T14:58:09,1736,9,
CL-AI,Chile,Aysen,2020-07-17T14:58:09,69,1,
CL-BI,Chile,Biobio,2020-07-17T14:58:09,9150,95,
CL-CO,Chile,Coquimbo,2020-07-17T14:58:09,4486,49,
CL-LL,Chile,Los Lagos,2020-07-17T14:58:09,2629,30,
CL-LR,Chile,Los Rios,2020-07-17T14:58:09,820,13,
CL-MA,Chile,Magallanes,2020-07-17T14:58:09,1592,28,
CL-ML,Chile,Maule,2020-07-17T14:58:09,7603,125,
CL-NB,Chile,Nuble,2020-07-17T14:58:09,3095,52,
CL-LI,Chile,O'Higgins,2020-07-17T14:58:09,9163,164,
CL-RM,Chile,Santiago,2020-07-17T14:58:09,244073,6858,
CL-TA,Chile,Tarapaca,2020-07-17T14:58:09,7451,139,
CL-VS,Chile,Valparaiso,2020-07-17T14:58:09,15261,407,
CO-AMA,Colombia,Amazonas,2020-07-20 12:30:40.541327,2445,0,
CO-ANT,Colombia,Antioquia,2020-07-20 12:30:40.541327,13334,190,
CO-ARA,Colombia,Arauca,2020-07-20 12:30:40.541327,0,0,
CO-ATL,Colombia,Atlantico,2020-07-20 12:30:40.541327,41009,2154,
CO-DC,Colombia,Bogota,2020-07-20 12:30:40.541327,58920,1526,
CO-BOL,Colombia,Bolivar,2020-07-20 12:30:40.541327,14172,502,
CO-BOY,Colombia,Boyaca,2020-07-20 12:30:40.541327,604,20,
CO-CAL,Colombia,Caldas,2020-07-20 12:30:40.541327,342,0,
CO-CAQ,Colombia,Caqueta,2020-07-20 12:30:40.541327,182,0,
CO-CAS,Colombia,Casanare,2020-07-20 12:30:40.541327,143,0,
CO-CAU,Colombia,Cauca,2020-07-20 12:30:40.541327,2838,0,
CO-CES,Colombia,Cesar,2020-07-20 12:30:40.541327,1820,38,
CO-COR,Colombia,Choco,2020-07-20 12:30:40.541327,2433,0,
CO-CUN,Colombia,Cordoba,2020-07-20 12:30:40.541327,2176,299,
CO-CHO,Colombia,Cundinamarca,2020-07-20 12:30:40.541327,5361,130,
CO-GUA,Colombia,Guainia,2020-07-20 12:30:40.541327,0,0,
CO-GUV,Colombia,Guaviare,2020-07-20 12:30:40.541327,0,0,
CO-HUI,Colombia,Huila,2020-07-20 12:30:40.541327,489,0,
CO-LAG,Colombia,La Guajira,2020-07-20 12:30:40.541327,1300,0,
CO-MAG,Colombia,Magdalena,2020-07-20 12:30:40.541327,3614,257,
CO-MET,Colombia,Meta,2020-07-20 12:30:40.541327,1827,0,
CO-NAR,Colombia,Narino,2020-07-20 12:30:40.541327,5096,165,
CO-NSA,Colombia,Norte de Santander,2020-07-20 12:30:40.541327,2525,76,
CO-PUT,Colombia,Putumayo,2020-07-20 12:30:40.541327,154,0,
CO-QUI,Colombia,Quindio,2020-07-20 12:30:40.541327,208,0,
CO-RIS,Colombia,Risaralda,2020-07-20 12:30:40.541327,926,0,
CO-SAP,Colombia,San Andres y Providencia,2020-07-20 12:30:40.541327,0,0,
CO-SAN,Colombia,Santander,2020-07-20 12:30:40.541327,0,0,
CO-SUC,Colombia,Sucre,2020-07-20 12:30:40.541327,3449,222,
CO-TOL,Colombia,Tolima,2020-07-20 12:30:40.541327,1700,32,
CO-VAC,Colombia,Valle del Cauca,2020-07-20 12:30:40.541327,14759,537,
CO-VAU,Colombia,Vaupes,2020-07-20 12:30:40.541327,0,0,
CO-VID,Colombia,Vichada,2020-07-20 12:30:40.541327,0,0,
CR-A,Costa Rica,Alajuela,2020-07-20 12:30:40.541327,940,0,
CR-C,Costa Rica,Cartago,2020-07-20 12:30:40.541327,250,0,
CR-G,Costa Rica,Guanacaste,2020-07-20 12:30:40.541327,200,0,
CR-H,Costa Rica,Heredia,2020-07-20 12:30:40.541327,832,0,
CR-L,Costa Rica,Limon,2020-07-20 12:30:40.541327,129,0,
CR-P,Costa Rica,Puntarenas,2020-07-20 12:30:40.541327,278,0,
CR-SJ,Costa Rica,San Jose,2020-07-20 12:30:40.541327,4223,0,
CU-15,Cuba,Artemisa,2020-07-20 12:30:40.541327,0,0,
CU-09,Cuba,Camagüey,2020-07-20 12:30:40.541327,0,0,
CU-08,Cuba,Ciego de Ávila,2020-07-20 12:30:40.541327,0,0,
CU-06,Cuba,Cienfuegos,2020-07-20 12:30:40.541327,0,0,
CU-12,Cuba,Granma,2020-07-20 12:30:40.541327,0,0,
CU-14,Cuba,Guantánamo,2020-07-20 12:30:40.541327,0,0,
CU-11,Cuba,Holguín,2020-07-20 12:30:40.541327,0,0,
CU-99,Cuba,Isla de la Juventud,2020-07-20 12:30:40.541327,0,0,
CU-03,Cuba,La Habana,2020-07-20 12:30:40.541327,1393,0,
CU-10,Cuba,Las Tunas,2020-07-20 12:30:40.541327,0,0,
CU-04,Cuba,Matanzas,2020-07-20 12:30:40.541327,0,0,
CU-16,Cuba,Mayabeque,2020-07-20 12:30:40.541327,0,0,
CU-01,Cuba,Pinar del Río,2020-07-20 12:30:40.541327,0,0,
CU-07,Cuba,Sancti Spíritus,2020-07-20 12:30:40.541327,0,0,
CU-13,Cuba,Santiago de Cuba,2020-07-20 12:30:40.541327,0,0,
CU-05,Cuba,Villa Clara,2020-07-20 12:30:40.541327,0,0,
DO-02,Dominican Republic,Azua,,,,
DO-03,Dominican Republic,Baoruco,,,,
DO-04,Dominican Republic,Barahona,,,,
DO-05,Dominican Republic,Dajabon,,,,
DO-06,Dominican Republic,Distrito Nacional,,,,
DO-08,Dominican Republic,Duarte,,,,
DO-09,Dominican Republic,El Seibo,,,,
DO-30,Dominican Republic,Elias Pina,,,,
DO-10,Dominican Republic,Espaillat,,,,
DO-11,Dominican Republic,Hato Mayor,,,,
DO-07,Dominican Republic,Hermanas Mirabal,,,,
DO-12,Dominican Republic,Independencia,,,,
DO-13,Dominican Republic,La Altagracia,,,,
DO-14,Dominican Republic,La Romana,,,,
DO-28,Dominican Republic,La Vega,,,,
DO-15,Dominican Republic,Maria Trinidad Sanchez,,,,
DO-29,Dominican Republic,Monsenor Nouel,,,,
DO-16,Dominican Republic,Monte Cristi,,,,
DO-17,Dominican Republic,Monte Plata,,,,
DO-18,Dominican Republic,Pedernales,,,,
DO-19,Dominican Republic,Peravia,,,,
DO-20,Dominican Republic,Puerto Plata,,,,
DO-21,Dominican Republic,Samana,,,,
DO-31,Dominican Republic,San Cristobal,,,,
DO-22,Dominican Republic,San Jose de Ocoa,,,,
DO-23,Dominican Republic,San Juan,,,,
DO-24,Dominican Republic,San Pedro de Macoris,,,,
DO-25,Dominican Republic,Sanchez Ramirez,,,,
DO-26,Dominican Republic,Santiago,,,,
DO-32,Dominican Republic,Santiago Rodriguez,,,,
DO-01,Dominican Republic,Santo Domingo,,,,
DO-27,Dominican Republic,Valverde,,,,
EC-A,Ecuador,Azuay,2020-07-20 12:30:40.541327,2510,70,
EC-B,Ecuador,Bolivar,2020-07-20 12:30:40.541327,935,47,
EC-F,Ecuador,Canar,2020-07-20 12:30:40.541327,632,48,
EC-C,Ecuador,Carchi,2020-07-20 12:30:40.541327,1060,30,
EC-H,Ecuador,Chimborazo,2020-07-20 12:30:40.541327,2854,165,
EC-X,Ecuador,Cotopaxi,2020-07-20 12:30:40.541327,528,20,
EC-O,Ecuador,El Oro,2020-07-20 12:30:40.541327,16920,1641,
EC-E,Ecuador,Esmeraldas,2020-07-20 12:30:40.541327,1081,182,
EC-W,Ecuador,Galapagos,2020-07-20 12:30:40.541327,1002,54,
EC-G,Ecuador,Guayas,2020-07-20 12:30:40.541327,1566,59,
EC-I,Ecuador,Imbabura,2020-07-20 12:30:40.541327,5543,712,
EC-L,Ecuador,Loja,2020-07-20 12:30:40.541327,786,42,
EC-R,Ecuador,Los Rios,2020-07-20 12:30:40.541327,2580,312,
EC-M,Ecuador,Manabi,2020-07-20 12:30:40.541327,11478,630,
EC-S,Ecuador,Morona Santiago,2020-07-20 12:30:40.541327,2693,314,
EC-N,Ecuador,Napo,2020-07-20 12:30:40.541327,1467,13,
EC-D,Ecuador,Orellana,2020-07-20 12:30:40.541327,2808,187,
EC-Y,Ecuador,Pastaza,2020-07-20 12:30:40.541327,1092,328,
EC-P,Ecuador,Pichincha,2020-07-20 12:30:40.541327,1615,156,
EC-SE,Ecuador,Santa Elena,2020-07-20 12:30:40.541327,798,25,
EC-SD,Ecuador,Santo Domingo de los Tsachilas,2020-07-20 12:30:40.541327,101,1,
EC-U,Ecuador,Sucumbios,2020-07-20 12:30:40.541327,1596,151,
EC-T,Ecuador,Tungurahua,2020-07-20 12:30:40.541327,1061,36,
EC-Z,Ecuador,Zamora-Chinchipe,2020-07-20 12:30:40.541327,782,27,
SV-AH,El Salvador,Ahuachapan,,,,
SV-CA,El Salvador,Cabanas,,,,
SV-CH,El Salvador,Chalatenango,,,,
SV-CU,El Salvador,Cuscatlan,,,,
SV-LI,El Salvador,La Libertad,,,,
SV-PA,El Salvador,La Paz,,,,
SV-UN,El Salvador,La Unión,,,,
SV-MO,El Salvador,Morazan,,,,
SV-SM,El Salvador,San Miguel,,,,
SV-SS,El Salvador,San Salvador,,,,
SV-SV,El Salvador,San Vicente,,,,
SV-SA,El Salvador,Santa Ana,,,,
SV-SO,El Salvador,Sonsonate,,,,
SV-US,El Salvador,Usulutan,,,,
FR-GP,France,Guadeloupe,,,,
FR-GF,France,Guyane,,,,
FR-MQ,France,Martinique,,,,
FR-BL,France,Saint-Barthélemy,,,,
FR-MF,France,Saint-Martin,,,,
FR-PM,France,Saint-Pierre-et-Miquelon,,,,
GT-AV,Guatemala,Alta Verapaz,,,,
GT-BV,Guatemala,Baja Verapaz,,,,
GT-CM,Guatemala,Chimaltenango,,,,
GT-CQ,Guatemala,Chiquimula,,,,
GT-PR,Guatemala,El Progreso,,,,
GT-ES,Guatemala,Escuintla,,,,
GT-GU,Guatemala,Guatemala,,,,
GT-HU,Guatemala,Huehuetenango,,,,
GT-IZ,Guatemala,Izabal,,,,
GT-JA,Guatemala,Jalapa,,,,
GT-JU,Guatemala,Jutiapa,,,,
GT-PE,Guatemala,Petén,,,,
GT-QZ,Guatemala,Quetzaltenango,,,,
GT-QC,Guatemala,Quiché,,,,
GT-RE,Guatemala,Retalhuleu,,,,
GT-SA,Guatemala,Sacatepéquez,,,,
GT-SM,Guatemala,San Marcos,,,,
GT-SR,Guatemala,Santa Rosa,,,,
GT-SO,Guatemala,Sololá,,,,
GT-SU,Guatemala,Suchitepéquez,,,,
GT-TO,Guatemala,Totonicapán,,,,
GT-ZA,Guatemala,Zacapa,,,,
HT-AR,Haiti,Artibonite,,,,
HT-CE,Haiti,Centre,,,,
HT-GA,Haiti,Grande’Anse,,,,
HT-NI,Haiti,Nippes,,,,
HT-ND,Haiti,Nord,,,,
HT-NE,Haiti,Nord-Est,,,,
HT-NO,Haiti,Nord-Ouest,,,,
HT-OU,Haiti,Ouest,,,,
HT-SD,Haiti,Sud,,,,
HT-SE,Haiti,Sud-Est,,,,
HN-AT,Honduras,Atlantida,2020-07-18T16:10:47,1263,30,177
HN-CH,Honduras,Choluteca,2020-07-18T16:10:47,920,23,64
HN-CL,Honduras,Colon,2020-07-18T16:10:47,482,18,122
HN-CM,Honduras,Comayagua,2020-07-18T16:10:47,314,12,20
HN-CP,Honduras,Copan,2020-07-18T16:10:47,206,6,26
HN-CR,Honduras,Cortes,2020-07-18T16:10:47,12290,389,1867
HN-EP,Honduras,El Paraiso,2020-07-18T16:10:47,411,9,36
HN-FM,Honduras,Francisco Morazan,2020-07-18T16:10:47,12041,311,837
HN-GD,Honduras,Gracias a Dios,2020-07-18T16:10:47,110,1,1
HN-IN,Honduras,Intibuca,2020-07-18T16:10:47,202,5,27
HN-IB,Honduras,Islas de la Bahia,2020-07-18T16:10:47,135,1,10
HN-LP,Honduras,La Paz,2020-07-18T16:10:47,159,4,17
HN-LE,Honduras,Lempira,2020-07-18T16:10:47,89,5,8
HN-OC,Honduras,Ocotepeque,2020-07-18T16:10:47,196,4,43
HN-OL,Honduras,Olancho,2020-07-18T16:10:47,202,1,14
HN-SB,Honduras,Santa Barbara,2020-07-18T16:10:47,698,16,89
HN-VA,Honduras,Valle,2020-07-18T16:10:47,584,9,43
HN-YO,Honduras,Yoro,2020-07-18T16:10:47,1443,13,169
MX-AGU,Mexico,Aguascalientes,2020-07-18T04:45:49,3295,205,
MX-BCN,Mexico,Baja California,2020-07-18T04:45:49,11994,2413,
MX-BCS,Mexico,Baja California Sur,2020-07-18T04:45:49,2859,116,
MX-CAM,Mexico,Campeche,2020-07-18T04:45:49,3447,339,
MX-CHP,Mexico,Chiapas,2020-07-18T04:45:49,5170,806,
MX-CHH,Mexico,Chihuahua,2020-07-18T04:45:49,4265,785,
MX-CMX,Mexico,Ciudad de Mexico,2020-07-18T04:45:49,74921,8101,
MX-COA,Mexico,Coahuila,2020-07-18T04:45:49,8535,439,
MX-COL,Mexico,Colima,2020-07-18T04:45:49,1124,133,
MX-DUR,Mexico,Durango,2020-07-18T04:45:49,3024,221,
MX-GUA,Mexico,Guanajuato,2020-07-18T04:45:49,14049,705,
MX-GRO,Mexico,Guerrero,2020-07-18T04:45:49,8447,1157,
MX-HID,Mexico,Hidalgo,2020-07-18T04:45:49,5062,860,
MX-JAL,Mexico,Jalisco,2020-07-18T04:45:49,10109,1177,
MX-MIC,Mexico,Michoacan,2020-07-18T04:45:49,7826,619,
MX-MOR,Mexico,Morelos,2020-07-18T04:45:49,3395,771,
MX-MEX,Mexico,Mexico,2020-07-18T04:45:49,32235,5596,
MX-NAY,Mexico,Nayarit,2020-07-18T04:45:49,2588,271,
MX-NLE,Mexico,Nuevo Leon,2020-07-18T04:45:49,11514,638,
MX-OAX,Mexico,Oaxaca,2020-07-18T04:45:49,8244,790,
MX-PUE,Mexico,Puebla,2020-07-18T04:45:49,15775,1929,
MX-QUE,Mexico,Queretaro,2020-07-18T04:45:49,2919,398,
MX-ROO,Mexico,Quintana Roo,2020-07-18T04:45:49,5733,767,
MX-SLP,Mexico,San Luis Potosi,2020-07-18T04:45:49,5443,301,
MX-SIN,Mexico,Sinaloa,2020-07-18T04:45:49,11052,1791,
MX-SON,Mexico,Sonora,2020-07-18T04:45:49,13459,1271,
MX-TAB,Mexico,Tabasco,2020-07-18T04:45:49,16693,1546,
MX-TAM,Mexico,Tamaulipas,2020-07-18T04:45:49,10514,681,
MX-TLA,Mexico,Tlaxcala,2020-07-18T04:45:49,3347,506,
MX-VER,Mexico,Veracruz,2020-07-18T04:45:49,15614,2137,
MX-YUC,Mexico,Yucatan,2020-07-18T04:45:49,6972,684,
MX-ZAC,Mexico,Zacatecas,2020-07-18T04:45:49,1674,157,
NI-BO,Nicaragua,Boaco,,,,
NI-CA,Nicaragua,Carazo,,,,
NI-CI,Nicaragua,Chinandega,,,,
NI-CO,Nicaragua,Chontales,,,,
NI-ES,Nicaragua,Estelí,,,,
NI-GR,Nicaragua,Granada,,,,
NI-JI,Nicaragua,Jinotega,,,,
NI-LE,Nicaragua,León,,,,
NI-MD,Nicaragua,Madriz,,,,
NI-MN,Nicaragua,Managua,,,,
NI-MS,Nicaragua,Masaya,,,,
NI-MT,Nicaragua,Matagalpa,,,,
NI-AN,Nicaragua,NCCAR,,,,
NI-NS,Nicaragua,Nueva Segovia,,,,
NI-RI,Nicaragua,Rio San Juan,,,,
NI-SJ,Nicaragua,Rivas,,,,
NI-AS,Nicaragua,SCCAR,,,,
PA-1,Panama,Bocas del Toro,,,,
PA-4,Panama,Chiriqui,,,,
PA-2,Panama,Cocle,,,,
PA-3,Panama,Colon,,,,
PA-5,Panama,Darien,,,,
PA-EM,Panama,Embera,,,,
PA-KY,Panama,Guna Yala,,,,
PA-6,Panama,Herrera,,,,
PA-7,Panama,Los Santos,,,,
PA-NB,Panama,Ngabe-Bugle,,,,
PA-8,Panama,Panama,,,,
PA-10,Panama,Panama Oeste,,,,
PA-9,Panama,Veraguas,,,,
PY-16,Paraguay,Alto Paraguay,,,,
PY-10,Paraguay,Alto Parana,,,,
PY-13,Paraguay,Amambay,,,,
PY-19,Paraguay,Boqueron,,,,
PY-5,Paraguay,Caaguazu,,,,
PY-6,Paraguay,Caazapa,,,,
PY-14,Paraguay,Canindeyu,,,,
PY-11,Paraguay,Central,,,,
PY-1,Paraguay,Concepcion,,,,
PY-3,Paraguay,Cordillera,,,,
PY-ASU,Paraguay,Distrito Capital,,,,
PY-4,Paraguay,Guaira,,,,
PY-7,Paraguay,Itapua,,,,
PY-8,Paraguay,Misiones,,,,
PY-12,Paraguay,Neembucu,,,,
PY-9,Paraguay,Paraguari,,,,
PY-15,Paraguay,Presidente Hayes,,,,
PY-2,Paraguay,San Pedro,,,,
PE-AMA,Peru,Amazonas,2020-07-20 12:30:40.541327,3653,97,
PE-ANC,Peru,Ancash,2020-07-20 12:30:40.541327,10125,582,
PE-APU,Peru,Apurimac,2020-07-20 12:30:40.541327,691,25,
PE-ARE,Peru,Arequipa,2020-07-20 12:30:40.541327,9939,508,
PE-AYA,Peru,Ayacucho,2020-07-20 12:30:40.541327,2604,43,
PE-CAJ,Peru,Cajamarca,2020-07-20 12:30:40.541327,4019,140,
PE-CAL,Peru,Callao,2020-07-20 12:30:40.541327,19573,755,
PE-CUS,Peru,Cusco,2020-07-20 12:30:40.541327,2586,35,
PE-HUV,Peru,Huancavelica,2020-07-20 12:30:40.541327,1176,26,
PE-HUC,Peru,Huanuco,2020-07-20 12:30:40.541327,4500,127,
PE-ICA,Peru,Ica,2020-07-20 12:30:40.541327,9795,662,
PE-JUN,Peru,Junin,2020-07-20 12:30:40.541327,5707,260,
PE-LAL,Peru,La Libertad,2020-07-20 12:30:40.541327,12743,854,
PE-LAM,Peru,Lambayeque,2020-07-20 12:30:40.541327,15495,813,
PE-LIM,Peru,Lima,2020-07-20 12:30:40.541327,0,0,
PE-LOR,Peru,Loreto,2020-07-20 12:30:40.541327,10122,366,
PE-MDD,Peru,Madre de dios,2020-07-20 12:30:40.541327,2555,82,
PE-MOQ,Peru,Moquegua,2020-07-20 12:30:40.541327,1541,35,
PE-PAS,Peru,Pasco,2020-07-20 12:30:40.541327,1430,34,
PE-PIU,Peru,Piura,2020-07-20 12:30:40.541327,19252,867,
PE-PUN,Peru,Puno,2020-07-20 12:30:40.541327,1279,42,
PE-SAM,Peru,San Martin,2020-07-20 12:30:40.541327,6905,189,
PE-TAC,Peru,Tacna,2020-07-20 12:30:40.541327,1550,14,
PE-TUM,Peru,Tumbes,2020-07-20 12:30:40.541327,3490,129,
PE-UCA,Peru,Ucayali,2020-07-20 12:30:40.541327,9049,175,
US-PR,United States,Puerto Rico,,,,
UY-AR,Uruguay,Artigas,,,,
UY-CA,Uruguay,Canelones,,,,
UY-CL,Uruguay,Cerro Largo,,,,
UY-CO,Uruguay,Colonia,,,,
UY-DU,Uruguay,Durazno,,,,
UY-FS,Uruguay,Flores,,,,
UY-FD,Uruguay,Florida,,,,
UY-LA,Uruguay,Lavalleja,,,,
UY-MA,Uruguay,Maldonado,,,,
UY-MO,Uruguay,Montevideo,,,,
UY-PA,Uruguay,Paysandu,,,,
UY-RN,Uruguay,Rio Negro,,,,
UY-RV,Uruguay,Rivera,,,,
UY-RO,Uruguay,Rocha,,,,
UY-SA,Uruguay,Salto,,,,
UY-SJ,Uruguay,San Jose,,,,
UY-SO,Uruguay,Soriano,,,,
UY-TA,Uruguay,Tacuarembo,,,,
UY-TT,Uruguay,Treinta y Tres,,,,
VE-Z,Venezuela,Amazonas,,,,
VE-B,Venezuela,Anzoategui,,,,
VE-C,Venezuela,Apure,,,,
VE-D,Venezuela,Aragua,,,,
VE-E,Venezuela,Barinas,,,,
VE-F,Venezuela,Bolivar,,,,
VE-G,Venezuela,Carabobo,,,,
VE-A,Venezuela,Caracas Distrito Capital,,,,
VE-H,Venezuela,Cojedes,,,,
VE-Y,Venezuela,Delta Amacuro,,,,
VE-W,Venezuela,Dependencias Federales,,,,
VE-I,Venezuela,Falcon,,,,
VE-J,Venezuela,Guarico,,,,
VE-K,Venezuela,Lara,,,,
VE-L,Venezuela,Merida,,,,
VE-M,Venezuela,Miranda,,,,
VE-N,Venezuela,Monagas,,,,
VE-O,Venezuela,Nueva Esparta,,,,
VE-P,Venezuela,Portuguesa,,,,
VE-R,Venezuela,Sucre,,,,
VE-S,Venezuela,Tachira,,,,
VE-T,Venezuela,Trujillo,,,,
VE-X,Venezuela,Vargas,,,,
VE-U,Venezuela,Yaracuy,,,,
VE-V,Venezuela,Zulia,,,,
