ISO 3166-2 Code,Country,Subdivision,Last Update,Confirmed,Deaths,Recovered
AR-B,Argentina,Buenos Aires,,,,
AR-K,Argentina,Catamarca,,,,
AR-H,Argentina,Chaco,,,,
AR-U,Argentina,Chubut,,,,
AR-C,Argentina,Ciudad Autonoma de Buenos Aires,,,,
AR-X,Argentina,Cordoba,,,,
AR-W,Argentina,Corrientes,,,,
AR-E,Argentina,Entre Rios,,,,
AR-P,Argentina,Formosa,,,,
AR-Y,Argentina,Jujuy,,,,
AR-L,Argentina,La Pampa,,,,
AR-F,Argentina,La Rioja,,,,
AR-M,Argentina,Mendoza,,,,
AR-N,Argentina,Misiones,,,,
AR-Q,Argentina,Neuquen,,,,
AR-R,Argentina,Rio Negro,,,,
AR-A,Argentina,Salta,,,,
AR-J,Argentina,San Juan,,,,
AR-D,Argentina,San Luis,,,,
AR-Z,Argentina,Santa Cruz,,,,
AR-S,Argentina,Santa Fe,,,,
AR-G,Argentina,Santiago del Estero,,,,
AR-V,Argentina,Tierra del Fuego,,,,
AR-T,Argentina,Tucuman,,,,
BO-B,Bolivia,Beni,,,,
BO-H,Bolivia,Chuquisaca,,,,
BO-C,Bolivia,Cochabamba,,,,
BO-L,Bolivia,La Paz,,,,
BO-O,Bolivia,Oruro,,,,
BO-N,Bolivia,Pando,,,,
BO-P,Bolivia,Potosi,,,,
BO-S,Bolivia,Santa Cruz,,,,
BO-T,Bolivia,Tarija,,,,
BR-AC,Brazil,Acre,2020-05-17 16:01:35.679086,142,5,
BR-AL,Brazil,Alagoas,2020-05-17 16:01:35.679086,132,7,
BR-AP,Brazil,Amapa,2020-05-17 16:01:35.679086,393,10,
BR-AM,Brazil,Amazonas,2020-05-17 16:01:35.679086,1897,161,
BR-BA,Brazil,Bahia,2020-05-17 16:01:35.679086,1193,37,
BR-CE,Brazil,Ceara,2020-05-17 16:01:35.679086,3034,176,
BR-DF,Brazil,Distrito Federal,2020-05-17 16:01:35.679086,762,24,
BR-ES,Brazil,Espiritu Santo,2020-05-17 16:01:35.679086,0,0,
BR-GO,Brazil,Goias,2020-05-17 16:01:35.679086,378,18,
BR-MA,Brazil,Maranhao,2020-05-17 16:01:35.679086,1040,44,
BR-MT,Brazil,Mato Grosso,2020-05-17 16:01:35.679086,171,5,
BR-MS,Brazil,Mato Grosso do Sul,2020-05-17 16:01:35.679086,161,5,
BR-MG,Brazil,Minas Gerais,2020-05-17 16:01:35.679086,1077,39,
BR-PA,Brazil,Para,2020-05-17 16:01:35.679086,640,33,
BR-PB,Brazil,Paraiba,2020-05-17 16:01:35.679086,205,26,
BR-PR,Brazil,Parana,2020-05-17 16:01:35.679086,945,46,
BR-PE,Brazil,Pernambuco,2020-05-17 16:01:35.679086,2193,205,
BR-PI,Brazil,Piaui,2020-05-17 16:01:35.679086,123,9,
BR-RN,Brazil,Rio Grande do Norte,2020-05-17 16:01:35.679086,516,24,
BR-RS,Brazil,Rio Grande do Sul,2020-05-17 16:01:35.679086,831,24,
BR-RJ,Brazil,Rio de Janeiro,2020-05-17 16:01:35.679086,4543,387,
BR-RO,Brazil,Rondonia,2020-05-17 16:01:35.679086,110,3,
BR-RR,Brazil,Roraima,2020-05-17 16:01:35.679086,201,3,
BR-SC,Brazil,Santa Catarina,2020-05-17 16:01:35.679086,962,31,
BR-SP,Brazil,Sao Paulo,2020-05-17 16:01:35.679086,13894,991,
BR-SE,Brazil,Sergipe,2020-05-17 16:01:35.679086,71,5,
BR-TO,Brazil,Tocantins,2020-05-17 16:01:35.679086,33,1,
CL-AN,Chile,Antofagasta,2020-04-18T15:37:57,226,1,0
CL-AR,Chile,Araucania,2020-04-18T15:37:57,944,23,0
CL-AP,Chile,Arica y Parinacota,2020-04-18T15:37:57,142,2,0
CL-AT,Chile,Atacama,2020-04-18T15:37:57,13,0,0
CL-AI,Chile,Aysen,2020-04-18T15:37:57,7,0,0
CL-BI,Chile,Biobio,2020-04-18T15:37:57,606,3,0
CL-CO,Chile,Coquimbo,2020-04-18T15:37:57,68,0,0
CL-LL,Chile,Los Lagos,2020-04-18T15:37:57,416,6,0
CL-LR,Chile,Los Rios,2020-04-18T15:37:57,156,3,0
CL-MA,Chile,Magallanes,2020-04-18T15:37:57,522,6,0
CL-ML,Chile,Maule,2020-04-18T15:37:57,276,8,0
CL-NB,Chile,Nuble,2020-04-18T15:37:57,667,12,0
CL-LI,Chile,O'Higgins,2020-04-18T15:37:57,55,0,0
CL-RM,Chile,Santiago,2020-04-18T15:37:57,5192,58,0
CL-TA,Chile,Tarapaca,2020-04-18T15:37:57,81,0,0
CL-VS,Chile,Valparaiso,2020-04-18T15:37:57,359,4,0
CO-AMA,Colombia,Amazonas,2020-05-18 00:03:35.887078,4,0,
CO-ANT,Colombia,Antioquia,2020-05-18 00:03:35.887078,334,3,
CO-ARA,Colombia,Arauca,2020-05-18 00:03:35.887078,0,0,
CO-ATL,Colombia,Atlantico,2020-05-18 00:03:35.887078,106,0,
CO-DC,Colombia,Bogota,2020-05-18 00:03:35.887078,1457,76,
CO-BOL,Colombia,Bolivar,2020-05-18 00:03:35.887078,183,17,
CO-BOY,Colombia,Boyaca,2020-05-18 00:03:35.887078,0,0,
CO-CAL,Colombia,Caldas,2020-05-18 00:03:35.887078,0,0,
CO-CAQ,Colombia,Caqueta,2020-05-18 00:03:35.887078,1,0,
CO-CAS,Colombia,Casanare,2020-05-18 00:03:35.887078,0,0,
CO-CAU,Colombia,Cauca,2020-05-18 00:03:35.887078,41,0,
CO-CES,Colombia,Cesar,2020-05-18 00:03:35.887078,0,0,
CO-COR,Colombia,Choco,2020-05-18 00:03:35.887078,8,0,
CO-CUN,Colombia,Cordoba,2020-05-18 00:03:35.887078,18,0,
CO-CHO,Colombia,Cundinamarca,2020-05-18 00:03:35.887078,172,0,
CO-GUA,Colombia,Guainia,2020-05-18 00:03:35.887078,0,0,
CO-GUV,Colombia,Guaviare,2020-05-18 00:03:35.887078,0,0,
CO-HUI,Colombia,Huila,2020-05-18 00:03:35.887078,78,0,
CO-LAG,Colombia,La Guajira,2020-05-18 00:03:35.887078,2,0,
CO-MAG,Colombia,Magdalena,2020-05-18 00:03:35.887078,0,12,
CO-MET,Colombia,Meta,2020-05-18 00:03:35.887078,46,0,
CO-NAR,Colombia,Narino,2020-05-18 00:03:35.887078,47,6,
CO-NSA,Colombia,Norte de Santander,2020-05-18 00:03:35.887078,92,0,
CO-PUT,Colombia,Putumayo,2020-05-18 00:03:35.887078,0,0,
CO-QUI,Colombia,Quindio,2020-05-18 00:03:35.887078,53,0,
CO-RIS,Colombia,Risaralda,2020-05-18 00:03:35.887078,125,5,
CO-SAP,Colombia,San Andres y Providencia,2020-05-18 00:03:35.887078,0,0,
CO-SAN,Colombia,Santander,2020-05-18 00:03:35.887078,0,0,
CO-SUC,Colombia,Sucre,2020-05-18 00:03:35.887078,0,0,
CO-TOL,Colombia,Tolima,2020-05-18 00:03:35.887078,0,0,
CO-VAC,Colombia,Valle del Cauca,2020-05-18 00:03:35.887078,606,38,
CO-VAU,Colombia,Vaupes,2020-05-18 00:03:35.887078,0,0,
CO-VID,Colombia,Vichada,2020-05-18 00:03:35.887078,0,0,
CR-A,Costa Rica,Alajuela,2020-05-17 16:01:35.679086,166,0,
CR-C,Costa Rica,Cartago,2020-05-17 16:01:35.679086,44,0,
CR-G,Costa Rica,Guanacaste,2020-05-17 16:01:35.679086,13,0,
CR-H,Costa Rica,Heredia,2020-05-17 16:01:35.679086,62,0,
CR-L,Costa Rica,Limon,2020-05-17 16:01:35.679086,6,0,
CR-P,Costa Rica,Puntarenas,2020-05-17 16:01:35.679086,34,0,
CR-SJ,Costa Rica,San Jose,2020-05-17 16:01:35.679086,329,0,
CU-15,Cuba,Artemisa,,,,
CU-09,Cuba,Camagüey,,,,
CU-08,Cuba,Ciego de Ávila,,,,
CU-06,Cuba,Cienfuegos,,,,
CU-12,Cuba,Granma,,,,
CU-14,Cuba,Guantánamo,,,,
CU-11,Cuba,Holguín,,,,
CU-99,Cuba,Isla de la Juventud,,,,
CU-03,Cuba,La Habana,,,,
CU-10,Cuba,Las Tunas,,,,
CU-04,Cuba,Matanzas,,,,
CU-16,Cuba,Mayabeque,,,,
CU-01,Cuba,Pinar del Río,,,,
CU-07,Cuba,Sancti Spíritus,,,,
CU-13,Cuba,Santiago de Cuba,,,,
CU-05,Cuba,Villa Clara,,,,
DO-02,Dominican Republic,Azua,,,,
DO-03,Dominican Republic,Baoruco,,,,
DO-04,Dominican Republic,Barahona,,,,
DO-05,Dominican Republic,Dajabon,,,,
DO-06,Dominican Republic,Distrito Nacional,,,,
DO-08,Dominican Republic,Duarte,,,,
DO-09,Dominican Republic,El Seibo,,,,
DO-30,Dominican Republic,Elias Pina,,,,
DO-10,Dominican Republic,Espaillat,,,,
DO-11,Dominican Republic,Hato Mayor,,,,
DO-07,Dominican Republic,Hermanas Mirabal,,,,
DO-12,Dominican Republic,Independencia,,,,
DO-13,Dominican Republic,La Altagracia,,,,
DO-14,Dominican Republic,La Romana,,,,
DO-28,Dominican Republic,La Vega,,,,
DO-15,Dominican Republic,Maria Trinidad Sanchez,,,,
DO-29,Dominican Republic,Monsenor Nouel,,,,
DO-16,Dominican Republic,Monte Cristi,,,,
DO-17,Dominican Republic,Monte Plata,,,,
DO-18,Dominican Republic,Pedernales,,,,
DO-19,Dominican Republic,Peravia,,,,
DO-20,Dominican Republic,Puerto Plata,,,,
DO-21,Dominican Republic,Samana,,,,
DO-31,Dominican Republic,San Cristobal,,,,
DO-22,Dominican Republic,San Jose de Ocoa,,,,
DO-23,Dominican Republic,San Juan,,,,
DO-24,Dominican Republic,San Pedro de Macoris,,,,
DO-25,Dominican Republic,Sanchez Ramirez,,,,
DO-26,Dominican Republic,Santiago,,,,
DO-32,Dominican Republic,Santiago Rodriguez,,,,
DO-01,Dominican Republic,Santo Domingo,,,,
DO-27,Dominican Republic,Valverde,,,,
EC-A,Ecuador,Azuay,,,,
EC-B,Ecuador,Bolivar,,,,
EC-F,Ecuador,Canar,,,,
EC-C,Ecuador,Carchi,,,,
EC-H,Ecuador,Chimborazo,,,,
EC-X,Ecuador,Cotopaxi,,,,
EC-O,Ecuador,El Oro,,,,
EC-E,Ecuador,Esmeraldas,,,,
EC-W,Ecuador,Galapagos,,,,
EC-G,Ecuador,Guayas,,,,
EC-I,Ecuador,Imbabura,,,,
EC-L,Ecuador,Loja,,,,
EC-R,Ecuador,Los Rios,,,,
EC-M,Ecuador,Manabi,,,,
EC-S,Ecuador,Morona Santiago,,,,
EC-N,Ecuador,Napo,,,,
EC-D,Ecuador,Orellana,,,,
EC-Y,Ecuador,Pastaza,,,,
EC-P,Ecuador,Pichincha,,,,
EC-SE,Ecuador,Santa Elena,,,,
EC-SD,Ecuador,Santo Domingo de los Tsachilas,,,,
EC-U,Ecuador,Sucumbios,,,,
EC-T,Ecuador,Tungurahua,,,,
EC-Z,Ecuador,Zamora-Chinchipe,,,,
SV-AH,El Salvador,Ahuachapan,,,,
SV-CA,El Salvador,Cabanas,,,,
SV-CH,El Salvador,Chalatenango,,,,
SV-CU,El Salvador,Cuscatlan,,,,
SV-LI,El Salvador,La Libertad,,,,
SV-PA,El Salvador,La Paz,,,,
SV-UN,El Salvador,La Unión,,,,
SV-MO,El Salvador,Morazan,,,,
SV-SM,El Salvador,San Miguel,,,,
SV-SS,El Salvador,San Salvador,,,,
SV-SV,El Salvador,San Vicente,,,,
SV-SA,El Salvador,Santa Ana,,,,
SV-SO,El Salvador,Sonsonate,,,,
SV-US,El Salvador,Usulutan,,,,
FR-GP,France,Guadeloupe,,,,
FR-GF,France,Guyane,,,,
FR-MQ,France,Martinique,,,,
FR-BL,France,Saint-Barthélemy,,,,
FR-MF,France,Saint-Martin,,,,
FR-PM,France,Saint-Pierre-et-Miquelon,,,,
GT-AV,Guatemala,Alta Verapaz,,,,
GT-BV,Guatemala,Baja Verapaz,,,,
GT-CM,Guatemala,Chimaltenango,,,,
GT-CQ,Guatemala,Chiquimula,,,,
GT-PR,Guatemala,El Progreso,,,,
GT-ES,Guatemala,Escuintla,,,,
GT-GU,Guatemala,Guatemala,,,,
GT-HU,Guatemala,Huehuetenango,,,,
GT-IZ,Guatemala,Izabal,,,,
GT-JA,Guatemala,Jalapa,,,,
GT-JU,Guatemala,Jutiapa,,,,
GT-PE,Guatemala,Petén,,,,
GT-QZ,Guatemala,Quetzaltenango,,,,
GT-QC,Guatemala,Quiché,,,,
GT-RE,Guatemala,Retalhuleu,,,,
GT-SA,Guatemala,Sacatepéquez,,,,
GT-SM,Guatemala,San Marcos,,,,
GT-SR,Guatemala,Santa Rosa,,,,
GT-SO,Guatemala,Sololá,,,,
GT-SU,Guatemala,Suchitepéquez,,,,
GT-TO,Guatemala,Totonicapán,,,,
GT-ZA,Guatemala,Zacapa,,,,
HT-AR,Haiti,Artibonite,,,,
HT-CE,Haiti,Centre,,,,
HT-GA,Haiti,Grande’Anse,,,,
HT-NI,Haiti,Nippes,,,,
HT-ND,Haiti,Nord,,,,
HT-NE,Haiti,Nord-Est,,,,
HT-NO,Haiti,Nord-Ouest,,,,
HT-OU,Haiti,Ouest,,,,
HT-SD,Haiti,Sud,,,,
HT-SE,Haiti,Sud-Est,,,,
HN-AT,Honduras,Atlantida,2020-04-19T20:20:36,20,3,6
HN-CH,Honduras,Choluteca,2020-04-19T20:20:36,2,0,0
HN-CL,Honduras,Colon,2020-04-19T20:20:36,28,1,0
HN-CM,Honduras,Comayagua,2020-04-19T20:20:36,2,0,0
HN-CP,Honduras,Copan,2020-04-19T20:20:36,1,0,0
HN-CR,Honduras,Cortes,2020-04-19T20:20:36,333,36,0
HN-EP,Honduras,El Paraiso,2020-04-19T20:20:36,0,0,0
HN-FM,Honduras,Francisco Morazan,2020-04-19T20:20:36,59,2,9
HN-GD,Honduras,Gracias a Dios,2020-04-19T20:20:36,0,0,0
HN-IN,Honduras,Intibuca,2020-04-19T20:20:36,0,0,0
HN-IB,Honduras,Islas de la Bahia,2020-04-19T20:20:36,0,0,0
HN-LP,Honduras,La Paz,2020-04-19T20:20:36,2,0,0
HN-LE,Honduras,Lempira,2020-04-19T20:20:36,5,1,0
HN-OC,Honduras,Ocotepeque,2020-04-19T20:20:36,0,0,0
HN-OL,Honduras,Olancho,2020-04-19T20:20:36,0,0,0
HN-SB,Honduras,Santa Barbara,2020-04-19T20:20:36,10,0,0
HN-VA,Honduras,Valle,2020-04-19T20:20:36,0,0,0
HN-YO,Honduras,Yoro,2020-04-19T20:20:36,10,3,0
MX-AGU,Mexico,Aguascalientes,2020-04-19T02:05:00,77,2,
MX-BCN,Mexico,Baja California,2020-04-19T02:05:00,610,68,
MX-BCS,Mexico,Baja California Sur,2020-04-19T02:05:00,173,6,
MX-CAM,Mexico,Campeche,2020-04-19T02:05:00,56,3,
MX-CHP,Mexico,Chiapas,2020-04-19T02:05:00,62,3,
MX-CHH,Mexico,Chihuahua,2020-04-19T02:05:00,131,31,
MX-CMX,Mexico,Ciudad de Mexico,2020-04-19T02:05:00,2299,178,
MX-COA,Mexico,Coahuila,2020-04-19T02:05:00,232,18,
MX-COL,Mexico,Colima,2020-04-19T02:05:00,10,2,
MX-DUR,Mexico,Durango,2020-04-19T02:05:00,19,4,
MX-GUA,Mexico,Guanajuato,2020-04-19T02:05:00,116,9,
MX-GRO,Mexico,Guerrero,2020-04-19T02:05:00,110,11,
MX-HID,Mexico,Hidalgo,2020-04-19T02:05:00,75,13,
MX-JAL,Mexico,Jalisco,2020-04-19T02:05:00,196,13,
MX-MEX,Mexico,Mexico,2020-04-19T02:05:00,786,52,
MX-MIC,Mexico,Michoacan,2020-04-19T02:05:00,107,16,
MX-MOR,Mexico,Morelos,2020-04-19T02:05:00,77,11,
MX-NAY,Mexico,Nayarit,2020-04-19T02:05:00,33,5,
MX-NLE,Mexico,Nuevo Leon,2020-04-19T02:05:00,172,6,
MX-OAX,Mexico,Oaxaca,2020-04-19T02:05:00,62,6,
MX-PUE,Mexico,Puebla,2020-04-19T02:05:00,330,40,
MX-QUE,Mexico,Queretaro,2020-04-19T02:05:00,79,6,
MX-ROO,Mexico,Quintana Roo,2020-04-19T02:05:00,315,31,
MX-SLP,Mexico,San Luis Potosi,2020-04-19T02:05:00,59,4,
MX-SIN,Mexico,Sinaloa,2020-04-19T02:05:00,413,45,
MX-SON,Mexico,Sonora,2020-04-19T02:05:00,108,10,
MX-TAB,Mexico,Tabasco,2020-04-19T02:05:00,278,28,
MX-TAM,Mexico,Tamaulipas,2020-04-19T02:05:00,117,5,
MX-TLA,Mexico,Tlaxcala,2020-04-19T02:05:00,72,4,
MX-VER,Mexico,Veracruz,2020-04-19T02:05:00,124,8,
MX-YUC,Mexico,Yucatan,2020-04-19T02:05:00,172,10,
MX-ZAC,Mexico,Zacatecas,2020-04-19T02:05:00,27,2,
NI-BO,Nicaragua,Boaco,,,,
NI-CA,Nicaragua,Carazo,,,,
NI-CI,Nicaragua,Chinandega,,,,
NI-CO,Nicaragua,Chontales,,,,
NI-ES,Nicaragua,Estelí,,,,
NI-GR,Nicaragua,Granada,,,,
NI-JI,Nicaragua,Jinotega,,,,
NI-LE,Nicaragua,León,,,,
NI-MD,Nicaragua,Madriz,,,,
NI-MN,Nicaragua,Managua,,,,
NI-MS,Nicaragua,Masaya,,,,
NI-MT,Nicaragua,Matagalpa,,,,
NI-AN,Nicaragua,NCCAR,,,,
NI-NS,Nicaragua,Nueva Segovia,,,,
NI-RI,Nicaragua,Rio San Juan,,,,
NI-SJ,Nicaragua,Rivas,,,,
NI-AS,Nicaragua,SCCAR,,,,
PA-1,Panama,Bocas del Toro,,,,
PA-4,Panama,Chiriqui,,,,
PA-2,Panama,Cocle,,,,
PA-3,Panama,Colon,,,,
PA-5,Panama,Darien,,,,
PA-EM,Panama,Embera,,,,
PA-KY,Panama,Guna Yala,,,,
PA-6,Panama,Herrera,,,,
PA-7,Panama,Los Santos,,,,
PA-NB,Panama,Ngabe-Bugle,,,,
PA-8,Panama,Panama,,,,
PA-10,Panama,Panama Oeste,,,,
PA-9,Panama,Veraguas,,,,
PY-16,Paraguay,Alto Paraguay,,,,
PY-10,Paraguay,Alto Parana,,,,
PY-13,Paraguay,Amambay,,,,
PY-19,Paraguay,Boqueron,,,,
PY-5,Paraguay,Caaguazu,,,,
PY-6,Paraguay,Caazapa,,,,
PY-14,Paraguay,Canindeyu,,,,
PY-11,Paraguay,Central,,,,
PY-1,Paraguay,Concepcion,,,,
PY-3,Paraguay,Cordillera,,,,
PY-ASU,Paraguay,Distrito Capital,,,,
PY-4,Paraguay,Guaira,,,,
PY-7,Paraguay,Itapua,,,,
PY-8,Paraguay,Misiones,,,,
PY-12,Paraguay,Neembucu,,,,
PY-9,Paraguay,Paraguari,,,,
PY-15,Paraguay,Presidente Hayes,,,,
PY-2,Paraguay,San Pedro,,,,
PE-AMA,Peru,Amazonas,2020-05-17 16:01:35.679086,51,,
PE-ANC,Peru,Ancash,2020-05-17 16:01:35.679086,217,13,
PE-APU,Peru,Apurimac,2020-05-17 16:01:35.679086,35,,
PE-ARE,Peru,Arequipa,2020-05-17 16:01:35.679086,146,5,
PE-AYA,Peru,Ayacucho,2020-05-17 16:01:35.679086,29,,
PE-CAJ,Peru,Cajamarca,2020-05-17 16:01:35.679086,52,2,
PE-CAL,Peru,Callao,2020-05-17 16:01:35.679086,1180,34,
PE-CUS,Peru,Cusco,2020-05-17 16:01:35.679086,123,3,
PE-HUV,Peru,Huancavelica,2020-05-17 16:01:35.679086,18,1,
PE-HUC,Peru,Huanuco,2020-05-17 16:01:35.679086,64,,
PE-ICA,Peru,Ica,2020-05-17 16:01:35.679086,124,6,
PE-JUN,Peru,Junin,2020-05-17 16:01:35.679086,130,1,
PE-LAL,Peru,La Libertad,2020-05-17 16:01:35.679086,211,16,
PE-LAM,Peru,Lambayeque,2020-05-17 16:01:35.679086,642,75,
PE-LIM,Peru,Lima,2020-05-17 16:01:35.679086,10234,144,
PE-LOR,Peru,Loreto,2020-05-17 16:01:35.679086,485,10,
PE-MDD,Peru,Madre de dios,2020-05-17 16:01:35.679086,21,,
PE-MOQ,Peru,Moquegua,2020-05-17 16:01:35.679086,28,,
PE-PAS,Peru,Pasco,2020-05-17 16:01:35.679086,13,,
PE-PIU,Peru,Piura,2020-05-17 16:01:35.679086,344,24,
PE-PUN,Peru,Puno,2020-05-17 16:01:35.679086,5,,
PE-SAM,Peru,San Martin,2020-05-17 16:01:35.679086,81,1,
PE-TAC,Peru,Tacna,2020-05-17 16:01:35.679086,28,,
PE-TUM,Peru,Tumbes,2020-05-17 16:01:35.679086,86,10,
PE-UCA,Peru,Ucayali,2020-05-17 16:01:35.679086,73,3,
US-PR,United States,Puerto Rico,,,,
UY-AR,Uruguay,Artigas,,,,
UY-CA,Uruguay,Canelones,,,,
UY-CL,Uruguay,Cerro Largo,,,,
UY-CO,Uruguay,Colonia,,,,
UY-DU,Uruguay,Durazno,,,,
UY-FS,Uruguay,Flores,,,,
UY-FD,Uruguay,Florida,,,,
UY-LA,Uruguay,Lavalleja,,,,
UY-MA,Uruguay,Maldonado,,,,
UY-MO,Uruguay,Montevideo,,,,
UY-PA,Uruguay,Paysandu,,,,
UY-RN,Uruguay,Rio Negro,,,,
UY-RV,Uruguay,Rivera,,,,
UY-RO,Uruguay,Rocha,,,,
UY-SA,Uruguay,Salto,,,,
UY-SJ,Uruguay,San Jose,,,,
UY-SO,Uruguay,Soriano,,,,
UY-TA,Uruguay,Tacuarembo,,,,
UY-TT,Uruguay,Treinta y Tres,,,,
VE-Z,Venezuela,Amazonas,,,,
VE-B,Venezuela,Anzoategui,,,,
VE-C,Venezuela,Apure,,,,
VE-D,Venezuela,Aragua,,,,
VE-E,Venezuela,Barinas,,,,
VE-F,Venezuela,Bolivar,,,,
VE-G,Venezuela,Carabobo,,,,
VE-A,Venezuela,Caracas Distrito Capital,,,,
VE-H,Venezuela,Cojedes,,,,
VE-Y,Venezuela,Delta Amacuro,,,,
VE-W,Venezuela,Dependencias Federales,,,,
VE-I,Venezuela,Falcon,,,,
VE-J,Venezuela,Guarico,,,,
VE-K,Venezuela,Lara,,,,
VE-L,Venezuela,Merida,,,,
VE-M,Venezuela,Miranda,,,,
VE-N,Venezuela,Monagas,,,,
VE-O,Venezuela,Nueva Esparta,,,,
VE-P,Venezuela,Portuguesa,,,,
VE-R,Venezuela,Sucre,,,,
VE-S,Venezuela,Tachira,,,,
VE-T,Venezuela,Trujillo,,,,
VE-X,Venezuela,Vargas,,,,
VE-U,Venezuela,Yaracuy,,,,
VE-V,Venezuela,Zulia,,,,
