ISO 3166-2 Code,Country,Subdivision,Last Update,Confirmed,Deaths,Recovered
AR-B,Argentina,Buenos Aires,,,,
AR-K,Argentina,Catamarca,,,,
AR-H,Argentina,Chaco,,,,
AR-U,Argentina,Chubut,,,,
AR-C,Argentina,Ciudad Autonoma de Buenos Aires,,,,
AR-X,Argentina,Cordoba,,,,
AR-W,Argentina,Corrientes,,,,
AR-E,Argentina,Entre Rios,,,,
AR-P,Argentina,Formosa,,,,
AR-Y,Argentina,Jujuy,,,,
AR-L,Argentina,La Pampa,,,,
AR-F,Argentina,La Rioja,,,,
AR-M,Argentina,Mendoza,,,,
AR-N,Argentina,Misiones,,,,
AR-Q,Argentina,Neuquen,,,,
AR-R,Argentina,Rio Negro,,,,
AR-A,Argentina,Salta,,,,
AR-J,Argentina,San Juan,,,,
AR-D,Argentina,San Luis,,,,
AR-Z,Argentina,Santa Cruz,,,,
AR-S,Argentina,Santa Fe,,,,
AR-G,Argentina,Santiago del Estero,,,,
AR-V,Argentina,Tierra del Fuego,,,,
AR-T,Argentina,Tucuman,,,,
BO-B,Bolivia,Beni,2020-08-12 23:03:15.820627,5930,317,
BO-H,Bolivia,Chuquisaca,2020-08-12 23:03:15.820627,3127,264,
BO-C,Bolivia,Cochabamba,2020-08-12 23:03:15.820627,10990,801,
BO-L,Bolivia,La Paz,2020-08-12 23:03:15.820627,23721,405,
BO-O,Bolivia,Oruro,2020-08-12 23:03:15.820627,4214,245,
BO-N,Bolivia,Pando,2020-08-12 23:03:15.820627,1766,142,
BO-P,Bolivia,Potosi,2020-08-12 23:03:15.820627,2352,125,
BO-S,Bolivia,Santa Cruz,2020-08-12 23:03:15.820627,37831,1401,
BO-T,Bolivia,Tarija,2020-08-12 23:03:15.820627,5140,127,
BR-AC,Brazil,Acre,2020-08-12 23:03:15.820627,21993,569,
BR-AL,Brazil,Alagoas,2020-08-12 23:03:15.820627,69751,1711,
BR-AP,Brazil,Amapa,2020-08-12 23:03:15.820627,38801,606,
BR-AM,Brazil,Amazonas,2020-08-12 23:03:15.820627,108920,3417,
BR-BA,Brazil,Bahia,2020-08-12 23:03:15.820627,203020,4135,
BR-CE,Brazil,Ceara,2020-08-12 23:03:15.820627,192422,8052,
BR-DF,Brazil,Distrito Federal,2020-08-12 23:03:15.820627,129184,1870,
BR-ES,Brazil,Espiritu Santo,2020-08-12 23:03:15.820627,95753,2805,
BR-GO,Brazil,Goias,2020-08-12 23:03:15.820627,93274,2135,
BR-MA,Brazil,Maranhao,2020-08-12 23:03:15.820627,133265,3215,
BR-MT,Brazil,Mato Grosso,2020-08-12 23:03:15.820627,68924,2221,
BR-MS,Brazil,Mato Grosso do Sul,2020-08-12 23:03:15.820627,33509,558,
BR-MG,Brazil,Minas Gerais,2020-08-12 23:03:15.820627,160485,3783,
BR-PA,Brazil,Para,2020-08-12 23:03:15.820627,171878,5909,
BR-PB,Brazil,Paraiba,2020-08-12 23:03:15.820627,92897,2071,
BR-PR,Brazil,Parana,2020-08-12 23:03:15.820627,97785,2516,
BR-PE,Brazil,Pernambuco,2020-08-12 23:03:15.820627,107375,7049,
BR-PI,Brazil,Piaui,2020-08-12 23:03:15.820627,62465,1548,
BR-RJ,Brazil,Rio de Janeiro,2020-08-12 23:03:15.820627,185610,14295,
BR-RN,Brazil,Rio Grande do Norte,2020-08-12 23:03:15.820627,56572,2019,
BR-RS,Brazil,Rio Grande do Sul,2020-08-12 23:03:15.820627,90049,2540,
BR-RO,Brazil,Rondonia,2020-08-12 23:03:15.820627,46061,981,
BR-RR,Brazil,Roraima,2020-08-12 23:03:15.820627,37579,555,
BR-SC,Brazil,Santa Catarina,2020-08-12 23:03:15.820627,112401,1637,
BR-SP,Brazil,Sao Paulo,2020-08-12 23:03:15.820627,655181,25869,
BR-SE,Brazil,Sergipe,2020-08-12 23:03:15.820627,65865,1653,
BR-TO,Brazil,Tocantins,2020-08-12 23:03:15.820627,33766,482,
CL-AN,Chile,Antofagasta,2020-08-12T15:40:58,16323,388,14818
CL-AR,Chile,Araucania,2020-08-12T15:40:58,4490,83,4133
CL-AP,Chile,Arica y Parinacota,2020-08-12T15:40:58,5451,78,4612
CL-AT,Chile,Atacama,2020-08-12T15:40:58,4108,21,3075
CL-AI,Chile,Aysen,2020-08-12T15:40:58,95,1,81
CL-BI,Chile,Biobio,2020-08-12T15:40:58,13260,145,11638
CL-CO,Chile,Coquimbo,2020-08-12T15:40:58,7631,89,6629
CL-LL,Chile,Los Lagos,2020-08-12T15:40:58,5149,54,4150
CL-LR,Chile,Los Rios,2020-08-12T15:40:58,987,15,902
CL-MA,Chile,Magallanes,2020-08-12T15:40:58,2128,30,1787
CL-ML,Chile,Maule,2020-08-12T15:40:58,10058,203,9039
CL-NB,Chile,Nuble,2020-08-12T15:40:58,3879,69,3533
CL-LI,Chile,O'Higgins,2020-08-12T15:40:58,11843,281,10604
CL-RM,Chile,Santiago,2020-08-12T15:40:58,263567,7992,250007
CL-TA,Chile,Tarapaca,2020-08-12T15:40:58,9617,182,8784
CL-VS,Chile,Valparaiso,2020-08-12T15:40:58,19518,573,17567
CO-AMA,Colombia,Amazonas,2020-08-12 23:03:15.820627,2641,0,
CO-ANT,Colombia,Antioquia,2020-08-12 23:03:15.820627,55820,1043,
CO-ARA,Colombia,Arauca,2020-08-12 23:03:15.820627,511,0,
CO-ATL,Colombia,Atlantico,2020-08-12 23:03:15.820627,59383,0,
CO-DC,Colombia,Bogota,2020-08-12 23:03:15.820627,146109,4219,
CO-BOL,Colombia,Bolivar,2020-08-12 23:03:15.820627,20925,0,
CO-BOY,Colombia,Boyaca,2020-08-12 23:03:15.820627,1763,0,
CO-CAL,Colombia,Caldas,2020-08-12 23:03:15.820627,1455,0,
CO-CAQ,Colombia,Caqueta,2020-08-12 23:03:15.820627,2944,0,
CO-CAS,Colombia,Casanare,2020-08-12 23:03:15.820627,535,0,
CO-CAU,Colombia,Cauca,2020-08-12 23:03:15.820627,5037,0,
CO-CES,Colombia,Cesar,2020-08-12 23:03:15.820627,4858,0,
CO-COR,Colombia,Choco,2020-08-12 23:03:15.820627,3404,0,
CO-CUN,Colombia,Cordoba,2020-08-12 23:03:15.820627,11623,0,
CO-CHO,Colombia,Cundinamarca,2020-08-12 23:03:15.820627,13031,368,
CO-GUA,Colombia,Guainia,2020-08-12 23:03:15.820627,0,0,
CO-GUV,Colombia,Guaviare,2020-08-12 23:03:15.820627,0,0,
CO-HUI,Colombia,Huila,2020-08-12 23:03:15.820627,1998,0,
CO-LAG,Colombia,La Guajira,2020-08-12 23:03:15.820627,3062,0,
CO-MAG,Colombia,Magdalena,2020-08-12 23:03:15.820627,9117,492,
CO-MET,Colombia,Meta,2020-08-12 23:03:15.820627,4583,0,
CO-NAR,Colombia,Narino,2020-08-12 23:03:15.820627,10404,0,
CO-NSA,Colombia,Norte de Santander,2020-08-12 23:03:15.820627,13552,629,
CO-PUT,Colombia,Putumayo,2020-08-12 23:03:15.820627,1638,0,
CO-QUI,Colombia,Quindio,2020-08-12 23:03:15.820627,558,0,
CO-RIS,Colombia,Risaralda,2020-08-12 23:03:15.820627,2982,0,
CO-SAP,Colombia,San Andres y Providencia,2020-08-12 23:03:15.820627,59,0,
CO-SAN,Colombia,Santander,2020-08-12 23:03:15.820627,0,0,
CO-SUC,Colombia,Sucre,2020-08-12 23:03:15.820627,7878,0,
CO-TOL,Colombia,Tolima,2020-08-12 23:03:15.820627,3952,0,
CO-VAC,Colombia,Valle del Cauca,2020-08-12 23:03:15.820627,32358,1204,
CO-VAU,Colombia,Vaupes,2020-08-12 23:03:15.820627,137,0,
CO-VID,Colombia,Vichada,2020-08-12 23:03:15.820627,0,0,
CR-A,Costa Rica,Alajuela,,,,
CR-C,Costa Rica,Cartago,,,,
CR-G,Costa Rica,Guanacaste,,,,
CR-H,Costa Rica,Heredia,,,,
CR-L,Costa Rica,Limon,,,,
CR-P,Costa Rica,Puntarenas,,,,
CR-SJ,Costa Rica,San Jose,,,,
CU-15,Cuba,Artemisa,2020-08-12 23:03:15.820627,0,0,
CU-09,Cuba,Camagüey,2020-08-12 23:03:15.820627,0,0,
CU-08,Cuba,Ciego de Ávila,2020-08-12 23:03:15.820627,0,0,
CU-06,Cuba,Cienfuegos,2020-08-12 23:03:15.820627,0,0,
CU-12,Cuba,Granma,2020-08-12 23:03:15.820627,0,0,
CU-14,Cuba,Guantánamo,2020-08-12 23:03:15.820627,0,0,
CU-11,Cuba,Holguín,2020-08-12 23:03:15.820627,0,0,
CU-99,Cuba,Isla de la Juventud,2020-08-12 23:03:15.820627,0,0,
CU-03,Cuba,La Habana,2020-08-12 23:03:15.820627,0,0,
CU-10,Cuba,Las Tunas,2020-08-12 23:03:15.820627,0,0,
CU-04,Cuba,Matanzas,2020-08-12 23:03:15.820627,0,0,
CU-16,Cuba,Mayabeque,2020-08-12 23:03:15.820627,0,0,
CU-01,Cuba,Pinar del Río,2020-08-12 23:03:15.820627,0,0,
CU-07,Cuba,Sancti Spíritus,2020-08-12 23:03:15.820627,0,0,
CU-13,Cuba,Santiago de Cuba,2020-08-12 23:03:15.820627,0,0,
CU-05,Cuba,Villa Clara,2020-08-12 23:03:15.820627,0,0,
DO-02,Dominican Republic,Azua,,,,
DO-03,Dominican Republic,Baoruco,,,,
DO-04,Dominican Republic,Barahona,,,,
DO-05,Dominican Republic,Dajabon,,,,
DO-06,Dominican Republic,Distrito Nacional,,,,
DO-08,Dominican Republic,Duarte,,,,
DO-09,Dominican Republic,El Seibo,,,,
DO-30,Dominican Republic,Elias Pina,,,,
DO-10,Dominican Republic,Espaillat,,,,
DO-11,Dominican Republic,Hato Mayor,,,,
DO-07,Dominican Republic,Hermanas Mirabal,,,,
DO-12,Dominican Republic,Independencia,,,,
DO-13,Dominican Republic,La Altagracia,,,,
DO-14,Dominican Republic,La Romana,,,,
DO-28,Dominican Republic,La Vega,,,,
DO-15,Dominican Republic,Maria Trinidad Sanchez,,,,
DO-29,Dominican Republic,Monsenor Nouel,,,,
DO-16,Dominican Republic,Monte Cristi,,,,
DO-17,Dominican Republic,Monte Plata,,,,
DO-18,Dominican Republic,Pedernales,,,,
DO-19,Dominican Republic,Peravia,,,,
DO-20,Dominican Republic,Puerto Plata,,,,
DO-21,Dominican Republic,Samana,,,,
DO-31,Dominican Republic,San Cristobal,,,,
DO-22,Dominican Republic,San Jose de Ocoa,,,,
DO-23,Dominican Republic,San Juan,,,,
DO-24,Dominican Republic,San Pedro de Macoris,,,,
DO-25,Dominican Republic,Sanchez Ramirez,,,,
DO-26,Dominican Republic,Santiago,,,,
DO-32,Dominican Republic,Santiago Rodriguez,,,,
DO-01,Dominican Republic,Santo Domingo,,,,
DO-27,Dominican Republic,Valverde,,,,
EC-A,Ecuador,Azuay,2020-08-12 23:03:15.820627,4055,93,
EC-B,Ecuador,Bolivar,2020-08-12 23:03:15.820627,1292,53,
EC-F,Ecuador,Canar,2020-08-12 23:03:15.820627,891,58,
EC-C,Ecuador,Carchi,2020-08-12 23:03:15.820627,1455,34,
EC-H,Ecuador,Chimborazo,2020-08-12 23:03:15.820627,3383,191,
EC-X,Ecuador,Cotopaxi,2020-08-12 23:03:15.820627,1343,30,
EC-O,Ecuador,El Oro,2020-08-12 23:03:15.820627,17993,1665,
EC-E,Ecuador,Esmeraldas,2020-08-12 23:03:15.820627,1695,231,
EC-W,Ecuador,Galapagos,2020-08-12 23:03:15.820627,1976,79,
EC-G,Ecuador,Guayas,2020-08-12 23:03:15.820627,3247,116,
EC-I,Ecuador,Imbabura,2020-08-12 23:03:15.820627,7174,821,
EC-L,Ecuador,Loja,2020-08-12 23:03:15.820627,985,51,
EC-R,Ecuador,Los Rios,2020-08-12 23:03:15.820627,3721,342,
EC-M,Ecuador,Manabi,2020-08-12 23:03:15.820627,19057,780,
EC-S,Ecuador,Morona Santiago,2020-08-12 23:03:15.820627,2967,321,
EC-N,Ecuador,Napo,2020-08-12 23:03:15.820627,2192,16,
EC-D,Ecuador,Orellana,2020-08-12 23:03:15.820627,4120,280,
EC-Y,Ecuador,Pastaza,2020-08-12 23:03:15.820627,1178,332,
EC-P,Ecuador,Pichincha,2020-08-12 23:03:15.820627,2480,173,
EC-SE,Ecuador,Santa Elena,2020-08-12 23:03:15.820627,1650,57,
EC-SD,Ecuador,Santo Domingo de los Tsachilas,2020-08-12 23:03:15.820627,105,1,
EC-U,Ecuador,Sucumbios,2020-08-12 23:03:15.820627,2480,178,
EC-T,Ecuador,Tungurahua,2020-08-12 23:03:15.820627,1645,44,
EC-Z,Ecuador,Zamora-Chinchipe,2020-08-12 23:03:15.820627,1070,38,
SV-AH,El Salvador,Ahuachapan,,,,
SV-CA,El Salvador,Cabanas,,,,
SV-CH,El Salvador,Chalatenango,,,,
SV-CU,El Salvador,Cuscatlan,,,,
SV-LI,El Salvador,La Libertad,,,,
SV-PA,El Salvador,La Paz,,,,
SV-UN,El Salvador,La Unión,,,,
SV-MO,El Salvador,Morazan,,,,
SV-SM,El Salvador,San Miguel,,,,
SV-SS,El Salvador,San Salvador,,,,
SV-SV,El Salvador,San Vicente,,,,
SV-SA,El Salvador,Santa Ana,,,,
SV-SO,El Salvador,Sonsonate,,,,
SV-US,El Salvador,Usulutan,,,,
FR-GP,France,Guadeloupe,,,,
FR-GF,France,Guyane,,,,
FR-MQ,France,Martinique,,,,
FR-BL,France,Saint-Barthélemy,,,,
FR-MF,France,Saint-Martin,,,,
FR-PM,France,Saint-Pierre-et-Miquelon,,,,
GT-AV,Guatemala,Alta Verapaz,,,,
GT-BV,Guatemala,Baja Verapaz,,,,
GT-CM,Guatemala,Chimaltenango,,,,
GT-CQ,Guatemala,Chiquimula,,,,
GT-PR,Guatemala,El Progreso,,,,
GT-ES,Guatemala,Escuintla,,,,
GT-GU,Guatemala,Guatemala,,,,
GT-HU,Guatemala,Huehuetenango,,,,
GT-IZ,Guatemala,Izabal,,,,
GT-JA,Guatemala,Jalapa,,,,
GT-JU,Guatemala,Jutiapa,,,,
GT-PE,Guatemala,Petén,,,,
GT-QZ,Guatemala,Quetzaltenango,,,,
GT-QC,Guatemala,Quiché,,,,
GT-RE,Guatemala,Retalhuleu,,,,
GT-SA,Guatemala,Sacatepéquez,,,,
GT-SM,Guatemala,San Marcos,,,,
GT-SR,Guatemala,Santa Rosa,,,,
GT-SO,Guatemala,Sololá,,,,
GT-SU,Guatemala,Suchitepéquez,,,,
GT-TO,Guatemala,Totonicapán,,,,
GT-ZA,Guatemala,Zacapa,,,,
HT-AR,Haiti,Artibonite,,,,
HT-CE,Haiti,Centre,,,,
HT-GA,Haiti,Grande’Anse,,,,
HT-NI,Haiti,Nippes,,,,
HT-ND,Haiti,Nord,,,,
HT-NE,Haiti,Nord-Est,,,,
HT-NO,Haiti,Nord-Ouest,,,,
HT-OU,Haiti,Ouest,,,,
HT-SD,Haiti,Sud,,,,
HT-SE,Haiti,Sud-Est,,,,
HN-AT,Honduras,Atlantida,,,,
HN-CH,Honduras,Choluteca,,,,
HN-CL,Honduras,Colon,,,,
HN-CM,Honduras,Comayagua,,,,
HN-CP,Honduras,Copan,,,,
HN-CR,Honduras,Cortes,,,,
HN-EP,Honduras,El Paraiso,,,,
HN-FM,Honduras,Francisco Morazan,,,,
HN-GD,Honduras,Gracias a Dios,,,,
HN-IN,Honduras,Intibuca,,,,
HN-IB,Honduras,Islas de la Bahia,,,,
HN-LP,Honduras,La Paz,,,,
HN-LE,Honduras,Lempira,,,,
HN-OC,Honduras,Ocotepeque,,,,
HN-OL,Honduras,Olancho,,,,
HN-SB,Honduras,Santa Barbara,,,,
HN-VA,Honduras,Valle,,,,
HN-YO,Honduras,Yoro,,,,
MX-AGU,Mexico,Aguascalientes,2020-08-13T01:38:50,4716,310,
MX-BCN,Mexico,Baja California,2020-08-13T01:38:50,14759,2833,
MX-BCS,Mexico,Baja California Sur,2020-08-13T01:38:50,5784,228,
MX-CAM,Mexico,Campeche,2020-08-13T01:38:50,5197,646,
MX-CHP,Mexico,Chiapas,2020-08-13T01:38:50,5738,962,
MX-CHH,Mexico,Chihuahua,2020-08-13T01:38:50,6264,994,
MX-CMX,Mexico,Ciudad de Mexico,2020-08-13T01:38:50,99756,9598,
MX-COA,Mexico,Coahuila,2020-08-13T01:38:50,16672,1000,
MX-COL,Mexico,Colima,2020-08-13T01:38:50,2541,299,
MX-DUR,Mexico,Durango,2020-08-13T01:38:50,4912,361,
MX-GUA,Mexico,Guanajuato,2020-08-13T01:38:50,25228,1328,
MX-GRO,Mexico,Guerrero,2020-08-13T01:38:50,12529,1489,
MX-HID,Mexico,Hidalgo,2020-08-13T01:38:50,7951,1258,
MX-JAL,Mexico,Jalisco,2020-08-13T01:38:50,15866,1904,
MX-MIC,Mexico,Michoacan,2020-08-13T01:38:50,11735,904,
MX-MOR,Mexico,Morelos,2020-08-13T01:38:50,4279,882,
MX-MEX,Mexico,Mexico,2020-08-13T01:38:50,42711,7116,
MX-NAY,Mexico,Nayarit,2020-08-13T01:38:50,4025,468,
MX-NLE,Mexico,Nuevo Leon,2020-08-13T01:38:50,22786,1631,
MX-OAX,Mexico,Oaxaca,2020-08-13T01:38:50,11787,1089,
MX-PUE,Mexico,Puebla,2020-08-13T01:38:50,23743,2933,
MX-QUE,Mexico,Queretaro,2020-08-13T01:38:50,4750,578,
MX-ROO,Mexico,Quintana Roo,2020-08-13T01:38:50,8884,1157,
MX-SLP,Mexico,San Luis Potosi,2020-08-13T01:38:50,13190,790,
MX-SIN,Mexico,Sinaloa,2020-08-13T01:38:50,14183,2502,
MX-SON,Mexico,Sonora,2020-08-13T01:38:50,19609,2361,
MX-TAB,Mexico,Tabasco,2020-08-13T01:38:50,25137,2272,
MX-TAM,Mexico,Tamaulipas,2020-08-13T01:38:50,18889,1415,
MX-TLA,Mexico,Tlaxcala,2020-08-13T01:38:50,4764,782,
MX-VER,Mexico,Veracruz,2020-08-13T01:38:50,24292,3138,
MX-YUC,Mexico,Yucatan,2020-08-13T01:38:50,12061,1094,
MX-ZAC,Mexico,Zacatecas,2020-08-13T01:38:50,3642,344,
NI-BO,Nicaragua,Boaco,,,,
NI-CA,Nicaragua,Carazo,,,,
NI-CI,Nicaragua,Chinandega,,,,
NI-CO,Nicaragua,Chontales,,,,
NI-ES,Nicaragua,Estelí,,,,
NI-GR,Nicaragua,Granada,,,,
NI-JI,Nicaragua,Jinotega,,,,
NI-LE,Nicaragua,León,,,,
NI-MD,Nicaragua,Madriz,,,,
NI-MN,Nicaragua,Managua,,,,
NI-MS,Nicaragua,Masaya,,,,
NI-MT,Nicaragua,Matagalpa,,,,
NI-AN,Nicaragua,NCCAR,,,,
NI-NS,Nicaragua,Nueva Segovia,,,,
NI-RI,Nicaragua,Rio San Juan,,,,
NI-SJ,Nicaragua,Rivas,,,,
NI-AS,Nicaragua,SCCAR,,,,
PA-1,Panama,Bocas del Toro,,,,
PA-4,Panama,Chiriqui,,,,
PA-2,Panama,Cocle,,,,
PA-3,Panama,Colon,,,,
PA-5,Panama,Darien,,,,
PA-EM,Panama,Embera,,,,
PA-KY,Panama,Guna Yala,,,,
PA-6,Panama,Herrera,,,,
PA-7,Panama,Los Santos,,,,
PA-NB,Panama,Ngabe-Bugle,,,,
PA-8,Panama,Panama,,,,
PA-10,Panama,Panama Oeste,,,,
PA-9,Panama,Veraguas,,,,
PY-16,Paraguay,Alto Paraguay,,,,
PY-10,Paraguay,Alto Parana,,,,
PY-13,Paraguay,Amambay,,,,
PY-19,Paraguay,Boqueron,,,,
PY-5,Paraguay,Caaguazu,,,,
PY-6,Paraguay,Caazapa,,,,
PY-14,Paraguay,Canindeyu,,,,
PY-11,Paraguay,Central,,,,
PY-1,Paraguay,Concepcion,,,,
PY-3,Paraguay,Cordillera,,,,
PY-ASU,Paraguay,Distrito Capital,,,,
PY-4,Paraguay,Guaira,,,,
PY-7,Paraguay,Itapua,,,,
PY-8,Paraguay,Misiones,,,,
PY-12,Paraguay,Neembucu,,,,
PY-9,Paraguay,Paraguari,,,,
PY-15,Paraguay,Presidente Hayes,,,,
PY-2,Paraguay,San Pedro,,,,
PE-AMA,Peru,Amazonas,2020-08-12 23:03:15.820627,0,0,
PE-ANC,Peru,Ancash,2020-08-12 23:03:15.820627,0,0,
PE-APU,Peru,Apurimac,2020-08-12 23:03:15.820627,0,0,
PE-ARE,Peru,Arequipa,2020-08-12 23:03:15.820627,0,0,
PE-AYA,Peru,Ayacucho,2020-08-12 23:03:15.820627,0,0,
PE-CAJ,Peru,Cajamarca,2020-08-12 23:03:15.820627,0,0,
PE-CAL,Peru,Callao,2020-08-12 23:03:15.820627,0,0,
PE-CUS,Peru,Cusco,2020-08-12 23:03:15.820627,0,0,
PE-HUV,Peru,Huancavelica,2020-08-12 23:03:15.820627,0,0,
PE-HUC,Peru,Huanuco,2020-08-12 23:03:15.820627,0,0,
PE-ICA,Peru,Ica,2020-08-12 23:03:15.820627,0,0,
PE-JUN,Peru,Junin,2020-08-12 23:03:15.820627,0,0,
PE-LAL,Peru,La Libertad,2020-08-12 23:03:15.820627,0,0,
PE-LAM,Peru,Lambayeque,2020-08-12 23:03:15.820627,0,0,
PE-LIM,Peru,Lima,2020-08-12 23:03:15.820627,0,0,
PE-LOR,Peru,Loreto,2020-08-12 23:03:15.820627,0,0,
PE-MDD,Peru,Madre de dios,2020-08-12 23:03:15.820627,0,0,
PE-MOQ,Peru,Moquegua,2020-08-12 23:03:15.820627,0,0,
PE-PAS,Peru,Pasco,2020-08-12 23:03:15.820627,0,0,
PE-PIU,Peru,Piura,2020-08-12 23:03:15.820627,0,0,
PE-PUN,Peru,Puno,2020-08-12 23:03:15.820627,0,0,
PE-SAM,Peru,San Martin,2020-08-12 23:03:15.820627,0,0,
PE-TAC,Peru,Tacna,2020-08-12 23:03:15.820627,0,0,
PE-TUM,Peru,Tumbes,2020-08-12 23:03:15.820627,0,0,
PE-UCA,Peru,Ucayali,2020-08-12 23:03:15.820627,0,0,
US-PR,United States,Puerto Rico,,,,
UY-AR,Uruguay,Artigas,,,,
UY-CA,Uruguay,Canelones,,,,
UY-CL,Uruguay,Cerro Largo,,,,
UY-CO,Uruguay,Colonia,,,,
UY-DU,Uruguay,Durazno,,,,
UY-FS,Uruguay,Flores,,,,
UY-FD,Uruguay,Florida,,,,
UY-LA,Uruguay,Lavalleja,,,,
UY-MA,Uruguay,Maldonado,,,,
UY-MO,Uruguay,Montevideo,,,,
UY-PA,Uruguay,Paysandu,,,,
UY-RN,Uruguay,Rio Negro,,,,
UY-RV,Uruguay,Rivera,,,,
UY-RO,Uruguay,Rocha,,,,
UY-SA,Uruguay,Salto,,,,
UY-SJ,Uruguay,San Jose,,,,
UY-SO,Uruguay,Soriano,,,,
UY-TA,Uruguay,Tacuarembo,,,,
UY-TT,Uruguay,Treinta y Tres,,,,
VE-Z,Venezuela,Amazonas,,,,
VE-B,Venezuela,Anzoategui,,,,
VE-C,Venezuela,Apure,,,,
VE-D,Venezuela,Aragua,,,,
VE-E,Venezuela,Barinas,,,,
VE-F,Venezuela,Bolivar,,,,
VE-G,Venezuela,Carabobo,,,,
VE-A,Venezuela,Caracas Distrito Capital,,,,
VE-H,Venezuela,Cojedes,,,,
VE-Y,Venezuela,Delta Amacuro,,,,
VE-W,Venezuela,Dependencias Federales,,,,
VE-I,Venezuela,Falcon,,,,
VE-J,Venezuela,Guarico,,,,
VE-K,Venezuela,Lara,,,,
VE-L,Venezuela,Merida,,,,
VE-M,Venezuela,Miranda,,,,
VE-N,Venezuela,Monagas,,,,
VE-O,Venezuela,Nueva Esparta,,,,
VE-P,Venezuela,Portuguesa,,,,
VE-R,Venezuela,Sucre,,,,
VE-S,Venezuela,Tachira,,,,
VE-T,Venezuela,Trujillo,,,,
VE-X,Venezuela,Vargas,,,,
VE-U,Venezuela,Yaracuy,,,,
VE-V,Venezuela,Zulia,,,,
