ISO 3166-2 Code,Country,Subdivision,Last Update,Confirmed,Deaths,Recovered
AR-B,Argentina,Buenos Aires,,,,
AR-K,Argentina,Catamarca,,,,
AR-H,Argentina,Chaco,,,,
AR-U,Argentina,Chubut,,,,
AR-C,Argentina,Ciudad Autonoma de Buenos Aires,,,,
AR-X,Argentina,Cordoba,,,,
AR-W,Argentina,Corrientes,,,,
AR-E,Argentina,Entre Rios,,,,
AR-P,Argentina,Formosa,,,,
AR-Y,Argentina,Jujuy,,,,
AR-L,Argentina,La Pampa,,,,
AR-F,Argentina,La Rioja,,,,
AR-M,Argentina,Mendoza,,,,
AR-N,Argentina,Misiones,,,,
AR-Q,Argentina,Neuquen,,,,
AR-R,Argentina,Rio Negro,,,,
AR-A,Argentina,Salta,,,,
AR-J,Argentina,San Juan,,,,
AR-D,Argentina,San Luis,,,,
AR-Z,Argentina,Santa Cruz,,,,
AR-S,Argentina,Santa Fe,,,,
AR-G,Argentina,Santiago del Estero,,,,
AR-V,Argentina,Tierra del Fuego,,,,
AR-T,Argentina,Tucuman,,,,
BO-B,Bolivia,Beni,,,,
BO-H,Bolivia,Chuquisaca,,,,
BO-C,Bolivia,Cochabamba,,,,
BO-L,Bolivia,La Paz,,,,
BO-O,Bolivia,Oruro,,,,
BO-N,Bolivia,Pando,,,,
BO-P,Bolivia,Potosi,,,,
BO-S,Bolivia,Santa Cruz,,,,
BO-T,Bolivia,Tarija,,,,
BR-AC,Brazil,Acre,,,,
BR-AL,Brazil,Alagoas,,,,
BR-AP,Brazil,Amapa,,,,
BR-AM,Brazil,Amazonas,,,,
BR-BA,Brazil,Bahia,,,,
BR-CE,Brazil,Ceara,,,,
BR-DF,Brazil,Distrito Federal,,,,
BR-ES,Brazil,Espiritu Santo,,,,
BR-GO,Brazil,Goias,,,,
BR-MA,Brazil,Maranhao,,,,
BR-MT,Brazil,Mato Grosso,,,,
BR-MS,Brazil,Mato Grosso do Sul,,,,
BR-MG,Brazil,Minas Gerais,,,,
BR-PA,Brazil,Para,,,,
BR-PB,Brazil,Paraiba,,,,
BR-PR,Brazil,Parana,,,,
BR-PE,Brazil,Pernambuco,,,,
BR-PI,Brazil,Piaui,,,,
BR-RJ,Brazil,Rio de Janeiro,,,,
BR-RN,Brazil,Rio Grande do Norte,,,,
BR-RS,Brazil,Rio Grande do Sul,,,,
BR-RO,Brazil,Rondonia,,,,
BR-RR,Brazil,Roraima,,,,
BR-SC,Brazil,Santa Catarina,,,,
BR-SP,Brazil,Sao Paulo,,,,
BR-SE,Brazil,Sergipe,,,,
BR-TO,Brazil,Tocantins,,,,
CL-AN,Chile,Antofagasta,2020-04-25T14:55:45,391,3,0
CL-AR,Chile,Araucania,2020-04-25T14:55:45,1203,27,0
CL-AP,Chile,Arica y Parinacota,2020-04-25T14:55:45,245,3,0
CL-AT,Chile,Atacama,2020-04-25T14:55:45,24,0,0
CL-AI,Chile,Aysen,2020-04-25T14:55:45,7,0,0
CL-BI,Chile,Biobio,2020-04-25T14:55:45,696,5,0
CL-CO,Chile,Coquimbo,2020-04-25T14:55:45,73,0,0
CL-LL,Chile,Los Lagos,2020-04-25T14:55:45,465,8,0
CL-LR,Chile,Los Rios,2020-04-25T14:55:45,177,3,0
CL-MA,Chile,Magallanes,2020-04-25T14:55:45,655,8,0
CL-ML,Chile,Maule,2020-04-25T14:55:45,350,10,0
CL-NB,Chile,Nuble,2020-04-25T14:55:45,725,14,0
CL-LI,Chile,O'Higgins,2020-04-25T14:55:45,85,1,0
CL-RM,Chile,Santiago,2020-04-25T14:55:45,7165,89,0
CL-TA,Chile,Tarapaca,2020-04-25T14:55:45,143,1,0
CL-VS,Chile,Valparaiso,2020-04-25T14:55:45,454,9,0
CO-AMA,Colombia,Amazonas,,,,
CO-ANT,Colombia,Antioquia,,,,
CO-ARA,Colombia,Arauca,,,,
CO-ATL,Colombia,Atlantico,,,,
CO-DC,Colombia,Bogota,,,,
CO-BOL,Colombia,Bolivar,,,,
CO-BOY,Colombia,Boyaca,,,,
CO-CAL,Colombia,Caldas,,,,
CO-CAQ,Colombia,Caqueta,,,,
CO-CAS,Colombia,Casanare,,,,
CO-CAU,Colombia,Cauca,,,,
CO-CES,Colombia,Cesar,,,,
CO-COR,Colombia,Choco,,,,
CO-CUN,Colombia,Cordoba,,,,
CO-CHO,Colombia,Cundinamarca,,,,
CO-GUA,Colombia,Guainia,,,,
CO-GUV,Colombia,Guaviare,,,,
CO-HUI,Colombia,Huila,,,,
CO-LAG,Colombia,La Guajira,,,,
CO-MAG,Colombia,Magdalena,,,,
CO-MET,Colombia,Meta,,,,
CO-NAR,Colombia,Narino,,,,
CO-NSA,Colombia,Norte de Santander,,,,
CO-PUT,Colombia,Putumayo,,,,
CO-QUI,Colombia,Quindio,,,,
CO-RIS,Colombia,Risaralda,,,,
CO-SAP,Colombia,San Andres y Providencia,,,,
CO-SAN,Colombia,Santander,,,,
CO-SUC,Colombia,Sucre,,,,
CO-TOL,Colombia,Tolima,,,,
CO-VAC,Colombia,Valle del Cauca,,,,
CO-VAU,Colombia,Vaupes,,,,
CO-VID,Colombia,Vichada,,,,
CR-A,Costa Rica,Alajuela,,,,
CR-C,Costa Rica,Cartago,,,,
CR-G,Costa Rica,Guanacaste,,,,
CR-H,Costa Rica,Heredia,,,,
CR-L,Costa Rica,Limon,,,,
CR-P,Costa Rica,Puntarenas,,,,
CR-SJ,Costa Rica,San Jose,,,,
CU-15,Cuba,Artemisa,,,,
CU-09,Cuba,Camagüey,,,,
CU-08,Cuba,Ciego de Ávila,,,,
CU-06,Cuba,Cienfuegos,,,,
CU-12,Cuba,Granma,,,,
CU-14,Cuba,Guantánamo,,,,
CU-11,Cuba,Holguín,,,,
CU-99,Cuba,Isla de la Juventud,,,,
CU-03,Cuba,La Habana,,,,
CU-10,Cuba,Las Tunas,,,,
CU-04,Cuba,Matanzas,,,,
CU-16,Cuba,Mayabeque,,,,
CU-01,Cuba,Pinar del Río,,,,
CU-07,Cuba,Sancti Spíritus,,,,
CU-13,Cuba,Santiago de Cuba,,,,
CU-05,Cuba,Villa Clara,,,,
DO-02,Dominican Republic,Azua,,,,
DO-03,Dominican Republic,Baoruco,,,,
DO-04,Dominican Republic,Barahona,,,,
DO-05,Dominican Republic,Dajabon,,,,
DO-06,Dominican Republic,Distrito Nacional,,,,
DO-08,Dominican Republic,Duarte,,,,
DO-09,Dominican Republic,El Seibo,,,,
DO-30,Dominican Republic,Elias Pina,,,,
DO-10,Dominican Republic,Espaillat,,,,
DO-11,Dominican Republic,Hato Mayor,,,,
DO-07,Dominican Republic,Hermanas Mirabal,,,,
DO-12,Dominican Republic,Independencia,,,,
DO-13,Dominican Republic,La Altagracia,,,,
DO-14,Dominican Republic,La Romana,,,,
DO-28,Dominican Republic,La Vega,,,,
DO-15,Dominican Republic,Maria Trinidad Sanchez,,,,
DO-29,Dominican Republic,Monsenor Nouel,,,,
DO-16,Dominican Republic,Monte Cristi,,,,
DO-17,Dominican Republic,Monte Plata,,,,
DO-18,Dominican Republic,Pedernales,,,,
DO-19,Dominican Republic,Peravia,,,,
DO-20,Dominican Republic,Puerto Plata,,,,
DO-21,Dominican Republic,Samana,,,,
DO-31,Dominican Republic,San Cristobal,,,,
DO-22,Dominican Republic,San Jose de Ocoa,,,,
DO-23,Dominican Republic,San Juan,,,,
DO-24,Dominican Republic,San Pedro de Macoris,,,,
DO-25,Dominican Republic,Sanchez Ramirez,,,,
DO-26,Dominican Republic,Santiago,,,,
DO-32,Dominican Republic,Santiago Rodriguez,,,,
DO-01,Dominican Republic,Santo Domingo,,,,
DO-27,Dominican Republic,Valverde,,,,
EC-A,Ecuador,Azuay,,,,
EC-B,Ecuador,Bolivar,,,,
EC-F,Ecuador,Canar,,,,
EC-C,Ecuador,Carchi,,,,
EC-H,Ecuador,Chimborazo,,,,
EC-X,Ecuador,Cotopaxi,,,,
EC-O,Ecuador,El Oro,,,,
EC-E,Ecuador,Esmeraldas,,,,
EC-W,Ecuador,Galapagos,,,,
EC-G,Ecuador,Guayas,,,,
EC-I,Ecuador,Imbabura,,,,
EC-L,Ecuador,Loja,,,,
EC-R,Ecuador,Los Rios,,,,
EC-M,Ecuador,Manabi,,,,
EC-S,Ecuador,Morona Santiago,,,,
EC-N,Ecuador,Napo,,,,
EC-D,Ecuador,Orellana,,,,
EC-Y,Ecuador,Pastaza,,,,
EC-P,Ecuador,Pichincha,,,,
EC-SE,Ecuador,Santa Elena,,,,
EC-SD,Ecuador,Santo Domingo de los Tsachilas,,,,
EC-U,Ecuador,Sucumbios,,,,
EC-T,Ecuador,Tungurahua,,,,
EC-Z,Ecuador,Zamora-Chinchipe,,,,
SV-AH,El Salvador,Ahuachapan,,,,
SV-CA,El Salvador,Cabanas,,,,
SV-CH,El Salvador,Chalatenango,,,,
SV-CU,El Salvador,Cuscatlan,,,,
SV-LI,El Salvador,La Libertad,,,,
SV-PA,El Salvador,La Paz,,,,
SV-UN,El Salvador,La Unión,,,,
SV-MO,El Salvador,Morazan,,,,
SV-SM,El Salvador,San Miguel,,,,
SV-SS,El Salvador,San Salvador,,,,
SV-SV,El Salvador,San Vicente,,,,
SV-SA,El Salvador,Santa Ana,,,,
SV-SO,El Salvador,Sonsonate,,,,
SV-US,El Salvador,Usulutan,,,,
FR-GP,France,Guadeloupe,,,,
FR-GF,France,Guyane,,,,
FR-MQ,France,Martinique,,,,
FR-BL,France,Saint-Barthélemy,,,,
FR-MF,France,Saint-Martin,,,,
FR-PM,France,Saint-Pierre-et-Miquelon,,,,
GT-AV,Guatemala,Alta Verapaz,,,,
GT-BV,Guatemala,Baja Verapaz,,,,
GT-CM,Guatemala,Chimaltenango,,,,
GT-CQ,Guatemala,Chiquimula,,,,
GT-PR,Guatemala,El Progreso,,,,
GT-ES,Guatemala,Escuintla,,,,
GT-GU,Guatemala,Guatemala,,,,
GT-HU,Guatemala,Huehuetenango,,,,
GT-IZ,Guatemala,Izabal,,,,
GT-JA,Guatemala,Jalapa,,,,
GT-JU,Guatemala,Jutiapa,,,,
GT-PE,Guatemala,Petén,,,,
GT-QZ,Guatemala,Quetzaltenango,,,,
GT-QC,Guatemala,Quiché,,,,
GT-RE,Guatemala,Retalhuleu,,,,
GT-SA,Guatemala,Sacatepéquez,,,,
GT-SM,Guatemala,San Marcos,,,,
GT-SR,Guatemala,Santa Rosa,,,,
GT-SO,Guatemala,Sololá,,,,
GT-SU,Guatemala,Suchitepéquez,,,,
GT-TO,Guatemala,Totonicapán,,,,
GT-ZA,Guatemala,Zacapa,,,,
HT-AR,Haiti,Artibonite,,,,
HT-CE,Haiti,Centre,,,,
HT-GA,Haiti,Grande’Anse,,,,
HT-NI,Haiti,Nippes,,,,
HT-ND,Haiti,Nord,,,,
HT-NE,Haiti,Nord-Est,,,,
HT-NO,Haiti,Nord-Ouest,,,,
HT-OU,Haiti,Ouest,,,,
HT-SD,Haiti,Sud,,,,
HT-SE,Haiti,Sud-Est,,,,
HN-AT,Honduras,Atlantida,,,,
HN-CH,Honduras,Choluteca,,,,
HN-CL,Honduras,Colon,,,,
HN-CM,Honduras,Comayagua,,,,
HN-CP,Honduras,Copan,,,,
HN-CR,Honduras,Cortes,,,,
HN-EP,Honduras,El Paraiso,,,,
HN-FM,Honduras,Francisco Morazan,,,,
HN-GD,Honduras,Gracias a Dios,,,,
HN-IN,Honduras,Intibuca,,,,
HN-IB,Honduras,Islas de la Bahia,,,,
HN-LP,Honduras,La Paz,,,,
HN-LE,Honduras,Lempira,,,,
HN-OC,Honduras,Ocotepeque,,,,
HN-OL,Honduras,Olancho,,,,
HN-SB,Honduras,Santa Barbara,,,,
HN-VA,Honduras,Valle,,,,
HN-YO,Honduras,Yoro,,,,
MX-AGU,Mexico,Aguascalientes,,,,
MX-BCN,Mexico,Baja California,,,,
MX-BCS,Mexico,Baja California Sur,,,,
MX-CAM,Mexico,Campeche,,,,
MX-CHP,Mexico,Chiapas,,,,
MX-CHH,Mexico,Chihuahua,,,,
MX-CMX,Mexico,Ciudad de Mexico,,,,
MX-COA,Mexico,Coahuila,,,,
MX-COL,Mexico,Colima,,,,
MX-DUR,Mexico,Durango,,,,
MX-GUA,Mexico,Guanajuato,,,,
MX-GRO,Mexico,Guerrero,,,,
MX-HID,Mexico,Hidalgo,,,,
MX-JAL,Mexico,Jalisco,,,,
MX-MIC,Mexico,Michoacan,,,,
MX-MOR,Mexico,Morelos,,,,
MX-MEX,Mexico,Mexico,,,,
MX-NAY,Mexico,Nayarit,,,,
MX-NLE,Mexico,Nuevo Leon,,,,
MX-OAX,Mexico,Oaxaca,,,,
MX-PUE,Mexico,Puebla,,,,
MX-QUE,Mexico,Queretaro,,,,
MX-ROO,Mexico,Quintana Roo,,,,
MX-SLP,Mexico,San Luis Potosi,,,,
MX-SIN,Mexico,Sinaloa,,,,
MX-SON,Mexico,Sonora,,,,
MX-TAB,Mexico,Tabasco,,,,
MX-TAM,Mexico,Tamaulipas,,,,
MX-TLA,Mexico,Tlaxcala,,,,
MX-VER,Mexico,Veracruz,,,,
MX-YUC,Mexico,Yucatan,,,,
MX-ZAC,Mexico,Zacatecas,,,,
NI-BO,Nicaragua,Boaco,,,,
NI-CA,Nicaragua,Carazo,,,,
NI-CI,Nicaragua,Chinandega,,,,
NI-CO,Nicaragua,Chontales,,,,
NI-ES,Nicaragua,Estelí,,,,
NI-GR,Nicaragua,Granada,,,,
NI-JI,Nicaragua,Jinotega,,,,
NI-LE,Nicaragua,León,,,,
NI-MD,Nicaragua,Madriz,,,,
NI-MN,Nicaragua,Managua,,,,
NI-MS,Nicaragua,Masaya,,,,
NI-MT,Nicaragua,Matagalpa,,,,
NI-AN,Nicaragua,NCCAR,,,,
NI-NS,Nicaragua,Nueva Segovia,,,,
NI-RI,Nicaragua,Rio San Juan,,,,
NI-SJ,Nicaragua,Rivas,,,,
NI-AS,Nicaragua,SCCAR,,,,
PA-1,Panama,Bocas del Toro,,,,
PA-4,Panama,Chiriqui,,,,
PA-2,Panama,Cocle,,,,
PA-3,Panama,Colon,,,,
PA-5,Panama,Darien,,,,
PA-EM,Panama,Embera,,,,
PA-KY,Panama,Guna Yala,,,,
PA-6,Panama,Herrera,,,,
PA-7,Panama,Los Santos,,,,
PA-NB,Panama,Ngabe-Bugle,,,,
PA-8,Panama,Panama,,,,
PA-10,Panama,Panama Oeste,,,,
PA-9,Panama,Veraguas,,,,
PY-16,Paraguay,Alto Paraguay,,,,
PY-10,Paraguay,Alto Parana,,,,
PY-13,Paraguay,Amambay,,,,
PY-19,Paraguay,Boqueron,,,,
PY-5,Paraguay,Caaguazu,,,,
PY-6,Paraguay,Caazapa,,,,
PY-14,Paraguay,Canindeyu,,,,
PY-11,Paraguay,Central,,,,
PY-1,Paraguay,Concepcion,,,,
PY-3,Paraguay,Cordillera,,,,
PY-ASU,Paraguay,Distrito Capital,,,,
PY-4,Paraguay,Guaira,,,,
PY-7,Paraguay,Itapua,,,,
PY-8,Paraguay,Misiones,,,,
PY-12,Paraguay,Neembucu,,,,
PY-9,Paraguay,Paraguari,,,,
PY-15,Paraguay,Presidente Hayes,,,,
PY-2,Paraguay,San Pedro,,,,
PE-AMA,Peru,Amazonas,,,,
PE-ANC,Peru,Ancash,,,,
PE-APU,Peru,Apurimac,,,,
PE-ARE,Peru,Arequipa,,,,
PE-AYA,Peru,Ayacucho,,,,
PE-CAJ,Peru,Cajamarca,,,,
PE-CAL,Peru,Callao,,,,
PE-CUS,Peru,Cusco,,,,
PE-HUV,Peru,Huancavelica,,,,
PE-HUC,Peru,Huanuco,,,,
PE-ICA,Peru,Ica,,,,
PE-JUN,Peru,Junin,,,,
PE-LAL,Peru,La Libertad,,,,
PE-LAM,Peru,Lambayeque,,,,
PE-LIM,Peru,Lima,,,,
PE-LOR,Peru,Loreto,,,,
PE-MDD,Peru,Madre de dios,,,,
PE-MOQ,Peru,Moquegua,,,,
PE-PAS,Peru,Pasco,,,,
PE-PIU,Peru,Piura,,,,
PE-PUN,Peru,Puno,,,,
PE-SAM,Peru,San Martin,,,,
PE-TAC,Peru,Tacna,,,,
PE-TUM,Peru,Tumbes,,,,
PE-UCA,Peru,Ucayali,,,,
US-PR,United States,Puerto Rico,,,,
UY-AR,Uruguay,Artigas,,,,
UY-CA,Uruguay,Canelones,,,,
UY-CL,Uruguay,Cerro Largo,,,,
UY-CO,Uruguay,Colonia,,,,
UY-DU,Uruguay,Durazno,,,,
UY-FS,Uruguay,Flores,,,,
UY-FD,Uruguay,Florida,,,,
UY-LA,Uruguay,Lavalleja,,,,
UY-MA,Uruguay,Maldonado,,,,
UY-MO,Uruguay,Montevideo,,,,
UY-PA,Uruguay,Paysandu,,,,
UY-RN,Uruguay,Rio Negro,,,,
UY-RV,Uruguay,Rivera,,,,
UY-RO,Uruguay,Rocha,,,,
UY-SA,Uruguay,Salto,,,,
UY-SJ,Uruguay,San Jose,,,,
UY-SO,Uruguay,Soriano,,,,
UY-TA,Uruguay,Tacuarembo,,,,
UY-TT,Uruguay,Treinta y Tres,,,,
VE-Z,Venezuela,Amazonas,,,,
VE-B,Venezuela,Anzoategui,,,,
VE-C,Venezuela,Apure,,,,
VE-D,Venezuela,Aragua,,,,
VE-E,Venezuela,Barinas,,,,
VE-F,Venezuela,Bolivar,,,,
VE-G,Venezuela,Carabobo,,,,
VE-A,Venezuela,Caracas Distrito Capital,,,,
VE-H,Venezuela,Cojedes,,,,
VE-Y,Venezuela,Delta Amacuro,,,,
VE-W,Venezuela,Dependencias Federales,,,,
VE-I,Venezuela,Falcon,,,,
VE-J,Venezuela,Guarico,,,,
VE-K,Venezuela,Lara,,,,
VE-L,Venezuela,Merida,,,,
VE-M,Venezuela,Miranda,,,,
VE-N,Venezuela,Monagas,,,,
VE-O,Venezuela,Nueva Esparta,,,,
VE-P,Venezuela,Portuguesa,,,,
VE-R,Venezuela,Sucre,,,,
VE-S,Venezuela,Tachira,,,,
VE-T,Venezuela,Trujillo,,,,
VE-X,Venezuela,Vargas,,,,
VE-U,Venezuela,Yaracuy,,,,
VE-V,Venezuela,Zulia,,,,
