ISO 3166-2 Code,Country,Subdivision,Last Update,Confirmed,Deaths,Recovered
AR-B,Argentina,Buenos Aires,,,,
AR-K,Argentina,Catamarca,,,,
AR-H,Argentina,Chaco,,,,
AR-U,Argentina,Chubut,,,,
AR-C,Argentina,Ciudad Autonoma de Buenos Aires,,,,
AR-X,Argentina,Cordoba,,,,
AR-W,Argentina,Corrientes,,,,
AR-E,Argentina,Entre Rios,,,,
AR-P,Argentina,Formosa,,,,
AR-Y,Argentina,Jujuy,,,,
AR-L,Argentina,La Pampa,,,,
AR-F,Argentina,La Rioja,,,,
AR-M,Argentina,Mendoza,,,,
AR-N,Argentina,Misiones,,,,
AR-Q,Argentina,Neuquen,,,,
AR-R,Argentina,Rio Negro,,,,
AR-A,Argentina,Salta,,,,
AR-J,Argentina,San Juan,,,,
AR-D,Argentina,San Luis,,,,
AR-Z,Argentina,Santa Cruz,,,,
AR-S,Argentina,Santa Fe,,,,
AR-G,Argentina,Santiago del Estero,,,,
AR-V,Argentina,Tierra del Fuego,,,,
AR-T,Argentina,Tucuman,,,,
BO-B,Bolivia,Beni,2020-08-06 16:28:04.375623,5638,297,
BO-H,Bolivia,Chuquisaca,2020-08-06 16:28:04.375623,2199,180,
BO-C,Bolivia,Cochabamba,2020-08-06 16:28:04.375623,9815,713,
BO-L,Bolivia,La Paz,2020-08-06 16:28:04.375623,17699,313,
BO-O,Bolivia,Oruro,2020-08-06 16:28:04.375623,3741,227,
BO-N,Bolivia,Pando,2020-08-06 16:28:04.375623,1431,130,
BO-P,Bolivia,Potosi,2020-08-06 16:28:04.375623,1627,92,
BO-S,Bolivia,Santa Cruz,2020-08-06 16:28:04.375623,35296,1180,
BO-T,Bolivia,Tarija,2020-08-06 16:28:04.375623,4400,96,
BR-AC,Brazil,Acre,,,,
BR-AL,Brazil,Alagoas,,,,
BR-AP,Brazil,Amapa,,,,
BR-AM,Brazil,Amazonas,,,,
BR-BA,Brazil,Bahia,,,,
BR-CE,Brazil,Ceara,,,,
BR-DF,Brazil,Distrito Federal,,,,
BR-ES,Brazil,Espiritu Santo,,,,
BR-GO,Brazil,Goias,,,,
BR-MA,Brazil,Maranhao,,,,
BR-MT,Brazil,Mato Grosso,,,,
BR-MS,Brazil,Mato Grosso do Sul,,,,
BR-MG,Brazil,Minas Gerais,,,,
BR-PA,Brazil,Para,,,,
BR-PB,Brazil,Paraiba,,,,
BR-PR,Brazil,Parana,,,,
BR-PE,Brazil,Pernambuco,,,,
BR-PI,Brazil,Piaui,,,,
BR-RJ,Brazil,Rio de Janeiro,,,,
BR-RN,Brazil,Rio Grande do Norte,,,,
BR-RS,Brazil,Rio Grande do Sul,,,,
BR-RO,Brazil,Rondonia,,,,
BR-RR,Brazil,Roraima,,,,
BR-SC,Brazil,Santa Catarina,,,,
BR-SP,Brazil,Sao Paulo,,,,
BR-SE,Brazil,Sergipe,,,,
BR-TO,Brazil,Tocantins,,,,
CL-AN,Chile,Antofagasta,2020-08-03T16:27:04,15184,358,13674
CL-AR,Chile,Araucania,2020-08-03T16:27:04,4208,79,3806
CL-AP,Chile,Arica y Parinacota,2020-08-03T16:27:04,4584,68,3685
CL-AT,Chile,Atacama,2020-08-03T16:27:04,3024,13,2190
CL-AI,Chile,Aysen,2020-08-03T16:27:04,83,1,70
CL-BI,Chile,Biobio,2020-08-03T16:27:04,11820,124,10176
CL-CO,Chile,Coquimbo,2020-08-03T16:27:04,6633,75,5524
CL-LL,Chile,Los Lagos,2020-08-03T16:27:04,4241,42,3216
CL-LR,Chile,Los Rios,2020-08-03T16:27:04,919,14,847
CL-MA,Chile,Magallanes,2020-08-03T16:27:04,1829,29,1627
CL-ML,Chile,Maule,2020-08-03T16:27:04,9278,193,8182
CL-NB,Chile,Nuble,2020-08-03T16:27:04,3603,63,3282
CL-LI,Chile,O'Higgins,2020-08-03T16:27:04,10877,252,9829
CL-RM,Chile,Santiago,2020-08-03T16:27:04,258080,7700,243639
CL-TA,Chile,Tarapaca,2020-08-03T16:27:04,8985,173,7977
CL-VS,Chile,Valparaiso,2020-08-03T16:27:04,18083,522,16192
CO-AMA,Colombia,Amazonas,2020-08-06 16:28:04.375623,0,0,
CO-ANT,Colombia,Antioquia,2020-08-06 16:28:04.375623,40930,726,
CO-ARA,Colombia,Arauca,2020-08-06 16:28:04.375623,246,0,
CO-ATL,Colombia,Atlantico,2020-08-06 16:28:04.375623,54433,2701,
CO-DC,Colombia,Bogota,2020-08-06 16:28:04.375623,111297,3360,
CO-BOL,Colombia,Bolivar,2020-08-06 16:28:04.375623,19209,632,
CO-BOY,Colombia,Boyaca,2020-08-06 16:28:04.375623,1210,0,
CO-CAL,Colombia,Caldas,2020-08-06 16:28:04.375623,1035,0,
CO-CAQ,Colombia,Caqueta,2020-08-06 16:28:04.375623,1515,42,
CO-CAS,Colombia,Casanare,2020-08-06 16:28:04.375623,351,0,
CO-CAU,Colombia,Cauca,2020-08-06 16:28:04.375623,4263,237,
CO-CES,Colombia,Cesar,2020-08-06 16:28:04.375623,3537,87,
CO-COR,Colombia,Choco,2020-08-06 16:28:04.375623,3070,0,
CO-CUN,Colombia,Cordoba,2020-08-06 16:28:04.375623,6941,803,
CO-CHO,Colombia,Cundinamarca,2020-08-06 16:28:04.375623,10032,292,
CO-GUA,Colombia,Guainia,2020-08-06 16:28:04.375623,0,0,
CO-GUV,Colombia,Guaviare,2020-08-06 16:28:04.375623,0,0,
CO-HUI,Colombia,Huila,2020-08-06 16:28:04.375623,1128,0,
CO-LAG,Colombia,La Guajira,2020-08-06 16:28:04.375623,2324,142,
CO-MAG,Colombia,Magdalena,2020-08-06 16:28:04.375623,7069,427,
CO-MET,Colombia,Meta,2020-08-06 16:28:04.375623,3023,0,
CO-NAR,Colombia,Narino,2020-08-06 16:28:04.375623,8431,297,
CO-NSA,Colombia,Norte de Santander,2020-08-06 16:28:04.375623,7252,333,
CO-PUT,Colombia,Putumayo,2020-08-06 16:28:04.375623,1128,54,
CO-QUI,Colombia,Quindio,2020-08-06 16:28:04.375623,402,0,
CO-RIS,Colombia,Risaralda,2020-08-06 16:28:04.375623,2057,43,
CO-SAP,Colombia,San Andres y Providencia,2020-08-06 16:28:04.375623,44,0,
CO-SAN,Colombia,Santander,2020-08-06 16:28:04.375623,0,0,
CO-SUC,Colombia,Sucre,2020-08-06 16:28:04.375623,6330,395,
CO-TOL,Colombia,Tolima,2020-08-06 16:28:04.375623,2900,73,
CO-VAC,Colombia,Valle del Cauca,2020-08-06 16:28:04.375623,24988,986,
CO-VAU,Colombia,Vaupes,2020-08-06 16:28:04.375623,0,0,
CO-VID,Colombia,Vichada,2020-08-06 16:28:04.375623,0,0,
CR-A,Costa Rica,Alajuela,,,,
CR-C,Costa Rica,Cartago,,,,
CR-G,Costa Rica,Guanacaste,,,,
CR-H,Costa Rica,Heredia,,,,
CR-L,Costa Rica,Limon,,,,
CR-P,Costa Rica,Puntarenas,,,,
CR-SJ,Costa Rica,San Jose,,,,
CU-15,Cuba,Artemisa,2020-08-06 16:28:04.375623,130,0,
CU-09,Cuba,Camagüey,2020-08-06 16:28:04.375623,0,0,
CU-08,Cuba,Ciego de Ávila,2020-08-06 16:28:04.375623,98,0,
CU-06,Cuba,Cienfuegos,2020-08-06 16:28:04.375623,0,0,
CU-12,Cuba,Granma,2020-08-06 16:28:04.375623,19,0,
CU-14,Cuba,Guantánamo,2020-08-06 16:28:04.375623,0,0,
CU-11,Cuba,Holguín,2020-08-06 16:28:04.375623,96,0,
CU-99,Cuba,Isla de la Juventud,2020-08-06 16:28:04.375623,0,0,
CU-03,Cuba,La Habana,2020-08-06 16:28:04.375623,1516,0,
CU-10,Cuba,Las Tunas,2020-08-06 16:28:04.375623,0,0,
CU-04,Cuba,Matanzas,2020-08-06 16:28:04.375623,0,0,
CU-16,Cuba,Mayabeque,2020-08-06 16:28:04.375623,0,0,
CU-01,Cuba,Pinar del Río,2020-08-06 16:28:04.375623,62,0,
CU-07,Cuba,Sancti Spíritus,2020-08-06 16:28:04.375623,71,0,
CU-13,Cuba,Santiago de Cuba,2020-08-06 16:28:04.375623,0,0,
CU-05,Cuba,Villa Clara,2020-08-06 16:28:04.375623,0,0,
DO-02,Dominican Republic,Azua,,,,
DO-03,Dominican Republic,Baoruco,,,,
DO-04,Dominican Republic,Barahona,,,,
DO-05,Dominican Republic,Dajabon,,,,
DO-06,Dominican Republic,Distrito Nacional,,,,
DO-08,Dominican Republic,Duarte,,,,
DO-09,Dominican Republic,El Seibo,,,,
DO-30,Dominican Republic,Elias Pina,,,,
DO-10,Dominican Republic,Espaillat,,,,
DO-11,Dominican Republic,Hato Mayor,,,,
DO-07,Dominican Republic,Hermanas Mirabal,,,,
DO-12,Dominican Republic,Independencia,,,,
DO-13,Dominican Republic,La Altagracia,,,,
DO-14,Dominican Republic,La Romana,,,,
DO-28,Dominican Republic,La Vega,,,,
DO-15,Dominican Republic,Maria Trinidad Sanchez,,,,
DO-29,Dominican Republic,Monsenor Nouel,,,,
DO-16,Dominican Republic,Monte Cristi,,,,
DO-17,Dominican Republic,Monte Plata,,,,
DO-18,Dominican Republic,Pedernales,,,,
DO-19,Dominican Republic,Peravia,,,,
DO-20,Dominican Republic,Puerto Plata,,,,
DO-21,Dominican Republic,Samana,,,,
DO-31,Dominican Republic,San Cristobal,,,,
DO-22,Dominican Republic,San Jose de Ocoa,,,,
DO-23,Dominican Republic,San Juan,,,,
DO-24,Dominican Republic,San Pedro de Macoris,,,,
DO-25,Dominican Republic,Sanchez Ramirez,,,,
DO-26,Dominican Republic,Santiago,,,,
DO-32,Dominican Republic,Santiago Rodriguez,,,,
DO-01,Dominican Republic,Santo Domingo,,,,
DO-27,Dominican Republic,Valverde,,,,
EC-A,Ecuador,Azuay,2020-08-06 16:28:04.375623,3534,72,
EC-B,Ecuador,Bolivar,2020-08-06 16:28:04.375623,1164,52,
EC-F,Ecuador,Canar,2020-08-06 16:28:04.375623,758,51,
EC-C,Ecuador,Carchi,2020-08-06 16:28:04.375623,1336,34,
EC-H,Ecuador,Chimborazo,2020-08-06 16:28:04.375623,3233,186,
EC-X,Ecuador,Cotopaxi,2020-08-06 16:28:04.375623,923,29,
EC-O,Ecuador,El Oro,2020-08-06 16:28:04.375623,17593,1657,
EC-E,Ecuador,Esmeraldas,2020-08-06 16:28:04.375623,1500,223,
EC-W,Ecuador,Galapagos,2020-08-06 16:28:04.375623,1513,72,
EC-G,Ecuador,Guayas,2020-08-06 16:28:04.375623,2742,92,
EC-I,Ecuador,Imbabura,2020-08-06 16:28:04.375623,6688,805,
EC-L,Ecuador,Loja,2020-08-06 16:28:04.375623,947,49,
EC-R,Ecuador,Los Rios,2020-08-06 16:28:04.375623,3291,334,
EC-M,Ecuador,Manabi,2020-08-06 16:28:04.375623,15013,729,
EC-S,Ecuador,Morona Santiago,2020-08-06 16:28:04.375623,2877,316,
EC-N,Ecuador,Napo,2020-08-06 16:28:04.375623,2058,14,
EC-D,Ecuador,Orellana,2020-08-06 16:28:04.375623,3768,249,
EC-Y,Ecuador,Pastaza,2020-08-06 16:28:04.375623,1156,331,
EC-P,Ecuador,Pichincha,2020-08-06 16:28:04.375623,2167,171,
EC-SE,Ecuador,Santa Elena,2020-08-06 16:28:04.375623,1220,53,
EC-SD,Ecuador,Santo Domingo de los Tsachilas,2020-08-06 16:28:04.375623,103,1,
EC-U,Ecuador,Sucumbios,2020-08-06 16:28:04.375623,2134,168,
EC-T,Ecuador,Tungurahua,2020-08-06 16:28:04.375623,1377,44,
EC-Z,Ecuador,Zamora-Chinchipe,2020-08-06 16:28:04.375623,990,35,
SV-AH,El Salvador,Ahuachapan,,,,
SV-CA,El Salvador,Cabanas,,,,
SV-CH,El Salvador,Chalatenango,,,,
SV-CU,El Salvador,Cuscatlan,,,,
SV-LI,El Salvador,La Libertad,,,,
SV-PA,El Salvador,La Paz,,,,
SV-UN,El Salvador,La Unión,,,,
SV-MO,El Salvador,Morazan,,,,
SV-SM,El Salvador,San Miguel,,,,
SV-SS,El Salvador,San Salvador,,,,
SV-SV,El Salvador,San Vicente,,,,
SV-SA,El Salvador,Santa Ana,,,,
SV-SO,El Salvador,Sonsonate,,,,
SV-US,El Salvador,Usulutan,,,,
FR-GP,France,Guadeloupe,,,,
FR-GF,France,Guyane,,,,
FR-MQ,France,Martinique,,,,
FR-BL,France,Saint-Barthélemy,,,,
FR-MF,France,Saint-Martin,,,,
FR-PM,France,Saint-Pierre-et-Miquelon,,,,
GT-AV,Guatemala,Alta Verapaz,,,,
GT-BV,Guatemala,Baja Verapaz,,,,
GT-CM,Guatemala,Chimaltenango,,,,
GT-CQ,Guatemala,Chiquimula,,,,
GT-PR,Guatemala,El Progreso,,,,
GT-ES,Guatemala,Escuintla,,,,
GT-GU,Guatemala,Guatemala,,,,
GT-HU,Guatemala,Huehuetenango,,,,
GT-IZ,Guatemala,Izabal,,,,
GT-JA,Guatemala,Jalapa,,,,
GT-JU,Guatemala,Jutiapa,,,,
GT-PE,Guatemala,Petén,,,,
GT-QZ,Guatemala,Quetzaltenango,,,,
GT-QC,Guatemala,Quiché,,,,
GT-RE,Guatemala,Retalhuleu,,,,
GT-SA,Guatemala,Sacatepéquez,,,,
GT-SM,Guatemala,San Marcos,,,,
GT-SR,Guatemala,Santa Rosa,,,,
GT-SO,Guatemala,Sololá,,,,
GT-SU,Guatemala,Suchitepéquez,,,,
GT-TO,Guatemala,Totonicapán,,,,
GT-ZA,Guatemala,Zacapa,,,,
HT-AR,Haiti,Artibonite,,,,
HT-CE,Haiti,Centre,,,,
HT-GA,Haiti,Grande’Anse,,,,
HT-NI,Haiti,Nippes,,,,
HT-ND,Haiti,Nord,,,,
HT-NE,Haiti,Nord-Est,,,,
HT-NO,Haiti,Nord-Ouest,,,,
HT-OU,Haiti,Ouest,,,,
HT-SD,Haiti,Sud,,,,
HT-SE,Haiti,Sud-Est,,,,
HN-AT,Honduras,Atlantida,2020-08-04T15:50:19,2064,43,314
HN-CH,Honduras,Choluteca,2020-08-04T15:50:19,1275,50,122
HN-CL,Honduras,Colon,2020-08-04T15:50:19,1179,44,226
HN-CM,Honduras,Comayagua,2020-08-04T15:50:19,715,37,62
HN-CP,Honduras,Copan,2020-08-04T15:50:19,385,18,76
HN-CR,Honduras,Cortes,2020-08-04T15:50:19,15337,525,2773
HN-EP,Honduras,El Paraiso,2020-08-04T15:50:19,1146,50,82
HN-FM,Honduras,Francisco Morazan,2020-08-04T15:50:19,14804,467,1348
HN-GD,Honduras,Gracias a Dios,2020-08-04T15:50:19,556,13,10
HN-IN,Honduras,Intibuca,2020-08-04T15:50:19,337,5,59
HN-IB,Honduras,Islas de la Bahia,2020-08-04T15:50:19,209,3,48
HN-LP,Honduras,La Paz,2020-08-04T15:50:19,477,14,57
HN-LE,Honduras,Lempira,2020-08-04T15:50:19,150,6,23
HN-OC,Honduras,Ocotepeque,2020-08-04T15:50:19,298,6,71
HN-OL,Honduras,Olancho,2020-08-04T15:50:19,682,43,62
HN-SB,Honduras,Santa Barbara,2020-08-04T15:50:19,801,27,122
HN-VA,Honduras,Valle,2020-08-04T15:50:19,1122,19,118
HN-YO,Honduras,Yoro,2020-08-04T15:50:19,2257,14,282
MX-AGU,Mexico,Aguascalientes,2020-08-04T02:01:10,4247,264,
MX-BCN,Mexico,Baja California,2020-08-04T02:01:10,13681,2655,
MX-BCS,Mexico,Baja California Sur,2020-08-04T02:01:10,4656,181,
MX-CAM,Mexico,Campeche,2020-08-04T02:01:10,4793,523,
MX-CHP,Mexico,Chiapas,2020-08-04T02:01:10,5580,922,
MX-CHH,Mexico,Chihuahua,2020-08-04T02:01:10,5346,899,
MX-CMX,Mexico,Ciudad de Mexico,2020-08-04T02:01:10,91535,9032,
MX-COA,Mexico,Coahuila,2020-08-04T02:01:10,13660,677,
MX-COL,Mexico,Colima,2020-08-04T02:01:10,2044,228,
MX-DUR,Mexico,Durango,2020-08-04T02:01:10,4286,282,
MX-GUA,Mexico,Guanajuato,2020-08-04T02:01:10,21999,1009,
MX-GRO,Mexico,Guerrero,2020-08-04T02:01:10,11151,1394,
MX-HID,Mexico,Hidalgo,2020-08-04T02:01:10,6946,1094,
MX-JAL,Mexico,Jalisco,2020-08-04T02:01:10,13687,1601,
MX-MIC,Mexico,Michoacan,2020-08-04T02:01:10,10339,778,
MX-MOR,Mexico,Morelos,2020-08-04T02:01:10,3964,843,
MX-MEX,Mexico,Mexico,2020-08-04T02:01:10,38627,6536,
MX-NAY,Mexico,Nayarit,2020-08-04T02:01:10,3533,400,
MX-NLE,Mexico,Nuevo Leon,2020-08-04T02:01:10,19438,1145,
MX-OAX,Mexico,Oaxaca,2020-08-04T02:01:10,10745,953,
MX-PUE,Mexico,Puebla,2020-08-04T02:01:10,20793,2503,
MX-QUE,Mexico,Queretaro,2020-08-04T02:01:10,3969,505,
MX-ROO,Mexico,Quintana Roo,2020-08-04T02:01:10,7966,1018,
MX-SLP,Mexico,San Luis Potosi,2020-08-04T02:01:10,10599,547,
MX-SIN,Mexico,Sinaloa,2020-08-04T02:01:10,12878,2248,
MX-SON,Mexico,Sonora,2020-08-04T02:01:10,18038,2001,
MX-TAB,Mexico,Tabasco,2020-08-04T02:01:10,22688,2048,
MX-TAM,Mexico,Tamaulipas,2020-08-04T02:01:10,17289,1040,
MX-TLA,Mexico,Tlaxcala,2020-08-04T02:01:10,4315,687,
MX-VER,Mexico,Veracruz,2020-08-04T02:01:10,21626,2831,
MX-YUC,Mexico,Yucatan,2020-08-04T02:01:10,10513,916,
MX-ZAC,Mexico,Zacatecas,2020-08-04T02:01:10,2882,252,
NI-BO,Nicaragua,Boaco,,,,
NI-CA,Nicaragua,Carazo,,,,
NI-CI,Nicaragua,Chinandega,,,,
NI-CO,Nicaragua,Chontales,,,,
NI-ES,Nicaragua,Estelí,,,,
NI-GR,Nicaragua,Granada,,,,
NI-JI,Nicaragua,Jinotega,,,,
NI-LE,Nicaragua,León,,,,
NI-MD,Nicaragua,Madriz,,,,
NI-MN,Nicaragua,Managua,,,,
NI-MS,Nicaragua,Masaya,,,,
NI-MT,Nicaragua,Matagalpa,,,,
NI-AN,Nicaragua,NCCAR,,,,
NI-NS,Nicaragua,Nueva Segovia,,,,
NI-RI,Nicaragua,Rio San Juan,,,,
NI-SJ,Nicaragua,Rivas,,,,
NI-AS,Nicaragua,SCCAR,,,,
PA-1,Panama,Bocas del Toro,,,,
PA-4,Panama,Chiriqui,,,,
PA-2,Panama,Cocle,,,,
PA-3,Panama,Colon,,,,
PA-5,Panama,Darien,,,,
PA-EM,Panama,Embera,,,,
PA-KY,Panama,Guna Yala,,,,
PA-6,Panama,Herrera,,,,
PA-7,Panama,Los Santos,,,,
PA-NB,Panama,Ngabe-Bugle,,,,
PA-8,Panama,Panama,,,,
PA-10,Panama,Panama Oeste,,,,
PA-9,Panama,Veraguas,,,,
PY-16,Paraguay,Alto Paraguay,,,,
PY-10,Paraguay,Alto Parana,,,,
PY-13,Paraguay,Amambay,,,,
PY-19,Paraguay,Boqueron,,,,
PY-5,Paraguay,Caaguazu,,,,
PY-6,Paraguay,Caazapa,,,,
PY-14,Paraguay,Canindeyu,,,,
PY-11,Paraguay,Central,,,,
PY-1,Paraguay,Concepcion,,,,
PY-3,Paraguay,Cordillera,,,,
PY-ASU,Paraguay,Distrito Capital,,,,
PY-4,Paraguay,Guaira,,,,
PY-7,Paraguay,Itapua,,,,
PY-8,Paraguay,Misiones,,,,
PY-12,Paraguay,Neembucu,,,,
PY-9,Paraguay,Paraguari,,,,
PY-15,Paraguay,Presidente Hayes,,,,
PY-2,Paraguay,San Pedro,,,,
PE-AMA,Peru,Amazonas,2020-08-06 16:28:04.375623,6191,124,
PE-ANC,Peru,Ancash,2020-08-06 16:28:04.375623,12565,845,
PE-APU,Peru,Apurimac,2020-08-06 16:28:04.375623,1000,40,
PE-ARE,Peru,Arequipa,2020-08-06 16:28:04.375623,15472,792,
PE-AYA,Peru,Ayacucho,2020-08-06 16:28:04.375623,4132,78,
PE-CAJ,Peru,Cajamarca,2020-08-06 16:28:04.375623,6793,215,
PE-CAL,Peru,Callao,2020-08-06 16:28:04.375623,21708,1052,
PE-CUS,Peru,Cusco,2020-08-06 16:28:04.375623,5073,115,
PE-HUV,Peru,Huancavelica,2020-08-06 16:28:04.375623,1895,39,
PE-HUC,Peru,Huanuco,2020-08-06 16:28:04.375623,6881,198,
PE-ICA,Peru,Ica,2020-08-06 16:28:04.375623,13349,877,
PE-JUN,Peru,Junin,2020-08-06 16:28:04.375623,8281,439,
PE-LAL,Peru,La Libertad,2020-08-06 16:28:04.375623,15903,1373,
PE-LAM,Peru,Lambayeque,2020-08-06 16:28:04.375623,17678,1235,
PE-LIM,Peru,Lima,2020-08-06 16:28:04.375623,224414,9351,
PE-LOR,Peru,Loreto,2020-08-06 16:28:04.375623,11831,551,
PE-MDD,Peru,Madre de dios,2020-08-06 16:28:04.375623,3545,104,
PE-MOQ,Peru,Moquegua,2020-08-06 16:28:04.375623,3296,113,
PE-PAS,Peru,Pasco,2020-08-06 16:28:04.375623,2049,50,
PE-PIU,Peru,Piura,2020-08-06 16:28:04.375623,21570,1276,
PE-PUN,Peru,Puno,2020-08-06 16:28:04.375623,2581,87,
PE-SAM,Peru,San Martin,2020-08-06 16:28:04.375623,9065,370,
PE-TAC,Peru,Tacna,2020-08-06 16:28:04.375623,3207,37,
PE-TUM,Peru,Tumbes,2020-08-06 16:28:04.375623,4296,214,
PE-UCA,Peru,Ucayali,2020-08-06 16:28:04.375623,10325,236,
US-PR,United States,Puerto Rico,,,,
UY-AR,Uruguay,Artigas,,,,
UY-CA,Uruguay,Canelones,,,,
UY-CL,Uruguay,Cerro Largo,,,,
UY-CO,Uruguay,Colonia,,,,
UY-DU,Uruguay,Durazno,,,,
UY-FS,Uruguay,Flores,,,,
UY-FD,Uruguay,Florida,,,,
UY-LA,Uruguay,Lavalleja,,,,
UY-MA,Uruguay,Maldonado,,,,
UY-MO,Uruguay,Montevideo,,,,
UY-PA,Uruguay,Paysandu,,,,
UY-RN,Uruguay,Rio Negro,,,,
UY-RV,Uruguay,Rivera,,,,
UY-RO,Uruguay,Rocha,,,,
UY-SA,Uruguay,Salto,,,,
UY-SJ,Uruguay,San Jose,,,,
UY-SO,Uruguay,Soriano,,,,
UY-TA,Uruguay,Tacuarembo,,,,
UY-TT,Uruguay,Treinta y Tres,,,,
VE-Z,Venezuela,Amazonas,,,,
VE-B,Venezuela,Anzoategui,,,,
VE-C,Venezuela,Apure,,,,
VE-D,Venezuela,Aragua,,,,
VE-E,Venezuela,Barinas,,,,
VE-F,Venezuela,Bolivar,,,,
VE-G,Venezuela,Carabobo,,,,
VE-A,Venezuela,Caracas Distrito Capital,,,,
VE-H,Venezuela,Cojedes,,,,
VE-Y,Venezuela,Delta Amacuro,,,,
VE-W,Venezuela,Dependencias Federales,,,,
VE-I,Venezuela,Falcon,,,,
VE-J,Venezuela,Guarico,,,,
VE-K,Venezuela,Lara,,,,
VE-L,Venezuela,Merida,,,,
VE-M,Venezuela,Miranda,,,,
VE-N,Venezuela,Monagas,,,,
VE-O,Venezuela,Nueva Esparta,,,,
VE-P,Venezuela,Portuguesa,,,,
VE-R,Venezuela,Sucre,,,,
VE-S,Venezuela,Tachira,,,,
VE-T,Venezuela,Trujillo,,,,
VE-X,Venezuela,Vargas,,,,
VE-U,Venezuela,Yaracuy,,,,
VE-V,Venezuela,Zulia,,,,
