ISO 3166-2 Code,Country,Subdivision,Last Update,Confirmed,Deaths,Recovered
AR-B,Argentina,Buenos Aires,2020-06-11 19:30:34.375700,73539,1139,
AR-K,Argentina,Catamarca,2020-06-11 19:30:34.375700,447,0,
AR-H,Argentina,Chaco,2020-06-11 19:30:34.375700,7798,130,
AR-U,Argentina,Chubut,2020-06-11 19:30:34.375700,554,0,
AR-C,Argentina,Ciudad Autonoma de Buenos Aires,2020-06-11 19:30:34.375700,43880,631,
AR-X,Argentina,Cordoba,2020-06-11 19:30:34.375700,15348,0,
AR-W,Argentina,Corrientes,2020-06-11 19:30:34.375700,2830,0,
AR-E,Argentina,Entre Rios,2020-06-11 19:30:34.375700,1478,75,
AR-P,Argentina,Formosa,2020-06-11 19:30:34.375700,709,0,
AR-Y,Argentina,Jujuy,2020-06-11 19:30:34.375700,2069,0,
AR-L,Argentina,La Pampa,2020-06-11 19:30:34.375700,264,0,
AR-F,Argentina,La Rioja,2020-06-11 19:30:34.375700,1396,0,
AR-M,Argentina,Mendoza,2020-06-11 19:30:34.375700,2100,0,
AR-N,Argentina,Misiones,2020-06-11 19:30:34.375700,1155,17,
AR-Q,Argentina,Neuquen,2020-06-11 19:30:34.375700,1651,0,
AR-R,Argentina,Rio Negro,2020-06-11 19:30:34.375700,2683,40,
AR-A,Argentina,Salta,2020-06-11 19:30:34.375700,702,0,
AR-J,Argentina,San Juan,2020-06-11 19:30:34.375700,664,0,
AR-D,Argentina,San Luis,2020-06-11 19:30:34.375700,384,0,
AR-Z,Argentina,Santa Cruz,2020-06-11 19:30:34.375700,524,0,
AR-S,Argentina,Santa Fe,2020-06-11 19:30:34.375700,10403,0,
AR-G,Argentina,Santiago del Estero,2020-06-11 19:30:34.375700,1953,0,
AR-V,Argentina,Tierra del Fuego,2020-06-11 19:30:34.375700,1529,0,
AR-T,Argentina,Tucuman,2020-06-11 19:30:34.375700,5439,0,
BO-B,Bolivia,Beni,2020-06-11 14:16:00.623437,2778,131,
BO-H,Bolivia,Chuquisaca,2020-06-11 14:16:00.623437,61,3,
BO-C,Bolivia,Cochabamba,2020-06-11 14:16:00.623437,1297,57,
BO-L,Bolivia,La Paz,2020-06-11 14:16:00.623437,842,40,
BO-O,Bolivia,Oruro,2020-06-11 14:16:00.623437,305,24,
BO-N,Bolivia,Pando,2020-06-11 14:16:00.623437,130,4,
BO-P,Bolivia,Potosi,2020-06-11 14:16:00.623437,205,6,
BO-S,Bolivia,Santa Cruz,2020-06-11 14:16:00.623437,9594,243,
BO-T,Bolivia,Tarija,2020-06-11 14:16:00.623437,69,4,
BR-AC,Brazil,Acre,2020-06-11 14:16:00.623437,8746,237,
BR-AL,Brazil,Alagoas,2020-06-11 14:16:00.623437,18176,660,
BR-AP,Brazil,Amapa,2020-06-11 14:16:00.623437,14623,289,
BR-AM,Brazil,Amazonas,2020-06-11 14:16:00.623437,52849,2363,
BR-BA,Brazil,Bahia,2020-06-11 14:16:00.623437,32685,975,
BR-CE,Brazil,Ceara,2020-06-11 14:16:00.623437,71402,4480,
BR-DF,Brazil,Distrito Federal,2020-06-11 14:16:00.623437,19433,256,
BR-ES,Brazil,Espiritu Santo,2020-06-11 14:16:00.623437,23344,936,
BR-GO,Brazil,Goias,2020-06-11 14:16:00.623437,7159,188,
BR-MA,Brazil,Maranhao,2020-06-11 14:16:00.623437,53508,1322,
BR-MT,Brazil,Mato Grosso,2020-06-11 14:16:00.623437,4602,146,
BR-MS,Brazil,Mato Grosso do Sul,2020-06-11 14:16:00.623437,2597,24,
BR-MG,Brazil,Minas Gerais,2020-06-11 14:16:00.623437,17501,409,
BR-PA,Brazil,Para,2020-06-11 14:16:00.623437,62095,3927,
BR-PB,Brazil,Paraiba,2020-06-11 14:16:00.623437,24032,559,
BR-PR,Brazil,Parana,2020-06-11 14:16:00.623437,7831,275,
BR-PE,Brazil,Pernambuco,2020-06-11 14:16:00.623437,41935,3531,
BR-PI,Brazil,Piaui,2020-06-11 14:16:00.623437,8359,283,
BR-RJ,Brazil,Rio de Janeiro,2020-06-11 14:16:00.623437,74373,7138,
BR-RN,Brazil,Rio Grande do Norte,2020-06-11 14:16:00.623437,11568,487,
BR-RS,Brazil,Rio Grande do Sul,2020-06-11 14:16:00.623437,13619,316,
BR-RO,Brazil,Rondonia,2020-06-11 14:16:00.623437,9850,267,
BR-RR,Brazil,Roraima,2020-06-11 14:16:00.623437,6347,182,
BR-SC,Brazil,Santa Catarina,2020-06-11 14:16:00.623437,12594,184,
BR-SP,Brazil,Sao Paulo,2020-06-11 14:16:00.623437,156316,9862,
BR-SE,Brazil,Sergipe,2020-06-11 14:16:00.623437,10615,264,
BR-TO,Brazil,Tocantins,2020-06-11 14:16:00.623437,6257,120,
CL-AN,Chile,Antofagasta,2020-06-10T16:43:56,3559,56,
CL-AR,Chile,Araucania,2020-06-10T16:43:56,2488,33,
CL-AP,Chile,Arica y Parinacota,2020-06-10T16:43:56,930,10,
CL-AT,Chile,Atacama,2020-06-10T16:43:56,365,0,
CL-AI,Chile,Aysen,2020-06-10T16:43:56,21,0,
CL-BI,Chile,Biobio,2020-06-10T16:43:56,2846,11,
CL-CO,Chile,Coquimbo,2020-06-10T16:43:56,1256,6,
CL-LL,Chile,Los Lagos,2020-06-10T16:43:56,1041,12,
CL-LR,Chile,Los Rios,2020-06-10T16:43:56,452,8,
CL-MA,Chile,Magallanes,2020-06-10T16:43:56,1089,15,
CL-ML,Chile,Maule,2020-06-10T16:43:56,2440,18,
CL-NB,Chile,Nuble,2020-06-10T16:43:56,1616,20,
CL-LI,Chile,O'Higgins,2020-06-10T16:43:56,1442,26,
CL-RM,Chile,Santiago,2020-06-10T16:43:56,119746,2115,
CL-TA,Chile,Tarapaca,2020-06-10T16:43:56,3591,46,
CL-VS,Chile,Valparaiso,2020-06-10T16:43:56,5614,99,
CO-AMA,Colombia,Amazonas,2020-06-11 14:16:00.623437,2066,0,
CO-ANT,Colombia,Antioquia,2020-06-11 14:16:00.623437,1704,0,
CO-ARA,Colombia,Arauca,2020-06-11 14:16:00.623437,0,0,
CO-ATL,Colombia,Atlantico,2020-06-11 14:16:00.623437,7502,0,
CO-DC,Colombia,Bogota,2020-06-11 14:16:00.623437,14132,0,
CO-BOL,Colombia,Bolivar,2020-06-11 14:16:00.623437,4484,0,
CO-BOY,Colombia,Boyaca,2020-06-11 14:16:00.623437,231,0,
CO-CAL,Colombia,Caldas,2020-06-11 14:16:00.623437,185,0,
CO-CAQ,Colombia,Caqueta,2020-06-11 14:16:00.623437,0,0,
CO-CAS,Colombia,Casanare,2020-06-11 14:16:00.623437,0,0,
CO-CAU,Colombia,Cauca,2020-06-11 14:16:00.623437,972,54,
CO-CES,Colombia,Cesar,2020-06-11 14:16:00.623437,496,0,
CO-COR,Colombia,Choco,2020-06-11 14:16:00.623437,556,0,
CO-CUN,Colombia,Cordoba,2020-06-11 14:16:00.623437,235,0,
CO-CHO,Colombia,Cundinamarca,2020-06-11 14:16:00.623437,1427,0,
CO-GUA,Colombia,Guainia,2020-06-11 14:16:00.623437,0,0,
CO-GUV,Colombia,Guaviare,2020-06-11 14:16:00.623437,0,0,
CO-HUI,Colombia,Huila,2020-06-11 14:16:00.623437,0,0,
CO-LAG,Colombia,La Guajira,2020-06-11 14:16:00.623437,0,0,
CO-MAG,Colombia,Magdalena,2020-06-11 14:16:00.623437,819,0,
CO-MET,Colombia,Meta,2020-06-11 14:16:00.623437,1001,12,
CO-NAR,Colombia,Narino,2020-06-11 14:16:00.623437,1989,0,
CO-NSA,Colombia,Norte de Santander,2020-06-11 14:16:00.623437,350,0,
CO-PUT,Colombia,Putumayo,2020-06-11 14:16:00.623437,0,0,
CO-QUI,Colombia,Quindio,2020-06-11 14:16:00.623437,0,0,
CO-RIS,Colombia,Risaralda,2020-06-11 14:16:00.623437,294,0,
CO-SAP,Colombia,San Andres y Providencia,2020-06-11 14:16:00.623437,0,0,
CO-SAN,Colombia,Santander,2020-06-11 14:16:00.623437,0,0,
CO-SUC,Colombia,Sucre,2020-06-11 14:16:00.623437,166,0,
CO-TOL,Colombia,Tolima,2020-06-11 14:16:00.623437,298,0,
CO-VAC,Colombia,Valle del Cauca,2020-06-11 14:16:00.623437,4169,0,
CO-VAU,Colombia,Vaupes,2020-06-11 14:16:00.623437,0,0,
CO-VID,Colombia,Vichada,2020-06-11 14:16:00.623437,0,0,
CR-A,Costa Rica,Alajuela,2020-06-11 14:16:00.623437,454,0,
CR-C,Costa Rica,Cartago,2020-06-11 14:16:00.623437,75,0,
CR-G,Costa Rica,Guanacaste,2020-06-11 14:16:00.623437,111,0,
CR-H,Costa Rica,Heredia,2020-06-11 14:16:00.623437,143,0,
CR-L,Costa Rica,Limon,2020-06-11 14:16:00.623437,63,0,
CR-P,Costa Rica,Puntarenas,2020-06-11 14:16:00.623437,76,0,
CR-SJ,Costa Rica,San Jose,2020-06-11 14:16:00.623437,527,0,
CU-15,Cuba,Artemisa,2020-06-11 14:16:00.623437,0,0,
CU-09,Cuba,Camagüey,2020-06-11 14:16:00.623437,0,0,
CU-08,Cuba,Ciego de Ávila,2020-06-11 14:16:00.623437,0,0,
CU-06,Cuba,Cienfuegos,2020-06-11 14:16:00.623437,0,0,
CU-12,Cuba,Granma,2020-06-11 14:16:00.623437,0,0,
CU-14,Cuba,Guantánamo,2020-06-11 14:16:00.623437,0,0,
CU-11,Cuba,Holguín,2020-06-11 14:16:00.623437,94,0,
CU-99,Cuba,Isla de la Juventud,2020-06-11 14:16:00.623437,0,0,
CU-03,Cuba,La Habana,2020-06-11 14:16:00.623437,1183,0,
CU-10,Cuba,Las Tunas,2020-06-11 14:16:00.623437,0,0,
CU-04,Cuba,Matanzas,2020-06-11 14:16:00.623437,0,0,
CU-16,Cuba,Mayabeque,2020-06-11 14:16:00.623437,0,0,
CU-01,Cuba,Pinar del Río,2020-06-11 14:16:00.623437,0,0,
CU-07,Cuba,Sancti Spíritus,2020-06-11 14:16:00.623437,0,0,
CU-13,Cuba,Santiago de Cuba,2020-06-11 14:16:00.623437,0,0,
CU-05,Cuba,Villa Clara,2020-06-11 14:16:00.623437,0,0,
DO-02,Dominican Republic,Azua,,,,
DO-03,Dominican Republic,Baoruco,,,,
DO-04,Dominican Republic,Barahona,,,,
DO-05,Dominican Republic,Dajabon,,,,
DO-06,Dominican Republic,Distrito Nacional,,,,
DO-08,Dominican Republic,Duarte,,,,
DO-09,Dominican Republic,El Seibo,,,,
DO-30,Dominican Republic,Elias Pina,,,,
DO-10,Dominican Republic,Espaillat,,,,
DO-11,Dominican Republic,Hato Mayor,,,,
DO-07,Dominican Republic,Hermanas Mirabal,,,,
DO-12,Dominican Republic,Independencia,,,,
DO-13,Dominican Republic,La Altagracia,,,,
DO-14,Dominican Republic,La Romana,,,,
DO-28,Dominican Republic,La Vega,,,,
DO-15,Dominican Republic,Maria Trinidad Sanchez,,,,
DO-29,Dominican Republic,Monsenor Nouel,,,,
DO-16,Dominican Republic,Monte Cristi,,,,
DO-17,Dominican Republic,Monte Plata,,,,
DO-18,Dominican Republic,Pedernales,,,,
DO-19,Dominican Republic,Peravia,,,,
DO-20,Dominican Republic,Puerto Plata,,,,
DO-21,Dominican Republic,Samana,,,,
DO-31,Dominican Republic,San Cristobal,,,,
DO-22,Dominican Republic,San Jose de Ocoa,,,,
DO-23,Dominican Republic,San Juan,,,,
DO-24,Dominican Republic,San Pedro de Macoris,,,,
DO-25,Dominican Republic,Sanchez Ramirez,,,,
DO-26,Dominican Republic,Santiago,,,,
DO-32,Dominican Republic,Santiago Rodriguez,,,,
DO-01,Dominican Republic,Santo Domingo,,,,
DO-27,Dominican Republic,Valverde,,,,
EC-A,Ecuador,Azuay,2020-06-11 14:16:00.623437,1108,41,
EC-B,Ecuador,Bolivar,2020-06-11 14:16:00.623437,401,29,
EC-F,Ecuador,Canar,2020-06-11 14:16:00.623437,380,34,
EC-C,Ecuador,Carchi,2020-06-11 14:16:00.623437,359,7,
EC-H,Ecuador,Chimborazo,2020-06-11 14:16:00.623437,1307,98,
EC-X,Ecuador,Cotopaxi,2020-06-11 14:16:00.623437,187,12,
EC-O,Ecuador,El Oro,2020-06-11 14:16:00.623437,14507,1476,
EC-E,Ecuador,Esmeraldas,2020-06-11 14:16:00.623437,508,120,
EC-W,Ecuador,Galapagos,2020-06-11 14:16:00.623437,295,16,
EC-G,Ecuador,Guayas,2020-06-11 14:16:00.623437,513,29,
EC-I,Ecuador,Imbabura,2020-06-11 14:16:00.623437,2990,502,
EC-L,Ecuador,Loja,2020-06-11 14:16:00.623437,345,24,
EC-R,Ecuador,Los Rios,2020-06-11 14:16:00.623437,1347,199,
EC-M,Ecuador,Manabi,2020-06-11 14:16:00.623437,4898,348,
EC-S,Ecuador,Morona Santiago,2020-06-11 14:16:00.623437,1855,234,
EC-N,Ecuador,Napo,2020-06-11 14:16:00.623437,202,7,
EC-D,Ecuador,Orellana,2020-06-11 14:16:00.623437,1250,91,
EC-Y,Ecuador,Pastaza,2020-06-11 14:16:00.623437,836,288,
EC-P,Ecuador,Pichincha,2020-06-11 14:16:00.623437,634,78,
EC-SE,Ecuador,Santa Elena,2020-06-11 14:16:00.623437,176,8,
EC-SD,Ecuador,Santo Domingo de los Tsachilas,2020-06-11 14:16:00.623437,76,1,
EC-U,Ecuador,Sucumbios,2020-06-11 14:16:00.623437,644,64,
EC-T,Ecuador,Tungurahua,2020-06-11 14:16:00.623437,357,7,
EC-Z,Ecuador,Zamora-Chinchipe,2020-06-11 14:16:00.623437,309,7,
SV-AH,El Salvador,Ahuachapan,,,,
SV-CA,El Salvador,Cabanas,,,,
SV-CH,El Salvador,Chalatenango,,,,
SV-CU,El Salvador,Cuscatlan,,,,
SV-LI,El Salvador,La Libertad,,,,
SV-PA,El Salvador,La Paz,,,,
SV-UN,El Salvador,La Unión,,,,
SV-MO,El Salvador,Morazan,,,,
SV-SM,El Salvador,San Miguel,,,,
SV-SS,El Salvador,San Salvador,,,,
SV-SV,El Salvador,San Vicente,,,,
SV-SA,El Salvador,Santa Ana,,,,
SV-SO,El Salvador,Sonsonate,,,,
SV-US,El Salvador,Usulutan,,,,
FR-GP,France,Guadeloupe,,,,
FR-GF,France,Guyane,,,,
FR-MQ,France,Martinique,,,,
FR-BL,France,Saint-Barthélemy,,,,
FR-MF,France,Saint-Martin,,,,
FR-PM,France,Saint-Pierre-et-Miquelon,,,,
GT-AV,Guatemala,Alta Verapaz,,,,
GT-BV,Guatemala,Baja Verapaz,,,,
GT-CM,Guatemala,Chimaltenango,,,,
GT-CQ,Guatemala,Chiquimula,,,,
GT-PR,Guatemala,El Progreso,,,,
GT-ES,Guatemala,Escuintla,,,,
GT-GU,Guatemala,Guatemala,,,,
GT-HU,Guatemala,Huehuetenango,,,,
GT-IZ,Guatemala,Izabal,,,,
GT-JA,Guatemala,Jalapa,,,,
GT-JU,Guatemala,Jutiapa,,,,
GT-PE,Guatemala,Petén,,,,
GT-QZ,Guatemala,Quetzaltenango,,,,
GT-QC,Guatemala,Quiché,,,,
GT-RE,Guatemala,Retalhuleu,,,,
GT-SA,Guatemala,Sacatepéquez,,,,
GT-SM,Guatemala,San Marcos,,,,
GT-SR,Guatemala,Santa Rosa,,,,
GT-SO,Guatemala,Sololá,,,,
GT-SU,Guatemala,Suchitepéquez,,,,
GT-TO,Guatemala,Totonicapán,,,,
GT-ZA,Guatemala,Zacapa,,,,
HT-AR,Haiti,Artibonite,,,,
HT-CE,Haiti,Centre,,,,
HT-GA,Haiti,Grande’Anse,,,,
HT-NI,Haiti,Nippes,,,,
HT-ND,Haiti,Nord,,,,
HT-NE,Haiti,Nord-Est,,,,
HT-NO,Haiti,Nord-Ouest,,,,
HT-OU,Haiti,Ouest,,,,
HT-SD,Haiti,Sud,,,,
HT-SE,Haiti,Sud-Est,,,,
HN-AT,Honduras,Atlantida,2020-06-11T16:13:45,206,9,44
HN-CH,Honduras,Choluteca,2020-06-11T16:13:45,169,2,20
HN-CL,Honduras,Colon,2020-06-11T16:13:45,49,4,19
HN-CM,Honduras,Comayagua,2020-06-11T16:13:45,72,4,5
HN-CP,Honduras,Copan,2020-06-11T16:13:45,25,0,4
HN-CR,Honduras,Cortes,2020-06-11T16:13:45,4522,206,436
HN-EP,Honduras,El Paraiso,2020-06-11T16:13:45,51,1,1
HN-FM,Honduras,Francisco Morazan,2020-06-11T16:13:45,1708,46,136
HN-GD,Honduras,Gracias a Dios,2020-06-11T16:13:45,0,0,0
HN-IN,Honduras,Intibuca,2020-06-11T16:13:45,19,1,9
HN-IB,Honduras,Islas de la Bahia,2020-06-11T16:13:45,12,0,0
HN-LP,Honduras,La Paz,2020-06-11T16:13:45,35,0,2
HN-LE,Honduras,Lempira,2020-06-11T16:13:45,16,1,5
HN-OC,Honduras,Ocotepeque,2020-06-11T16:13:45,15,1,2
HN-OL,Honduras,Olancho,2020-06-11T16:13:45,23,0,4
HN-SB,Honduras,Santa Barbara,2020-06-11T16:13:45,84,5,9
HN-VA,Honduras,Valle,2020-06-11T16:13:45,67,1,13
HN-YO,Honduras,Yoro,2020-06-11T16:13:45,287,10,48
MX-AGU,Mexico,Aguascalientes,2020-06-11T02:28:00,1266,59,
MX-BCN,Mexico,Baja California,2020-06-11T02:28:00,6525,1387,
MX-BCS,Mexico,Baja California Sur,2020-06-11T02:28:00,851,47,
MX-CAM,Mexico,Campeche,2020-06-11T02:28:00,947,116,
MX-CHP,Mexico,Chiapas,2020-06-11T02:28:00,2798,243,
MX-CHH,Mexico,Chihuahua,2020-06-11T02:28:00,2071,416,
MX-CMX,Mexico,Ciudad de Mexico,2020-06-11T02:28:00,40117,4106,
MX-COA,Mexico,Coahuila,2020-06-11T02:28:00,1671,105,
MX-COL,Mexico,Colima,2020-06-11T02:28:00,238,34,
MX-DUR,Mexico,Durango,2020-06-11T02:28:00,712,56,
MX-GUA,Mexico,Guanajuato,2020-06-11T02:28:00,2970,159,
MX-GRO,Mexico,Guerrero,2020-06-11T02:28:00,2798,477,
MX-HID,Mexico,Hidalgo,2020-06-11T02:28:00,2439,430,
MX-JAL,Mexico,Jalisco,2020-06-11T02:28:00,3342,284,
MX-MIC,Mexico,Michoacan,2020-06-11T02:28:00,3018,257,
MX-MOR,Mexico,Morelos,2020-06-11T02:28:00,1637,319,
MX-MEX,Mexico,Mexico,2020-06-11T02:28:00,13879,1761,
MX-NAY,Mexico,Nayarit,2020-06-11T02:28:00,835,96,
MX-NLE,Mexico,Nuevo Leon,2020-06-11T02:28:00,2128,136,
MX-OAX,Mexico,Oaxaca,2020-06-11T02:28:00,2420,266,
MX-PUE,Mexico,Puebla,2020-06-11T02:28:00,4818,667,
MX-QUE,Mexico,Queretaro,2020-06-11T02:28:00,1385,170,
MX-ROO,Mexico,Quintana Roo,2020-06-11T02:28:00,2272,448,
MX-SLP,Mexico,San Luis Potosi,2020-06-11T02:28:00,1432,83,
MX-SIN,Mexico,Sinaloa,2020-06-11T02:28:00,5080,800,
MX-SON,Mexico,Sonora,2020-06-11T02:28:00,3261,216,
MX-TAB,Mexico,Tabasco,2020-06-11T02:28:00,5979,693,
MX-TAM,Mexico,Tamaulipas,2020-06-11T02:28:00,2540,174,
MX-TLA,Mexico,Tlaxcala,2020-06-11T02:28:00,1444,204,
MX-VER,Mexico,Veracruz,2020-06-11T02:28:00,5613,870,
MX-YUC,Mexico,Yucatan,2020-06-11T02:28:00,2280,225,
MX-ZAC,Mexico,Zacatecas,2020-06-11T02:28:00,418,53,
NI-BO,Nicaragua,Boaco,,,,
NI-CA,Nicaragua,Carazo,,,,
NI-CI,Nicaragua,Chinandega,,,,
NI-CO,Nicaragua,Chontales,,,,
NI-ES,Nicaragua,Estelí,,,,
NI-GR,Nicaragua,Granada,,,,
NI-JI,Nicaragua,Jinotega,,,,
NI-LE,Nicaragua,León,,,,
NI-MD,Nicaragua,Madriz,,,,
NI-MN,Nicaragua,Managua,,,,
NI-MS,Nicaragua,Masaya,,,,
NI-MT,Nicaragua,Matagalpa,,,,
NI-AN,Nicaragua,NCCAR,,,,
NI-NS,Nicaragua,Nueva Segovia,,,,
NI-RI,Nicaragua,Rio San Juan,,,,
NI-SJ,Nicaragua,Rivas,,,,
NI-AS,Nicaragua,SCCAR,,,,
PA-1,Panama,Bocas del Toro,,,,
PA-4,Panama,Chiriqui,,,,
PA-2,Panama,Cocle,,,,
PA-3,Panama,Colon,,,,
PA-5,Panama,Darien,,,,
PA-EM,Panama,Embera,,,,
PA-KY,Panama,Guna Yala,,,,
PA-6,Panama,Herrera,,,,
PA-7,Panama,Los Santos,,,,
PA-NB,Panama,Ngabe-Bugle,,,,
PA-8,Panama,Panama,,,,
PA-10,Panama,Panama Oeste,,,,
PA-9,Panama,Veraguas,,,,
PY-16,Paraguay,Alto Paraguay,,,,
PY-10,Paraguay,Alto Parana,,,,
PY-13,Paraguay,Amambay,,,,
PY-19,Paraguay,Boqueron,,,,
PY-5,Paraguay,Caaguazu,,,,
PY-6,Paraguay,Caazapa,,,,
PY-14,Paraguay,Canindeyu,,,,
PY-11,Paraguay,Central,,,,
PY-1,Paraguay,Concepcion,,,,
PY-3,Paraguay,Cordillera,,,,
PY-ASU,Paraguay,Distrito Capital,,,,
PY-4,Paraguay,Guaira,,,,
PY-7,Paraguay,Itapua,,,,
PY-8,Paraguay,Misiones,,,,
PY-12,Paraguay,Neembucu,,,,
PY-9,Paraguay,Paraguari,,,,
PY-15,Paraguay,Presidente Hayes,,,,
PY-2,Paraguay,San Pedro,,,,
PE-AMA,Peru,Amazonas,2020-06-11 14:16:00.623437,926,27,
PE-ANC,Peru,Ancash,2020-06-11 14:16:00.623437,5736,335,
PE-APU,Peru,Apurimac,2020-06-11 14:16:00.623437,314,7,
PE-ARE,Peru,Arequipa,2020-06-11 14:16:00.623437,4620,81,
PE-AYA,Peru,Ayacucho,2020-06-11 14:16:00.623437,995,8,
PE-CAJ,Peru,Cajamarca,2020-06-11 14:16:00.623437,1013,13,
PE-CAL,Peru,Callao,2020-06-11 14:16:00.623437,14489,410,
PE-CUS,Peru,Cusco,2020-06-11 14:16:00.623437,1309,5,
PE-HUV,Peru,Huancavelica,2020-06-11 14:16:00.623437,602,5,
PE-HUC,Peru,Huanuco,2020-06-11 14:16:00.623437,1254,19,
PE-ICA,Peru,Ica,2020-06-11 14:16:00.623437,4713,306,
PE-JUN,Peru,Junin,2020-06-11 14:16:00.623437,2298,29,
PE-LAL,Peru,La Libertad,2020-06-11 14:16:00.623437,6311,273,
PE-LAM,Peru,Lambayeque,2020-06-11 14:16:00.623437,10286,642,
PE-LIM,Peru,Lima,2020-06-11 14:16:00.623437,122883,2543,
PE-LOR,Peru,Loreto,2020-06-11 14:16:00.623437,6719,309,
PE-MDD,Peru,Madre de dios,2020-06-11 14:16:00.623437,832,13,
PE-MOQ,Peru,Moquegua,2020-06-11 14:16:00.623437,724,5,
PE-PAS,Peru,Pasco,2020-06-11 14:16:00.623437,679,13,
PE-PIU,Peru,Piura,2020-06-11 14:16:00.623437,11520,593,
PE-PUN,Peru,Puno,2020-06-11 14:16:00.623437,497,9,
PE-SAM,Peru,San Martin,2020-06-11 14:16:00.623437,2206,41,
PE-TAC,Peru,Tacna,2020-06-11 14:16:00.623437,563,5,
PE-TUM,Peru,Tumbes,2020-06-11 14:16:00.623437,1686,93,
PE-UCA,Peru,Ucayali,2020-06-11 14:16:00.623437,5648,119,
US-PR,United States,Puerto Rico,,,,
UY-AR,Uruguay,Artigas,,,,
UY-CA,Uruguay,Canelones,,,,
UY-CL,Uruguay,Cerro Largo,,,,
UY-CO,Uruguay,Colonia,,,,
UY-DU,Uruguay,Durazno,,,,
UY-FS,Uruguay,Flores,,,,
UY-FD,Uruguay,Florida,,,,
UY-LA,Uruguay,Lavalleja,,,,
UY-MA,Uruguay,Maldonado,,,,
UY-MO,Uruguay,Montevideo,,,,
UY-PA,Uruguay,Paysandu,,,,
UY-RN,Uruguay,Rio Negro,,,,
UY-RV,Uruguay,Rivera,,,,
UY-RO,Uruguay,Rocha,,,,
UY-SA,Uruguay,Salto,,,,
UY-SJ,Uruguay,San Jose,,,,
UY-SO,Uruguay,Soriano,,,,
UY-TA,Uruguay,Tacuarembo,,,,
UY-TT,Uruguay,Treinta y Tres,,,,
VE-Z,Venezuela,Amazonas,,,,
VE-B,Venezuela,Anzoategui,,,,
VE-C,Venezuela,Apure,,,,
VE-D,Venezuela,Aragua,,,,
VE-E,Venezuela,Barinas,,,,
VE-F,Venezuela,Bolivar,,,,
VE-G,Venezuela,Carabobo,,,,
VE-A,Venezuela,Caracas Distrito Capital,,,,
VE-H,Venezuela,Cojedes,,,,
VE-Y,Venezuela,Delta Amacuro,,,,
VE-W,Venezuela,Dependencias Federales,,,,
VE-I,Venezuela,Falcon,,,,
VE-J,Venezuela,Guarico,,,,
VE-K,Venezuela,Lara,,,,
VE-L,Venezuela,Merida,,,,
VE-M,Venezuela,Miranda,,,,
VE-N,Venezuela,Monagas,,,,
VE-O,Venezuela,Nueva Esparta,,,,
VE-P,Venezuela,Portuguesa,,,,
VE-R,Venezuela,Sucre,,,,
VE-S,Venezuela,Tachira,,,,
VE-T,Venezuela,Trujillo,,,,
VE-X,Venezuela,Vargas,,,,
VE-U,Venezuela,Yaracuy,,,,
VE-V,Venezuela,Zulia,,,,
