ISO 3166-2 Code,Country,Subdivision,Last Update,Confirmed,Deaths,Recovered
AR-B,Argentina,Buenos Aires,,,,
AR-K,Argentina,Catamarca,,,,
AR-H,Argentina,Chaco,,,,
AR-U,Argentina,Chubut,,,,
AR-C,Argentina,Ciudad Autonoma de Buenos Aires,,,,
AR-X,Argentina,Cordoba,,,,
AR-W,Argentina,Corrientes,,,,
AR-E,Argentina,Entre Rios,,,,
AR-P,Argentina,Formosa,,,,
AR-Y,Argentina,Jujuy,,,,
AR-L,Argentina,La Pampa,,,,
AR-F,Argentina,La Rioja,,,,
AR-M,Argentina,Mendoza,,,,
AR-N,Argentina,Misiones,,,,
AR-Q,Argentina,Neuquen,,,,
AR-R,Argentina,Rio Negro,,,,
AR-A,Argentina,Salta,,,,
AR-J,Argentina,San Juan,,,,
AR-D,Argentina,San Luis,,,,
AR-Z,Argentina,Santa Cruz,,,,
AR-S,Argentina,Santa Fe,,,,
AR-G,Argentina,Santiago del Estero,,,,
AR-V,Argentina,Tierra del Fuego,,,,
AR-T,Argentina,Tucuman,,,,
BO-B,Bolivia,Beni,2020-06-26 17:33:43.776197,3920,206,
BO-H,Bolivia,Chuquisaca,2020-06-26 17:33:43.776197,470,29,
BO-C,Bolivia,Cochabamba,2020-06-26 17:33:43.776197,2970,136,
BO-L,Bolivia,La Paz,2020-06-26 17:33:43.776197,2373,68,
BO-O,Bolivia,Oruro,2020-06-26 17:33:43.776197,721,54,
BO-N,Bolivia,Pando,2020-06-26 17:33:43.776197,513,20,
BO-P,Bolivia,Potosi,2020-06-26 17:33:43.776197,588,17,
BO-S,Bolivia,Santa Cruz,2020-06-26 17:33:43.776197,16555,373,
BO-T,Bolivia,Tarija,2020-06-26 17:33:43.776197,393,10,
BR-AC,Brazil,Acre,2020-06-26 17:33:43.776197,12304,335,
BR-AL,Brazil,Alagoas,2020-06-26 17:33:43.776197,32065,958,
BR-AP,Brazil,Amapa,2020-06-26 17:33:43.776197,27415,394,
BR-AM,Brazil,Amazonas,2020-06-26 17:33:43.776197,67267,2731,
BR-BA,Brazil,Bahia,2020-06-26 17:33:43.776197,54291,1601,
BR-CE,Brazil,Ceara,2020-06-26 17:33:43.776197,102126,5875,
BR-DF,Brazil,Distrito Federal,2020-06-26 17:33:43.776197,38871,509,
BR-ES,Brazil,Espiritu Santo,2020-06-26 17:33:43.776197,40246,1490,
BR-GO,Brazil,Goias,2020-06-26 17:33:43.776197,19547,384,
BR-MA,Brazil,Maranhao,2020-06-26 17:33:43.776197,74925,1871,
BR-MT,Brazil,Mato Grosso,2020-06-26 17:33:43.776197,12157,462,
BR-MS,Brazil,Mato Grosso do Sul,2020-06-26 17:33:43.776197,6523,61,
BR-MG,Brazil,Minas Gerais,2020-06-26 17:33:43.776197,32769,806,
BR-PA,Brazil,Para,2020-06-26 17:33:43.776197,94036,4748,
BR-PB,Brazil,Paraiba,2020-06-26 17:33:43.776197,40824,842,
BR-PR,Brazil,Parana,2020-06-26 17:33:43.776197,17821,539,
BR-PE,Brazil,Pernambuco,2020-06-26 17:33:43.776197,55136,4488,
BR-PI,Brazil,Piaui,2020-06-26 17:33:43.776197,17080,546,
BR-RJ,Brazil,Rio de Janeiro,2020-06-26 17:33:43.776197,105897,9450,
BR-RN,Brazil,Rio Grande do Norte,2020-06-26 17:33:43.776197,22665,858,
BR-RS,Brazil,Rio Grande do Sul,2020-06-26 17:33:43.776197,23060,500,
BR-RO,Brazil,Rondonia,2020-06-26 17:33:43.776197,18173,467,
BR-RR,Brazil,Roraima,2020-06-26 17:33:43.776197,11872,271,
BR-SC,Brazil,Santa Catarina,2020-06-26 17:33:43.776197,21951,289,
BR-SP,Brazil,Sao Paulo,2020-06-26 17:33:43.776197,248587,13759,
BR-SE,Brazil,Sergipe,2020-06-26 17:33:43.776197,21081,554,
BR-TO,Brazil,Tocantins,2020-06-26 17:33:43.776197,9425,183,
CL-AN,Chile,Antofagasta,2020-06-25T15:53:35,7515,122,5685
CL-AR,Chile,Araucania,2020-06-25T15:53:35,3064,40,2769
CL-AP,Chile,Arica y Parinacota,2020-06-25T15:53:35,1511,16,1151
CL-AT,Chile,Atacama,2020-06-25T15:53:35,837,2,550
CL-AI,Chile,Aysen,2020-06-25T15:53:35,29,0,26
CL-BI,Chile,Biobio,2020-06-25T15:53:35,5702,42,3789
CL-CO,Chile,Coquimbo,2020-06-25T15:53:35,2637,22,1979
CL-LL,Chile,Los Lagos,2020-06-25T15:53:35,1505,19,1207
CL-LR,Chile,Los Rios,2020-06-25T15:53:35,641,10,526
CL-MA,Chile,Magallanes,2020-06-25T15:53:35,1385,15,1191
CL-ML,Chile,Maule,2020-06-25T15:53:35,4832,36,3524
CL-NB,Chile,Nuble,2020-06-25T15:53:35,2233,30,1833
CL-LI,Chile,O'Higgins,2020-06-25T15:53:35,4868,63,2915
CL-RM,Chile,Santiago,2020-06-25T15:53:35,206246,4206,179297
CL-TA,Chile,Tarapaca,2020-06-25T15:53:35,5577,85,4670
CL-VS,Chile,Valparaiso,2020-06-25T15:53:35,10482,195,8215
CO-AMA,Colombia,Amazonas,2020-06-26 17:33:43.776197,2228,0,
CO-ANT,Colombia,Antioquia,2020-06-26 17:33:43.776197,3457,0,
CO-ARA,Colombia,Arauca,2020-06-26 17:33:43.776197,0,0,
CO-ATL,Colombia,Atlantico,2020-06-26 17:33:43.776197,18593,870,
CO-DC,Colombia,Bogota,2020-06-26 17:33:43.776197,24636,569,
CO-BOL,Colombia,Bolivar,2020-06-26 17:33:43.776197,7852,0,
CO-BOY,Colombia,Boyaca,2020-06-26 17:33:43.776197,333,0,
CO-CAL,Colombia,Caldas,2020-06-26 17:33:43.776197,240,0,
CO-CAQ,Colombia,Caqueta,2020-06-26 17:33:43.776197,0,0,
CO-CAS,Colombia,Casanare,2020-06-26 17:33:43.776197,64,0,
CO-CAU,Colombia,Cauca,2020-06-26 17:33:43.776197,1649,0,
CO-CES,Colombia,Cesar,2020-06-26 17:33:43.776197,791,0,
CO-COR,Colombia,Choco,2020-06-26 17:33:43.776197,1234,0,
CO-CUN,Colombia,Cordoba,2020-06-26 17:33:43.776197,525,0,
CO-CHO,Colombia,Cundinamarca,2020-06-26 17:33:43.776197,2278,0,
CO-GUA,Colombia,Guainia,2020-06-26 17:33:43.776197,0,0,
CO-GUV,Colombia,Guaviare,2020-06-26 17:33:43.776197,0,0,
CO-HUI,Colombia,Huila,2020-06-26 17:33:43.776197,317,0,
CO-LAG,Colombia,La Guajira,2020-06-26 17:33:43.776197,261,0,
CO-MAG,Colombia,Magdalena,2020-06-26 17:33:43.776197,1488,0,
CO-MET,Colombia,Meta,2020-06-26 17:33:43.776197,1170,0,
CO-NAR,Colombia,Narino,2020-06-26 17:33:43.776197,2884,102,
CO-NSA,Colombia,Norte de Santander,2020-06-26 17:33:43.776197,812,0,
CO-PUT,Colombia,Putumayo,2020-06-26 17:33:43.776197,0,0,
CO-QUI,Colombia,Quindio,2020-06-26 17:33:43.776197,156,0,
CO-RIS,Colombia,Risaralda,2020-06-26 17:33:43.776197,473,0,
CO-SAP,Colombia,San Andres y Providencia,2020-06-26 17:33:43.776197,0,0,
CO-SAN,Colombia,Santander,2020-06-26 17:33:43.776197,0,0,
CO-SUC,Colombia,Sucre,2020-06-26 17:33:43.776197,847,31,
CO-TOL,Colombia,Tolima,2020-06-26 17:33:43.776197,737,0,
CO-VAC,Colombia,Valle del Cauca,2020-06-26 17:33:43.776197,7350,285,
CO-VAU,Colombia,Vaupes,2020-06-26 17:33:43.776197,0,0,
CO-VID,Colombia,Vichada,2020-06-26 17:33:43.776197,0,0,
CR-A,Costa Rica,Alajuela,2020-06-26 17:33:43.776197,456,0,
CR-C,Costa Rica,Cartago,2020-06-26 17:33:43.776197,46,0,
CR-G,Costa Rica,Guanacaste,2020-06-26 17:33:43.776197,133,0,
CR-H,Costa Rica,Heredia,2020-06-26 17:33:43.776197,187,0,
CR-L,Costa Rica,Limon,2020-06-26 17:33:43.776197,68,0,
CR-P,Costa Rica,Puntarenas,2020-06-26 17:33:43.776197,69,0,
CR-SJ,Costa Rica,San Jose,2020-06-26 17:33:43.776197,473,0,
CU-15,Cuba,Artemisa,2020-06-26 17:33:43.776197,0,0,
CU-09,Cuba,Camagüey,2020-06-26 17:33:43.776197,0,0,
CU-08,Cuba,Ciego de Ávila,2020-06-26 17:33:43.776197,0,0,
CU-06,Cuba,Cienfuegos,2020-06-26 17:33:43.776197,0,0,
CU-12,Cuba,Granma,2020-06-26 17:33:43.776197,0,0,
CU-14,Cuba,Guantánamo,2020-06-26 17:33:43.776197,0,0,
CU-11,Cuba,Holguín,2020-06-26 17:33:43.776197,0,0,
CU-99,Cuba,Isla de la Juventud,2020-06-26 17:33:43.776197,0,0,
CU-03,Cuba,La Habana,2020-06-26 17:33:43.776197,1285,0,
CU-10,Cuba,Las Tunas,2020-06-26 17:33:43.776197,0,0,
CU-04,Cuba,Matanzas,2020-06-26 17:33:43.776197,0,0,
CU-16,Cuba,Mayabeque,2020-06-26 17:33:43.776197,49,0,
CU-01,Cuba,Pinar del Río,2020-06-26 17:33:43.776197,0,0,
CU-07,Cuba,Sancti Spíritus,2020-06-26 17:33:43.776197,0,0,
CU-13,Cuba,Santiago de Cuba,2020-06-26 17:33:43.776197,0,0,
CU-05,Cuba,Villa Clara,2020-06-26 17:33:43.776197,0,0,
DO-02,Dominican Republic,Azua,,,,
DO-03,Dominican Republic,Baoruco,,,,
DO-04,Dominican Republic,Barahona,,,,
DO-05,Dominican Republic,Dajabon,,,,
DO-06,Dominican Republic,Distrito Nacional,,,,
DO-08,Dominican Republic,Duarte,,,,
DO-09,Dominican Republic,El Seibo,,,,
DO-30,Dominican Republic,Elias Pina,,,,
DO-10,Dominican Republic,Espaillat,,,,
DO-11,Dominican Republic,Hato Mayor,,,,
DO-07,Dominican Republic,Hermanas Mirabal,,,,
DO-12,Dominican Republic,Independencia,,,,
DO-13,Dominican Republic,La Altagracia,,,,
DO-14,Dominican Republic,La Romana,,,,
DO-28,Dominican Republic,La Vega,,,,
DO-15,Dominican Republic,Maria Trinidad Sanchez,,,,
DO-29,Dominican Republic,Monsenor Nouel,,,,
DO-16,Dominican Republic,Monte Cristi,,,,
DO-17,Dominican Republic,Monte Plata,,,,
DO-18,Dominican Republic,Pedernales,,,,
DO-19,Dominican Republic,Peravia,,,,
DO-20,Dominican Republic,Puerto Plata,,,,
DO-21,Dominican Republic,Samana,,,,
DO-31,Dominican Republic,San Cristobal,,,,
DO-22,Dominican Republic,San Jose de Ocoa,,,,
DO-23,Dominican Republic,San Juan,,,,
DO-24,Dominican Republic,San Pedro de Macoris,,,,
DO-25,Dominican Republic,Sanchez Ramirez,,,,
DO-26,Dominican Republic,Santiago,,,,
DO-32,Dominican Republic,Santiago Rodriguez,,,,
DO-01,Dominican Republic,Santo Domingo,,,,
DO-27,Dominican Republic,Valverde,,,,
EC-A,Ecuador,Azuay,2020-06-26 17:33:43.776197,1551,50,
EC-B,Ecuador,Bolivar,2020-06-26 17:33:43.776197,560,34,
EC-F,Ecuador,Canar,2020-06-26 17:33:43.776197,476,40,
EC-C,Ecuador,Carchi,2020-06-26 17:33:43.776197,603,16,
EC-H,Ecuador,Chimborazo,2020-06-26 17:33:43.776197,1862,136,
EC-X,Ecuador,Cotopaxi,2020-06-26 17:33:43.776197,249,17,
EC-O,Ecuador,El Oro,2020-06-26 17:33:43.776197,14894,1553,
EC-E,Ecuador,Esmeraldas,2020-06-26 17:33:43.776197,675,145,
EC-W,Ecuador,Galapagos,2020-06-26 17:33:43.776197,544,34,
EC-G,Ecuador,Guayas,2020-06-26 17:33:43.776197,762,41,
EC-I,Ecuador,Imbabura,2020-06-26 17:33:43.776197,4137,576,
EC-L,Ecuador,Loja,2020-06-26 17:33:43.776197,555,30,
EC-R,Ecuador,Los Rios,2020-06-26 17:33:43.776197,1882,243,
EC-M,Ecuador,Manabi,2020-06-26 17:33:43.776197,6620,473,
EC-S,Ecuador,Morona Santiago,2020-06-26 17:33:43.776197,2164,252,
EC-N,Ecuador,Napo,2020-06-26 17:33:43.776197,567,10,
EC-D,Ecuador,Orellana,2020-06-26 17:33:43.776197,1810,113,
EC-Y,Ecuador,Pastaza,2020-06-26 17:33:43.776197,911,324,
EC-P,Ecuador,Pichincha,2020-06-26 17:33:43.776197,905,95,
EC-SE,Ecuador,Santa Elena,2020-06-26 17:33:43.776197,350,17,
EC-SD,Ecuador,Santo Domingo de los Tsachilas,2020-06-26 17:33:43.776197,78,1,
EC-U,Ecuador,Sucumbios,2020-06-26 17:33:43.776197,965,111,
EC-T,Ecuador,Tungurahua,2020-06-26 17:33:43.776197,614,16,
EC-Z,Ecuador,Zamora-Chinchipe,2020-06-26 17:33:43.776197,466,16,
SV-AH,El Salvador,Ahuachapan,,,,
SV-CA,El Salvador,Cabanas,,,,
SV-CH,El Salvador,Chalatenango,,,,
SV-CU,El Salvador,Cuscatlan,,,,
SV-LI,El Salvador,La Libertad,,,,
SV-PA,El Salvador,La Paz,,,,
SV-UN,El Salvador,La Unión,,,,
SV-MO,El Salvador,Morazan,,,,
SV-SM,El Salvador,San Miguel,,,,
SV-SS,El Salvador,San Salvador,,,,
SV-SV,El Salvador,San Vicente,,,,
SV-SA,El Salvador,Santa Ana,,,,
SV-SO,El Salvador,Sonsonate,,,,
SV-US,El Salvador,Usulutan,,,,
FR-GP,France,Guadeloupe,,,,
FR-GF,France,Guyane,,,,
FR-MQ,France,Martinique,,,,
FR-BL,France,Saint-Barthélemy,,,,
FR-MF,France,Saint-Martin,,,,
FR-PM,France,Saint-Pierre-et-Miquelon,,,,
GT-AV,Guatemala,Alta Verapaz,,,,
GT-BV,Guatemala,Baja Verapaz,,,,
GT-CM,Guatemala,Chimaltenango,,,,
GT-CQ,Guatemala,Chiquimula,,,,
GT-PR,Guatemala,El Progreso,,,,
GT-ES,Guatemala,Escuintla,,,,
GT-GU,Guatemala,Guatemala,,,,
GT-HU,Guatemala,Huehuetenango,,,,
GT-IZ,Guatemala,Izabal,,,,
GT-JA,Guatemala,Jalapa,,,,
GT-JU,Guatemala,Jutiapa,,,,
GT-PE,Guatemala,Petén,,,,
GT-QZ,Guatemala,Quetzaltenango,,,,
GT-QC,Guatemala,Quiché,,,,
GT-RE,Guatemala,Retalhuleu,,,,
GT-SA,Guatemala,Sacatepéquez,,,,
GT-SM,Guatemala,San Marcos,,,,
GT-SR,Guatemala,Santa Rosa,,,,
GT-SO,Guatemala,Sololá,,,,
GT-SU,Guatemala,Suchitepéquez,,,,
GT-TO,Guatemala,Totonicapán,,,,
GT-ZA,Guatemala,Zacapa,,,,
HT-AR,Haiti,Artibonite,,,,
HT-CE,Haiti,Centre,,,,
HT-GA,Haiti,Grande’Anse,,,,
HT-NI,Haiti,Nippes,,,,
HT-ND,Haiti,Nord,,,,
HT-NE,Haiti,Nord-Est,,,,
HT-NO,Haiti,Nord-Ouest,,,,
HT-OU,Haiti,Ouest,,,,
HT-SD,Haiti,Sud,,,,
HT-SE,Haiti,Sud-Est,,,,
HN-AT,Honduras,Atlantida,2020-06-26T15:02:02,368,11,52
HN-CH,Honduras,Choluteca,2020-06-26T15:02:02,453,6,39
HN-CL,Honduras,Colon,2020-06-26T15:02:02,117,5,76
HN-CM,Honduras,Comayagua,2020-06-26T15:02:02,111,5,10
HN-CP,Honduras,Copan,2020-06-26T15:02:02,79,2,8
HN-CR,Honduras,Cortes,2020-06-26T15:02:02,7238,256,955
HN-EP,Honduras,El Paraiso,2020-06-26T15:02:02,124,1,4
HN-FM,Honduras,Francisco Morazan,2020-06-26T15:02:02,5445,114,316
HN-GD,Honduras,Gracias a Dios,2020-06-26T15:02:02,7,0,0
HN-IN,Honduras,Intibuca,2020-06-26T15:02:02,74,1,12
HN-IB,Honduras,Islas de la Bahia,2020-06-26T15:02:02,132,0,0
HN-LP,Honduras,La Paz,2020-06-26T15:02:02,67,2,10
HN-LE,Honduras,Lempira,2020-06-26T15:02:02,27,1,5
HN-OC,Honduras,Ocotepeque,2020-06-26T15:02:02,59,2,3
HN-OL,Honduras,Olancho,2020-06-26T15:02:02,67,0,6
HN-SB,Honduras,Santa Barbara,2020-06-26T15:02:02,254,7,18
HN-VA,Honduras,Valle,2020-06-26T15:02:02,196,2,18
HN-YO,Honduras,Yoro,2020-06-26T15:02:02,548,11,99
MX-AGU,Mexico,Aguascalientes,2020-06-26T01:08:19,2103,122,
MX-BCN,Mexico,Baja California,2020-06-26T01:08:19,8408,1824,
MX-BCS,Mexico,Baja California Sur,2020-06-26T01:08:19,1308,69,
MX-CAM,Mexico,Campeche,2020-06-26T01:08:19,1694,175,
MX-CHP,Mexico,Chiapas,2020-06-26T01:08:19,4034,435,
MX-CHH,Mexico,Chihuahua,2020-06-26T01:08:19,2839,610,
MX-CMX,Mexico,Ciudad de Mexico,2020-06-26T01:08:19,54854,6116,
MX-COA,Mexico,Coahuila,2020-06-26T01:08:19,3479,190,
MX-COL,Mexico,Colima,2020-06-26T01:08:19,466,58,
MX-DUR,Mexico,Durango,2020-06-26T01:08:19,1587,132,
MX-GUA,Mexico,Guanajuato,2020-06-26T01:08:19,6176,301,
MX-GRO,Mexico,Guerrero,2020-06-26T01:08:19,4685,820,
MX-HID,Mexico,Hidalgo,2020-06-26T01:08:19,3501,600,
MX-JAL,Mexico,Jalisco,2020-06-26T01:08:19,5923,563,
MX-MIC,Mexico,Michoacan,2020-06-26T01:08:19,5344,415,
MX-MOR,Mexico,Morelos,2020-06-26T01:08:19,2590,640,
MX-MEX,Mexico,Mexico,2020-06-26T01:08:19,22500,3873,
MX-NAY,Mexico,Nayarit,2020-06-26T01:08:19,1438,168,
MX-NLE,Mexico,Nuevo Leon,2020-06-26T01:08:19,4614,277,
MX-OAX,Mexico,Oaxaca,2020-06-26T01:08:19,4462,513,
MX-PUE,Mexico,Puebla,2020-06-26T01:08:19,9151,1101,
MX-QUE,Mexico,Queretaro,2020-06-26T01:08:19,1925,257,
MX-ROO,Mexico,Quintana Roo,2020-06-26T01:08:19,3213,543,
MX-SLP,Mexico,San Luis Potosi,2020-06-26T01:08:19,2538,123,
MX-SIN,Mexico,Sinaloa,2020-06-26T01:08:19,7587,1147,
MX-SON,Mexico,Sonora,2020-06-26T01:08:19,6319,572,
MX-TAB,Mexico,Tabasco,2020-06-26T01:08:19,9548,970,
MX-TAM,Mexico,Tamaulipas,2020-06-26T01:08:19,5109,315,
MX-TLA,Mexico,Tlaxcala,2020-06-26T01:08:19,2138,283,
MX-VER,Mexico,Veracruz,2020-06-26T01:08:19,8991,1395,
MX-YUC,Mexico,Yucatan,2020-06-26T01:08:19,3676,368,
MX-ZAC,Mexico,Zacatecas,2020-06-26T01:08:19,751,85,
NI-BO,Nicaragua,Boaco,,,,
NI-CA,Nicaragua,Carazo,,,,
NI-CI,Nicaragua,Chinandega,,,,
NI-CO,Nicaragua,Chontales,,,,
NI-ES,Nicaragua,Estelí,,,,
NI-GR,Nicaragua,Granada,,,,
NI-JI,Nicaragua,Jinotega,,,,
NI-LE,Nicaragua,León,,,,
NI-MD,Nicaragua,Madriz,,,,
NI-MN,Nicaragua,Managua,,,,
NI-MS,Nicaragua,Masaya,,,,
NI-MT,Nicaragua,Matagalpa,,,,
NI-AN,Nicaragua,NCCAR,,,,
NI-NS,Nicaragua,Nueva Segovia,,,,
NI-RI,Nicaragua,Rio San Juan,,,,
NI-SJ,Nicaragua,Rivas,,,,
NI-AS,Nicaragua,SCCAR,,,,
PA-1,Panama,Bocas del Toro,,,,
PA-4,Panama,Chiriqui,,,,
PA-2,Panama,Cocle,,,,
PA-3,Panama,Colon,,,,
PA-5,Panama,Darien,,,,
PA-EM,Panama,Embera,,,,
PA-KY,Panama,Guna Yala,,,,
PA-6,Panama,Herrera,,,,
PA-7,Panama,Los Santos,,,,
PA-NB,Panama,Ngabe-Bugle,,,,
PA-8,Panama,Panama,,,,
PA-10,Panama,Panama Oeste,,,,
PA-9,Panama,Veraguas,,,,
PY-16,Paraguay,Alto Paraguay,,,,
PY-10,Paraguay,Alto Parana,,,,
PY-13,Paraguay,Amambay,,,,
PY-19,Paraguay,Boqueron,,,,
PY-5,Paraguay,Caaguazu,,,,
PY-6,Paraguay,Caazapa,,,,
PY-14,Paraguay,Canindeyu,,,,
PY-11,Paraguay,Central,,,,
PY-1,Paraguay,Concepcion,,,,
PY-3,Paraguay,Cordillera,,,,
PY-ASU,Paraguay,Distrito Capital,,,,
PY-4,Paraguay,Guaira,,,,
PY-7,Paraguay,Itapua,,,,
PY-8,Paraguay,Misiones,,,,
PY-12,Paraguay,Neembucu,,,,
PY-9,Paraguay,Paraguari,,,,
PY-15,Paraguay,Presidente Hayes,,,,
PY-2,Paraguay,San Pedro,,,,
PE-AMA,Peru,Amazonas,2020-06-26 17:33:43.776197,1845,34,
PE-ANC,Peru,Ancash,2020-06-26 17:33:43.776197,7553,441,
PE-APU,Peru,Apurimac,2020-06-26 17:33:43.776197,514,15,
PE-ARE,Peru,Arequipa,2020-06-26 17:33:43.776197,6411,209,
PE-AYA,Peru,Ayacucho,2020-06-26 17:33:43.776197,1644,21,
PE-CAJ,Peru,Cajamarca,2020-06-26 17:33:43.776197,1774,43,
PE-CAL,Peru,Callao,2020-06-26 17:33:43.776197,17449,572,
PE-CUS,Peru,Cusco,2020-06-26 17:33:43.776197,1680,14,
PE-HUV,Peru,Huancavelica,2020-06-26 17:33:43.776197,847,10,
PE-HUC,Peru,Huanuco,2020-06-26 17:33:43.776197,1998,50,
PE-ICA,Peru,Ica,2020-06-26 17:33:43.776197,6723,442,
PE-JUN,Peru,Junin,2020-06-26 17:33:43.776197,3470,120,
PE-LAL,Peru,La Libertad,2020-06-26 17:33:43.776197,9090,515,
PE-LAM,Peru,Lambayeque,2020-06-26 17:33:43.776197,12892,722,
PE-LIM,Peru,Lima,2020-06-26 17:33:43.776197,151225,4029,
PE-LOR,Peru,Loreto,2020-06-26 17:33:43.776197,8743,334,
PE-MDD,Peru,Madre de dios,2020-06-26 17:33:43.776197,1467,25,
PE-MOQ,Peru,Moquegua,2020-06-26 17:33:43.776197,881,10,
PE-PAS,Peru,Pasco,2020-06-26 17:33:43.776197,898,20,
PE-PIU,Peru,Piura,2020-06-26 17:33:43.776197,16101,725,
PE-PUN,Peru,Puno,2020-06-26 17:33:43.776197,832,16,
PE-SAM,Peru,San Martin,2020-06-26 17:33:43.776197,3975,129,
PE-TAC,Peru,Tacna,2020-06-26 17:33:43.776197,821,8,
PE-TUM,Peru,Tumbes,2020-06-26 17:33:43.776197,2442,112,
PE-UCA,Peru,Ucayali,2020-06-26 17:33:43.776197,7327,145,
US-PR,United States,Puerto Rico,,,,
UY-AR,Uruguay,Artigas,,,,
UY-CA,Uruguay,Canelones,,,,
UY-CL,Uruguay,Cerro Largo,,,,
UY-CO,Uruguay,Colonia,,,,
UY-DU,Uruguay,Durazno,,,,
UY-FS,Uruguay,Flores,,,,
UY-FD,Uruguay,Florida,,,,
UY-LA,Uruguay,Lavalleja,,,,
UY-MA,Uruguay,Maldonado,,,,
UY-MO,Uruguay,Montevideo,,,,
UY-PA,Uruguay,Paysandu,,,,
UY-RN,Uruguay,Rio Negro,,,,
UY-RV,Uruguay,Rivera,,,,
UY-RO,Uruguay,Rocha,,,,
UY-SA,Uruguay,Salto,,,,
UY-SJ,Uruguay,San Jose,,,,
UY-SO,Uruguay,Soriano,,,,
UY-TA,Uruguay,Tacuarembo,,,,
UY-TT,Uruguay,Treinta y Tres,,,,
VE-Z,Venezuela,Amazonas,,,,
VE-B,Venezuela,Anzoategui,,,,
VE-C,Venezuela,Apure,,,,
VE-D,Venezuela,Aragua,,,,
VE-E,Venezuela,Barinas,,,,
VE-F,Venezuela,Bolivar,,,,
VE-G,Venezuela,Carabobo,,,,
VE-A,Venezuela,Caracas Distrito Capital,,,,
VE-H,Venezuela,Cojedes,,,,
VE-Y,Venezuela,Delta Amacuro,,,,
VE-W,Venezuela,Dependencias Federales,,,,
VE-I,Venezuela,Falcon,,,,
VE-J,Venezuela,Guarico,,,,
VE-K,Venezuela,Lara,,,,
VE-L,Venezuela,Merida,,,,
VE-M,Venezuela,Miranda,,,,
VE-N,Venezuela,Monagas,,,,
VE-O,Venezuela,Nueva Esparta,,,,
VE-P,Venezuela,Portuguesa,,,,
VE-R,Venezuela,Sucre,,,,
VE-S,Venezuela,Tachira,,,,
VE-T,Venezuela,Trujillo,,,,
VE-X,Venezuela,Vargas,,,,
VE-U,Venezuela,Yaracuy,,,,
VE-V,Venezuela,Zulia,,,,
