ISO 3166-2 Code,Country,Subdivision,Last Update,Confirmed,Deaths,Recovered
AR-B,Argentina,Buenos Aires,,,,
AR-K,Argentina,Catamarca,,,,
AR-H,Argentina,Chaco,,,,
AR-U,Argentina,Chubut,,,,
AR-C,Argentina,Ciudad Autonoma de Buenos Aires,,,,
AR-X,Argentina,Cordoba,,,,
AR-W,Argentina,Corrientes,,,,
AR-E,Argentina,Entre Rios,,,,
AR-P,Argentina,Formosa,,,,
AR-Y,Argentina,Jujuy,,,,
AR-L,Argentina,La Pampa,,,,
AR-F,Argentina,La Rioja,,,,
AR-M,Argentina,Mendoza,,,,
AR-N,Argentina,Misiones,,,,
AR-Q,Argentina,Neuquen,,,,
AR-R,Argentina,Rio Negro,,,,
AR-A,Argentina,Salta,,,,
AR-J,Argentina,San Juan,,,,
AR-D,Argentina,San Luis,,,,
AR-Z,Argentina,Santa Cruz,,,,
AR-S,Argentina,Santa Fe,,,,
AR-G,Argentina,Santiago del Estero,,,,
AR-V,Argentina,Tierra del Fuego,,,,
AR-T,Argentina,Tucuman,,,,
BO-B,Bolivia,Beni,2020-07-02 15:36:02.815927,4119,230,
BO-H,Bolivia,Chuquisaca,2020-07-02 15:36:02.815927,707,35,
BO-C,Bolivia,Cochabamba,2020-07-02 15:36:02.815927,3640,202,
BO-L,Bolivia,La Paz,2020-07-02 15:36:02.815927,3029,82,
BO-O,Bolivia,Oruro,2020-07-02 15:36:02.815927,949,58,
BO-N,Bolivia,Pando,2020-07-02 15:36:02.815927,568,27,
BO-P,Bolivia,Potosi,2020-07-02 15:36:02.815927,674,19,
BO-S,Bolivia,Santa Cruz,2020-07-02 15:36:02.815927,18881,455,
BO-T,Bolivia,Tarija,2020-07-02 15:36:02.815927,652,15,
BR-AC,Brazil,Acre,2020-07-02 15:36:02.815927,13253,365,
BR-AL,Brazil,Alagoas,2020-07-02 15:36:02.815927,35962,1052,
BR-AP,Brazil,Amapa,2020-07-02 15:36:02.815927,28492,417,
BR-AM,Brazil,Amazonas,2020-07-02 15:36:02.815927,70823,2823,
BR-BA,Brazil,Bahia,2020-07-02 15:36:02.815927,73307,1853,
BR-CE,Brazil,Ceara,2020-07-02 15:36:02.815927,108699,6146,
BR-DF,Brazil,Distrito Federal,2020-07-02 15:36:02.815927,49218,587,
BR-ES,Brazil,Espiritu Santo,2020-07-02 15:36:02.815927,46893,1648,
BR-GO,Brazil,Goias,2020-07-02 15:36:02.815927,24381,474,
BR-MA,Brazil,Maranhao,2020-07-02 15:36:02.815927,80451,2048,
BR-MT,Brazil,Mato Grosso,2020-07-02 15:36:02.815927,15636,593,
BR-MS,Brazil,Mato Grosso do Sul,2020-07-02 15:36:02.815927,7965,76,
BR-MG,Brazil,Minas Gerais,2020-07-02 15:36:02.815927,45001,965,
BR-PA,Brazil,Para,2020-07-02 15:36:02.815927,103206,4920,
BR-PB,Brazil,Paraiba,2020-07-02 15:36:02.815927,46957,977,
BR-PR,Brazil,Parana,2020-07-02 15:36:02.815927,22877,649,
BR-PE,Brazil,Pernambuco,2020-07-02 15:36:02.815927,58858,4829,
BR-PI,Brazil,Piaui,2020-07-02 15:36:02.815927,20422,663,
BR-RJ,Brazil,Rio de Janeiro,2020-07-02 15:36:02.815927,112611,10080,
BR-RN,Brazil,Rio Grande do Norte,2020-07-02 15:36:02.815927,30287,1034,
BR-RS,Brazil,Rio Grande do Sul,2020-07-02 15:36:02.815927,26941,614,
BR-RO,Brazil,Rondonia,2020-07-02 15:36:02.815927,21251,518,
BR-RR,Brazil,Roraima,2020-07-02 15:36:02.815927,14641,283,
BR-SC,Brazil,Santa Catarina,2020-07-02 15:36:02.815927,26354,341,
BR-SP,Brazil,Sao Paulo,2020-07-02 15:36:02.815927,281380,14763,
BR-SE,Brazil,Sergipe,2020-07-02 15:36:02.815927,25411,676,
BR-TO,Brazil,Tocantins,2020-07-02 15:36:02.815927,10764,200,
CL-AN,Chile,Antofagasta,2020-06-30T16:23:52,8829,147,6995
CL-AR,Chile,Araucania,2020-06-30T16:23:52,3231,41,2935
CL-AP,Chile,Arica y Parinacota,2020-06-30T16:23:52,1713,20,1342
CL-AT,Chile,Atacama,2020-06-30T16:23:52,1043,2,734
CL-AI,Chile,Aysen,2020-06-30T16:23:52,42,0,28
CL-BI,Chile,Biobio,2020-06-30T16:23:52,6697,50,4738
CL-CO,Chile,Coquimbo,2020-06-30T16:23:52,3050,23,2328
CL-LL,Chile,Los Lagos,2020-06-30T16:23:52,1656,21,1349
CL-LR,Chile,Los Rios,2020-06-30T16:23:52,701,10,593
CL-MA,Chile,Magallanes,2020-06-30T16:23:52,1452,15,1297
CL-ML,Chile,Maule,2020-06-30T16:23:52,5549,48,4205
CL-NB,Chile,Nuble,2020-06-30T16:23:52,2397,32,2035
CL-LI,Chile,O'Higgins,2020-06-30T16:23:52,6081,69,3926
CL-RM,Chile,Santiago,2020-06-30T16:23:52,219151,4889,193998
CL-TA,Chile,Tarapaca,2020-06-30T16:23:52,6049,91,5187
CL-VS,Chile,Valparaiso,2020-06-30T16:23:52,11752,230,9554
CO-AMA,Colombia,Amazonas,2020-07-02 15:36:02.815927,2300,0,
CO-ANT,Colombia,Antioquia,2020-07-02 15:36:02.815927,4430,0,
CO-ARA,Colombia,Arauca,2020-07-02 15:36:02.815927,0,0,
CO-ATL,Colombia,Atlantico,2020-07-02 15:36:02.815927,23361,0,
CO-DC,Colombia,Bogota,2020-07-02 15:36:02.815927,30018,705,
CO-BOL,Colombia,Bolivar,2020-07-02 15:36:02.815927,9117,368,
CO-BOY,Colombia,Boyaca,2020-07-02 15:36:02.815927,375,0,
CO-CAL,Colombia,Caldas,2020-07-02 15:36:02.815927,260,0,
CO-CAQ,Colombia,Caqueta,2020-07-02 15:36:02.815927,0,0,
CO-CAS,Colombia,Casanare,2020-07-02 15:36:02.815927,0,0,
CO-CAU,Colombia,Cauca,2020-07-02 15:36:02.815927,1814,103,
CO-CES,Colombia,Cesar,2020-07-02 15:36:02.815927,1026,0,
CO-COR,Colombia,Choco,2020-07-02 15:36:02.815927,1544,0,
CO-CUN,Colombia,Cordoba,2020-07-02 15:36:02.815927,786,49,
CO-CHO,Colombia,Cundinamarca,2020-07-02 15:36:02.815927,2710,0,
CO-GUA,Colombia,Guainia,2020-07-02 15:36:02.815927,0,0,
CO-GUV,Colombia,Guaviare,2020-07-02 15:36:02.815927,0,0,
CO-HUI,Colombia,Huila,2020-07-02 15:36:02.815927,340,0,
CO-LAG,Colombia,La Guajira,2020-07-02 15:36:02.815927,452,0,
CO-MAG,Colombia,Magdalena,2020-07-02 15:36:02.815927,1854,121,
CO-MET,Colombia,Meta,2020-07-02 15:36:02.815927,1250,0,
CO-NAR,Colombia,Narino,2020-07-02 15:36:02.815927,3443,111,
CO-NSA,Colombia,Norte de Santander,2020-07-02 15:36:02.815927,1047,0,
CO-PUT,Colombia,Putumayo,2020-07-02 15:36:02.815927,28,0,
CO-QUI,Colombia,Quindio,2020-07-02 15:36:02.815927,167,0,
CO-RIS,Colombia,Risaralda,2020-07-02 15:36:02.815927,0,0,
CO-SAP,Colombia,San Andres y Providencia,2020-07-02 15:36:02.815927,0,0,
CO-SAN,Colombia,Santander,2020-07-02 15:36:02.815927,0,0,
CO-SUC,Colombia,Sucre,2020-07-02 15:36:02.815927,1255,0,
CO-TOL,Colombia,Tolima,2020-07-02 15:36:02.815927,942,0,
CO-VAC,Colombia,Valle del Cauca,2020-07-02 15:36:02.815927,8536,0,
CO-VAU,Colombia,Vaupes,2020-07-02 15:36:02.815927,0,0,
CO-VID,Colombia,Vichada,2020-07-02 15:36:02.815927,0,0,
CR-A,Costa Rica,Alajuela,2020-07-02 15:36:02.815927,528,0,
CR-C,Costa Rica,Cartago,2020-07-02 15:36:02.815927,75,0,
CR-G,Costa Rica,Guanacaste,2020-07-02 15:36:02.815927,155,0,
CR-H,Costa Rica,Heredia,2020-07-02 15:36:02.815927,223,0,
CR-L,Costa Rica,Limon,2020-07-02 15:36:02.815927,56,0,
CR-P,Costa Rica,Puntarenas,2020-07-02 15:36:02.815927,94,0,
CR-SJ,Costa Rica,San Jose,2020-07-02 15:36:02.815927,836,0,
CU-15,Cuba,Artemisa,2020-07-02 15:36:02.815927,0,0,
CU-09,Cuba,Camagüey,2020-07-02 15:36:02.815927,0,0,
CU-08,Cuba,Ciego de Ávila,2020-07-02 15:36:02.815927,0,0,
CU-06,Cuba,Cienfuegos,2020-07-02 15:36:02.815927,0,0,
CU-12,Cuba,Granma,2020-07-02 15:36:02.815927,0,0,
CU-14,Cuba,Guantánamo,2020-07-02 15:36:02.815927,0,0,
CU-11,Cuba,Holguín,2020-07-02 15:36:02.815927,0,0,
CU-99,Cuba,Isla de la Juventud,2020-07-02 15:36:02.815927,0,0,
CU-03,Cuba,La Habana,2020-07-02 15:36:02.815927,1301,0,
CU-10,Cuba,Las Tunas,2020-07-02 15:36:02.815927,19,0,
CU-04,Cuba,Matanzas,2020-07-02 15:36:02.815927,0,0,
CU-16,Cuba,Mayabeque,2020-07-02 15:36:02.815927,54,0,
CU-01,Cuba,Pinar del Río,2020-07-02 15:36:02.815927,0,0,
CU-07,Cuba,Sancti Spíritus,2020-07-02 15:36:02.815927,0,0,
CU-13,Cuba,Santiago de Cuba,2020-07-02 15:36:02.815927,0,0,
CU-05,Cuba,Villa Clara,2020-07-02 15:36:02.815927,0,0,
DO-02,Dominican Republic,Azua,,,,
DO-03,Dominican Republic,Baoruco,,,,
DO-04,Dominican Republic,Barahona,,,,
DO-05,Dominican Republic,Dajabon,,,,
DO-06,Dominican Republic,Distrito Nacional,,,,
DO-08,Dominican Republic,Duarte,,,,
DO-09,Dominican Republic,El Seibo,,,,
DO-30,Dominican Republic,Elias Pina,,,,
DO-10,Dominican Republic,Espaillat,,,,
DO-11,Dominican Republic,Hato Mayor,,,,
DO-07,Dominican Republic,Hermanas Mirabal,,,,
DO-12,Dominican Republic,Independencia,,,,
DO-13,Dominican Republic,La Altagracia,,,,
DO-14,Dominican Republic,La Romana,,,,
DO-28,Dominican Republic,La Vega,,,,
DO-15,Dominican Republic,Maria Trinidad Sanchez,,,,
DO-29,Dominican Republic,Monsenor Nouel,,,,
DO-16,Dominican Republic,Monte Cristi,,,,
DO-17,Dominican Republic,Monte Plata,,,,
DO-18,Dominican Republic,Pedernales,,,,
DO-19,Dominican Republic,Peravia,,,,
DO-20,Dominican Republic,Puerto Plata,,,,
DO-21,Dominican Republic,Samana,,,,
DO-31,Dominican Republic,San Cristobal,,,,
DO-22,Dominican Republic,San Jose de Ocoa,,,,
DO-23,Dominican Republic,San Juan,,,,
DO-24,Dominican Republic,San Pedro de Macoris,,,,
DO-25,Dominican Republic,Sanchez Ramirez,,,,
DO-26,Dominican Republic,Santiago,,,,
DO-32,Dominican Republic,Santiago Rodriguez,,,,
DO-01,Dominican Republic,Santo Domingo,,,,
DO-27,Dominican Republic,Valverde,,,,
EC-A,Ecuador,Azuay,2020-07-02 15:36:02.815927,1762,50,
EC-B,Ecuador,Bolivar,2020-07-02 15:36:02.815927,648,34,
EC-F,Ecuador,Canar,2020-07-02 15:36:02.815927,542,45,
EC-C,Ecuador,Carchi,2020-07-02 15:36:02.815927,741,18,
EC-H,Ecuador,Chimborazo,2020-07-02 15:36:02.815927,2084,139,
EC-X,Ecuador,Cotopaxi,2020-07-02 15:36:02.815927,302,17,
EC-O,Ecuador,El Oro,2020-07-02 15:36:02.815927,15012,1584,
EC-E,Ecuador,Esmeraldas,2020-07-02 15:36:02.815927,773,151,
EC-W,Ecuador,Galapagos,2020-07-02 15:36:02.815927,578,39,
EC-G,Ecuador,Guayas,2020-07-02 15:36:02.815927,864,45,
EC-I,Ecuador,Imbabura,2020-07-02 15:36:02.815927,4445,627,
EC-L,Ecuador,Loja,2020-07-02 15:36:02.815927,586,31,
EC-R,Ecuador,Los Rios,2020-07-02 15:36:02.815927,2022,251,
EC-M,Ecuador,Manabi,2020-07-02 15:36:02.815927,7220,501,
EC-S,Ecuador,Morona Santiago,2020-07-02 15:36:02.815927,2269,256,
EC-N,Ecuador,Napo,2020-07-02 15:36:02.815927,780,10,
EC-D,Ecuador,Orellana,2020-07-02 15:36:02.815927,1997,118,
EC-Y,Ecuador,Pastaza,2020-07-02 15:36:02.815927,924,325,
EC-P,Ecuador,Pichincha,2020-07-02 15:36:02.815927,1022,107,
EC-SE,Ecuador,Santa Elena,2020-07-02 15:36:02.815927,413,20,
EC-SD,Ecuador,Santo Domingo de los Tsachilas,2020-07-02 15:36:02.815927,88,1,
EC-U,Ecuador,Sucumbios,2020-07-02 15:36:02.815927,1092,120,
EC-T,Ecuador,Tungurahua,2020-07-02 15:36:02.815927,686,22,
EC-Z,Ecuador,Zamora-Chinchipe,2020-07-02 15:36:02.815927,536,16,
SV-AH,El Salvador,Ahuachapan,,,,
SV-CA,El Salvador,Cabanas,,,,
SV-CH,El Salvador,Chalatenango,,,,
SV-CU,El Salvador,Cuscatlan,,,,
SV-LI,El Salvador,La Libertad,,,,
SV-PA,El Salvador,La Paz,,,,
SV-UN,El Salvador,La Unión,,,,
SV-MO,El Salvador,Morazan,,,,
SV-SM,El Salvador,San Miguel,,,,
SV-SS,El Salvador,San Salvador,,,,
SV-SV,El Salvador,San Vicente,,,,
SV-SA,El Salvador,Santa Ana,,,,
SV-SO,El Salvador,Sonsonate,,,,
SV-US,El Salvador,Usulutan,,,,
FR-GP,France,Guadeloupe,,,,
FR-GF,France,Guyane,,,,
FR-MQ,France,Martinique,,,,
FR-BL,France,Saint-Barthélemy,,,,
FR-MF,France,Saint-Martin,,,,
FR-PM,France,Saint-Pierre-et-Miquelon,,,,
GT-AV,Guatemala,Alta Verapaz,,,,
GT-BV,Guatemala,Baja Verapaz,,,,
GT-CM,Guatemala,Chimaltenango,,,,
GT-CQ,Guatemala,Chiquimula,,,,
GT-PR,Guatemala,El Progreso,,,,
GT-ES,Guatemala,Escuintla,,,,
GT-GU,Guatemala,Guatemala,,,,
GT-HU,Guatemala,Huehuetenango,,,,
GT-IZ,Guatemala,Izabal,,,,
GT-JA,Guatemala,Jalapa,,,,
GT-JU,Guatemala,Jutiapa,,,,
GT-PE,Guatemala,Petén,,,,
GT-QZ,Guatemala,Quetzaltenango,,,,
GT-QC,Guatemala,Quiché,,,,
GT-RE,Guatemala,Retalhuleu,,,,
GT-SA,Guatemala,Sacatepéquez,,,,
GT-SM,Guatemala,San Marcos,,,,
GT-SR,Guatemala,Santa Rosa,,,,
GT-SO,Guatemala,Sololá,,,,
GT-SU,Guatemala,Suchitepéquez,,,,
GT-TO,Guatemala,Totonicapán,,,,
GT-ZA,Guatemala,Zacapa,,,,
HT-AR,Haiti,Artibonite,,,,
HT-CE,Haiti,Centre,,,,
HT-GA,Haiti,Grande’Anse,,,,
HT-NI,Haiti,Nippes,,,,
HT-ND,Haiti,Nord,,,,
HT-NE,Haiti,Nord-Est,,,,
HT-NO,Haiti,Nord-Ouest,,,,
HT-OU,Haiti,Ouest,,,,
HT-SD,Haiti,Sud,,,,
HT-SE,Haiti,Sud-Est,,,,
HN-AT,Honduras,Atlantida,2020-07-01T15:56:25,587,11,104
HN-CH,Honduras,Choluteca,2020-07-01T15:56:25,552,10,50
HN-CL,Honduras,Colon,2020-07-01T15:56:25,163,7,77
HN-CM,Honduras,Comayagua,2020-07-01T15:56:25,131,5,15
HN-CP,Honduras,Copan,2020-07-01T15:56:25,86,2,11
HN-CR,Honduras,Cortes,2020-07-01T15:56:25,8866,263,1253
HN-EP,Honduras,El Paraiso,2020-07-01T15:56:25,156,1,12
HN-FM,Honduras,Francisco Morazan,2020-07-01T15:56:25,7048,166,374
HN-GD,Honduras,Gracias a Dios,2020-07-01T15:56:25,20,0,0
HN-IN,Honduras,Intibuca,2020-07-01T15:56:25,81,2,12
HN-IB,Honduras,Islas de la Bahia,2020-07-01T15:56:25,158,1,3
HN-LP,Honduras,La Paz,2020-07-01T15:56:25,118,3,12
HN-LE,Honduras,Lempira,2020-07-01T15:56:25,30,1,5
HN-OC,Honduras,Ocotepeque,2020-07-01T15:56:25,84,2,8
HN-OL,Honduras,Olancho,2020-07-01T15:56:25,84,1,10
HN-SB,Honduras,Santa Barbara,2020-07-01T15:56:25,412,8,21
HN-VA,Honduras,Valle,2020-07-01T15:56:25,313,3,19
HN-YO,Honduras,Yoro,2020-07-01T15:56:25,669,11,104
MX-AGU,Mexico,Aguascalientes,2020-07-01T00:29:54,2374,146,
MX-BCN,Mexico,Baja California,2020-07-01T00:29:54,9064,1931,
MX-BCS,Mexico,Baja California Sur,2020-07-01T00:29:54,1514,71,
MX-CAM,Mexico,Campeche,2020-07-01T00:29:54,2039,205,
MX-CHP,Mexico,Chiapas,2020-07-01T00:29:54,4365,543,
MX-CHH,Mexico,Chihuahua,2020-07-01T00:29:54,3064,640,
MX-CMX,Mexico,Ciudad de Mexico,2020-07-01T00:29:54,58394,6560,
MX-COA,Mexico,Coahuila,2020-07-01T00:29:54,4609,229,
MX-COL,Mexico,Colima,2020-07-01T00:29:54,563,71,
MX-DUR,Mexico,Durango,2020-07-01T00:29:54,1891,142,
MX-GUA,Mexico,Guanajuato,2020-07-01T00:29:54,7375,357,
MX-GRO,Mexico,Guerrero,2020-07-01T00:29:54,5253,880,
MX-HID,Mexico,Hidalgo,2020-07-01T00:29:54,3788,666,
MX-JAL,Mexico,Jalisco,2020-07-01T00:29:54,6729,692,
MX-MIC,Mexico,Michoacan,2020-07-01T00:29:54,5724,450,
MX-MOR,Mexico,Morelos,2020-07-01T00:29:54,2790,665,
MX-MEX,Mexico,Mexico,2020-07-01T00:29:54,24118,4312,
MX-NAY,Mexico,Nayarit,2020-07-01T00:29:54,1677,201,
MX-NLE,Mexico,Nuevo Leon,2020-07-01T00:29:54,5973,332,
MX-OAX,Mexico,Oaxaca,2020-07-01T00:29:54,5254,581,
MX-PUE,Mexico,Puebla,2020-07-01T00:29:54,10702,1274,
MX-QUE,Mexico,Queretaro,2020-07-01T00:29:54,2074,283,
MX-ROO,Mexico,Quintana Roo,2020-07-01T00:29:54,3598,575,
MX-SLP,Mexico,San Luis Potosi,2020-07-01T00:29:54,3147,154,
MX-SIN,Mexico,Sinaloa,2020-07-01T00:29:54,8313,1298,
MX-SON,Mexico,Sonora,2020-07-01T00:29:54,7399,708,
MX-TAB,Mexico,Tabasco,2020-07-01T00:29:54,10742,1048,
MX-TAM,Mexico,Tamaulipas,2020-07-01T00:29:54,5948,363,
MX-TLA,Mexico,Tlaxcala,2020-07-01T00:29:54,2339,335,
MX-VER,Mexico,Veracruz,2020-07-01T00:29:54,9974,1547,
MX-YUC,Mexico,Yucatan,2020-07-01T00:29:54,4405,414,
MX-ZAC,Mexico,Zacatecas,2020-07-01T00:29:54,890,96,
NI-BO,Nicaragua,Boaco,,,,
NI-CA,Nicaragua,Carazo,,,,
NI-CI,Nicaragua,Chinandega,,,,
NI-CO,Nicaragua,Chontales,,,,
NI-ES,Nicaragua,Estelí,,,,
NI-GR,Nicaragua,Granada,,,,
NI-JI,Nicaragua,Jinotega,,,,
NI-LE,Nicaragua,León,,,,
NI-MD,Nicaragua,Madriz,,,,
NI-MN,Nicaragua,Managua,,,,
NI-MS,Nicaragua,Masaya,,,,
NI-MT,Nicaragua,Matagalpa,,,,
NI-AN,Nicaragua,NCCAR,,,,
NI-NS,Nicaragua,Nueva Segovia,,,,
NI-RI,Nicaragua,Rio San Juan,,,,
NI-SJ,Nicaragua,Rivas,,,,
NI-AS,Nicaragua,SCCAR,,,,
PA-1,Panama,Bocas del Toro,,,,
PA-4,Panama,Chiriqui,,,,
PA-2,Panama,Cocle,,,,
PA-3,Panama,Colon,,,,
PA-5,Panama,Darien,,,,
PA-EM,Panama,Embera,,,,
PA-KY,Panama,Guna Yala,,,,
PA-6,Panama,Herrera,,,,
PA-7,Panama,Los Santos,,,,
PA-NB,Panama,Ngabe-Bugle,,,,
PA-8,Panama,Panama,,,,
PA-10,Panama,Panama Oeste,,,,
PA-9,Panama,Veraguas,,,,
PY-16,Paraguay,Alto Paraguay,,,,
PY-10,Paraguay,Alto Parana,,,,
PY-13,Paraguay,Amambay,,,,
PY-19,Paraguay,Boqueron,,,,
PY-5,Paraguay,Caaguazu,,,,
PY-6,Paraguay,Caazapa,,,,
PY-14,Paraguay,Canindeyu,,,,
PY-11,Paraguay,Central,,,,
PY-1,Paraguay,Concepcion,,,,
PY-3,Paraguay,Cordillera,,,,
PY-ASU,Paraguay,Distrito Capital,,,,
PY-4,Paraguay,Guaira,,,,
PY-7,Paraguay,Itapua,,,,
PY-8,Paraguay,Misiones,,,,
PY-12,Paraguay,Neembucu,,,,
PY-9,Paraguay,Paraguari,,,,
PY-15,Paraguay,Presidente Hayes,,,,
PY-2,Paraguay,San Pedro,,,,
PE-AMA,Peru,Amazonas,2020-07-02 15:36:02.815927,2155,69,
PE-ANC,Peru,Ancash,2020-07-02 15:36:02.815927,7988,474,
PE-APU,Peru,Apurimac,2020-07-02 15:36:02.815927,557,19,
PE-ARE,Peru,Arequipa,2020-07-02 15:36:02.815927,7124,253,
PE-AYA,Peru,Ayacucho,2020-07-02 15:36:02.815927,1775,25,
PE-CAJ,Peru,Cajamarca,2020-07-02 15:36:02.815927,2138,68,
PE-CAL,Peru,Callao,2020-07-02 15:36:02.815927,17984,625,
PE-CUS,Peru,Cusco,2020-07-02 15:36:02.815927,1796,19,
PE-HUV,Peru,Huancavelica,2020-07-02 15:36:02.815927,902,11,
PE-HUC,Peru,Huanuco,2020-07-02 15:36:02.815927,2363,64,
PE-ICA,Peru,Ica,2020-07-02 15:36:02.815927,7588,476,
PE-JUN,Peru,Junin,2020-07-02 15:36:02.815927,3929,138,
PE-LAL,Peru,La Libertad,2020-07-02 15:36:02.815927,9962,585,
PE-LAM,Peru,Lambayeque,2020-07-02 15:36:02.815927,13657,747,
PE-LIM,Peru,Lima,2020-07-02 15:36:02.815927,158189,4489,
PE-LOR,Peru,Loreto,2020-07-02 15:36:02.815927,9023,345,
PE-MDD,Peru,Madre de dios,2020-07-02 15:36:02.815927,1844,31,
PE-MOQ,Peru,Moquegua,2020-07-02 15:36:02.815927,949,13,
PE-PAS,Peru,Pasco,2020-07-02 15:36:02.815927,1104,21,
PE-PIU,Peru,Piura,2020-07-02 15:36:02.815927,16923,754,
PE-PUN,Peru,Puno,2020-07-02 15:36:02.815927,952,21,
PE-SAM,Peru,San Martin,2020-07-02 15:36:02.815927,4982,148,
PE-TAC,Peru,Tacna,2020-07-02 15:36:02.815927,897,9,
PE-TUM,Peru,Tumbes,2020-07-02 15:36:02.815927,2696,121,
PE-UCA,Peru,Ucayali,2020-07-02 15:36:02.815927,7736,152,
US-PR,United States,Puerto Rico,,,,
UY-AR,Uruguay,Artigas,,,,
UY-CA,Uruguay,Canelones,,,,
UY-CL,Uruguay,Cerro Largo,,,,
UY-CO,Uruguay,Colonia,,,,
UY-DU,Uruguay,Durazno,,,,
UY-FS,Uruguay,Flores,,,,
UY-FD,Uruguay,Florida,,,,
UY-LA,Uruguay,Lavalleja,,,,
UY-MA,Uruguay,Maldonado,,,,
UY-MO,Uruguay,Montevideo,,,,
UY-PA,Uruguay,Paysandu,,,,
UY-RN,Uruguay,Rio Negro,,,,
UY-RV,Uruguay,Rivera,,,,
UY-RO,Uruguay,Rocha,,,,
UY-SA,Uruguay,Salto,,,,
UY-SJ,Uruguay,San Jose,,,,
UY-SO,Uruguay,Soriano,,,,
UY-TA,Uruguay,Tacuarembo,,,,
UY-TT,Uruguay,Treinta y Tres,,,,
VE-Z,Venezuela,Amazonas,,,,
VE-B,Venezuela,Anzoategui,,,,
VE-C,Venezuela,Apure,,,,
VE-D,Venezuela,Aragua,,,,
VE-E,Venezuela,Barinas,,,,
VE-F,Venezuela,Bolivar,,,,
VE-G,Venezuela,Carabobo,,,,
VE-A,Venezuela,Caracas Distrito Capital,,,,
VE-H,Venezuela,Cojedes,,,,
VE-Y,Venezuela,Delta Amacuro,,,,
VE-W,Venezuela,Dependencias Federales,,,,
VE-I,Venezuela,Falcon,,,,
VE-J,Venezuela,Guarico,,,,
VE-K,Venezuela,Lara,,,,
VE-L,Venezuela,Merida,,,,
VE-M,Venezuela,Miranda,,,,
VE-N,Venezuela,Monagas,,,,
VE-O,Venezuela,Nueva Esparta,,,,
VE-P,Venezuela,Portuguesa,,,,
VE-R,Venezuela,Sucre,,,,
VE-S,Venezuela,Tachira,,,,
VE-T,Venezuela,Trujillo,,,,
VE-X,Venezuela,Vargas,,,,
VE-U,Venezuela,Yaracuy,,,,
VE-V,Venezuela,Zulia,,,,
