ISO 3166-2 Code,Country,Subdivision,Last Update,Confirmed,Deaths,Recovered
AR-B,Argentina,Buenos Aires,,,,
AR-K,Argentina,Catamarca,,,,
AR-H,Argentina,Chaco,,,,
AR-U,Argentina,Chubut,,,,
AR-C,Argentina,Ciudad Autonoma de Buenos Aires,,,,
AR-X,Argentina,Cordoba,,,,
AR-W,Argentina,Corrientes,,,,
AR-E,Argentina,Entre Rios,,,,
AR-P,Argentina,Formosa,,,,
AR-Y,Argentina,Jujuy,,,,
AR-L,Argentina,La Pampa,,,,
AR-F,Argentina,La Rioja,,,,
AR-M,Argentina,Mendoza,,,,
AR-N,Argentina,Misiones,,,,
AR-Q,Argentina,Neuquen,,,,
AR-R,Argentina,Rio Negro,,,,
AR-A,Argentina,Salta,,,,
AR-J,Argentina,San Juan,,,,
AR-D,Argentina,San Luis,,,,
AR-Z,Argentina,Santa Cruz,,,,
AR-S,Argentina,Santa Fe,,,,
AR-G,Argentina,Santiago del Estero,,,,
AR-V,Argentina,Tierra del Fuego,,,,
AR-T,Argentina,Tucuman,,,,
BO-B,Bolivia,Beni,2020-07-09 00:13:27.501850,4332,244,
BO-H,Bolivia,Chuquisaca,2020-07-09 00:13:27.501850,1000,46,
BO-C,Bolivia,Cochabamba,2020-07-09 00:13:27.501850,4429,292,
BO-L,Bolivia,La Paz,2020-07-09 00:13:27.501850,4685,107,
BO-O,Bolivia,Oruro,2020-07-09 00:13:27.501850,1283,87,
BO-N,Bolivia,Pando,2020-07-09 00:13:27.501850,1006,54,
BO-P,Bolivia,Potosi,2020-07-09 00:13:27.501850,782,25,
BO-S,Bolivia,Santa Cruz,2020-07-09 00:13:27.501850,21953,591,
BO-T,Bolivia,Tarija,2020-07-09 00:13:27.501850,1039,30,
BR-AC,Brazil,Acre,2020-07-09 00:13:27.501850,14688,394,
BR-AL,Brazil,Alagoas,2020-07-09 00:13:27.501850,40569,1172,
BR-AP,Brazil,Amapa,2020-07-09 00:13:27.501850,30004,449,
BR-AM,Brazil,Amazonas,2020-07-09 00:13:27.501850,76424,2938,
BR-BA,Brazil,Bahia,2020-07-09 00:13:27.501850,88279,2168,
BR-CE,Brazil,Ceara,2020-07-09 00:13:27.501850,122477,6481,
BR-DF,Brazil,Distrito Federal,2020-07-09 00:13:27.501850,60383,726,
BR-ES,Brazil,Espiritu Santo,2020-07-09 00:13:27.501850,54547,1838,
BR-GO,Brazil,Goias,2020-07-09 00:13:27.501850,29296,654,
BR-MA,Brazil,Maranhao,2020-07-09 00:13:27.501850,90251,2250,
BR-MT,Brazil,Mato Grosso,2020-07-09 00:13:27.501850,21496,826,
BR-MS,Brazil,Mato Grosso do Sul,2020-07-09 00:13:27.501850,10253,122,
BR-MG,Brazil,Minas Gerais,2020-07-09 00:13:27.501850,59626,1230,
BR-PA,Brazil,Para,2020-07-09 00:13:27.501850,114535,5105,
BR-PB,Brazil,Paraiba,2020-07-09 00:13:27.501850,53151,1118,
BR-PR,Brazil,Parana,2020-07-09 00:13:27.501850,32769,820,
BR-PE,Brazil,Pernambuco,2020-07-09 00:13:27.501850,65642,5163,
BR-PI,Brazil,Piaui,2020-07-09 00:13:27.501850,26511,809,
BR-RJ,Brazil,Rio de Janeiro,2020-07-09 00:13:27.501850,121879,10698,
BR-RN,Brazil,Rio Grande do Norte,2020-07-09 00:13:27.501850,34984,1248,
BR-RS,Brazil,Rio Grande do Sul,2020-07-09 00:13:27.501850,32401,759,
BR-RO,Brazil,Rondonia,2020-07-09 00:13:27.501850,23921,558,
BR-RR,Brazil,Roraima,2020-07-09 00:13:27.501850,18948,371,
BR-SC,Brazil,Santa Catarina,2020-07-09 00:13:27.501850,33822,406,
BR-SP,Brazil,Sao Paulo,2020-07-09 00:13:27.501850,323070,16134,
BR-SE,Brazil,Sergipe,2020-07-09 00:13:27.501850,30718,826,
BR-TO,Brazil,Tocantins,2020-07-09 00:13:27.501850,12640,224,
CL-AN,Chile,Antofagasta,2020-07-06T14:50:54,10355,183,8379
CL-AR,Chile,Araucania,2020-07-06T14:50:54,3453,45,3096
CL-AP,Chile,Arica y Parinacota,2020-07-06T14:50:54,2087,22,1571
CL-AT,Chile,Atacama,2020-07-06T14:50:54,1301,5,969
CL-AI,Chile,Aysen,2020-07-06T14:50:54,48,0,35
CL-BI,Chile,Biobio,2020-07-06T14:50:54,7611,64,5955
CL-CO,Chile,Coquimbo,2020-07-06T14:50:54,3545,26,2787
CL-LL,Chile,Los Lagos,2020-07-06T14:50:54,1956,21,1557
CL-LR,Chile,Los Rios,2020-07-06T14:50:54,731,10,649
CL-MA,Chile,Magallanes,2020-07-06T14:50:54,1501,15,1378
CL-ML,Chile,Maule,2020-07-06T14:50:54,6378,73,5100
CL-NB,Chile,Nuble,2020-07-06T14:50:54,2617,33,2259
CL-LI,Chile,O'Higgins,2020-07-06T14:50:54,7255,92,5339
CL-RM,Chile,Santiago,2020-07-06T14:50:54,229856,5401,208564
CL-TA,Chile,Tarapaca,2020-07-06T14:50:54,6632,102,5702
CL-VS,Chile,Valparaiso,2020-07-06T14:50:54,13231,292,11031
CO-AMA,Colombia,Amazonas,2020-07-09 00:13:27.501850,2384,99,
CO-ANT,Colombia,Antioquia,2020-07-09 00:13:27.501850,6384,62,
CO-ARA,Colombia,Arauca,2020-07-09 00:13:27.501850,0,0,
CO-ATL,Colombia,Atlantico,2020-07-09 00:13:27.501850,27921,1637,
CO-DC,Colombia,Bogota,2020-07-09 00:13:27.501850,37645,926,
CO-BOL,Colombia,Bolivar,2020-07-09 00:13:27.501850,10723,425,
CO-BOY,Colombia,Boyaca,2020-07-09 00:13:27.501850,433,0,
CO-CAL,Colombia,Caldas,2020-07-09 00:13:27.501850,273,0,
CO-CAQ,Colombia,Caqueta,2020-07-09 00:13:27.501850,60,0,
CO-CAS,Colombia,Casanare,2020-07-09 00:13:27.501850,88,0,
CO-CAU,Colombia,Cauca,2020-07-09 00:13:27.501850,2126,123,
CO-CES,Colombia,Cesar,2020-07-09 00:13:27.501850,1320,0,
CO-COR,Colombia,Choco,2020-07-09 00:13:27.501850,1982,63,
CO-CUN,Colombia,Cordoba,2020-07-09 00:13:27.501850,1102,94,
CO-CHO,Colombia,Cundinamarca,2020-07-09 00:13:27.501850,3266,73,
CO-GUA,Colombia,Guainia,2020-07-09 00:13:27.501850,0,0,
CO-GUV,Colombia,Guaviare,2020-07-09 00:13:27.501850,0,0,
CO-HUI,Colombia,Huila,2020-07-09 00:13:27.501850,385,0,
CO-LAG,Colombia,La Guajira,2020-07-09 00:13:27.501850,661,36,
CO-MAG,Colombia,Magdalena,2020-07-09 00:13:27.501850,2182,169,
CO-MET,Colombia,Meta,2020-07-09 00:13:27.501850,1359,18,
CO-NAR,Colombia,Narino,2020-07-09 00:13:27.501850,3977,128,
CO-NSA,Colombia,Norte de Santander,2020-07-09 00:13:27.501850,1396,0,
CO-PUT,Colombia,Putumayo,2020-07-09 00:13:27.501850,38,0,
CO-QUI,Colombia,Quindio,2020-07-09 00:13:27.501850,0,0,
CO-RIS,Colombia,Risaralda,2020-07-09 00:13:27.501850,619,18,
CO-SAP,Colombia,San Andres y Providencia,2020-07-09 00:13:27.501850,0,0,
CO-SAN,Colombia,Santander,2020-07-09 00:13:27.501850,0,0,
CO-SUC,Colombia,Sucre,2020-07-09 00:13:27.501850,1892,118,
CO-TOL,Colombia,Tolima,2020-07-09 00:13:27.501850,1163,26,
CO-VAC,Colombia,Valle del Cauca,2020-07-09 00:13:27.501850,10519,392,
CO-VAU,Colombia,Vaupes,2020-07-09 00:13:27.501850,0,0,
CO-VID,Colombia,Vichada,2020-07-09 00:13:27.501850,0,0,
CR-A,Costa Rica,Alajuela,2020-07-09 00:13:27.501850,643,0,
CR-C,Costa Rica,Cartago,2020-07-09 00:13:27.501850,125,0,
CR-G,Costa Rica,Guanacaste,2020-07-09 00:13:27.501850,173,0,
CR-H,Costa Rica,Heredia,2020-07-09 00:13:27.501850,381,0,
CR-L,Costa Rica,Limon,2020-07-09 00:13:27.501850,99,0,
CR-P,Costa Rica,Puntarenas,2020-07-09 00:13:27.501850,155,0,
CR-SJ,Costa Rica,San Jose,2020-07-09 00:13:27.501850,1764,0,
CU-15,Cuba,Artemisa,2020-07-09 00:13:27.501850,0,0,
CU-09,Cuba,Camagüey,2020-07-09 00:13:27.501850,0,0,
CU-08,Cuba,Ciego de Ávila,2020-07-09 00:13:27.501850,0,0,
CU-06,Cuba,Cienfuegos,2020-07-09 00:13:27.501850,0,0,
CU-12,Cuba,Granma,2020-07-09 00:13:27.501850,0,0,
CU-14,Cuba,Guantánamo,2020-07-09 00:13:27.501850,0,0,
CU-11,Cuba,Holguín,2020-07-09 00:13:27.501850,0,0,
CU-99,Cuba,Isla de la Juventud,2020-07-09 00:13:27.501850,0,0,
CU-03,Cuba,La Habana,2020-07-09 00:13:27.501850,1346,0,
CU-10,Cuba,Las Tunas,2020-07-09 00:13:27.501850,0,0,
CU-04,Cuba,Matanzas,2020-07-09 00:13:27.501850,0,0,
CU-16,Cuba,Mayabeque,2020-07-09 00:13:27.501850,56,0,
CU-01,Cuba,Pinar del Río,2020-07-09 00:13:27.501850,0,0,
CU-07,Cuba,Sancti Spíritus,2020-07-09 00:13:27.501850,0,0,
CU-13,Cuba,Santiago de Cuba,2020-07-09 00:13:27.501850,0,0,
CU-05,Cuba,Villa Clara,2020-07-09 00:13:27.501850,0,0,
DO-02,Dominican Republic,Azua,,,,
DO-03,Dominican Republic,Baoruco,,,,
DO-04,Dominican Republic,Barahona,,,,
DO-05,Dominican Republic,Dajabon,,,,
DO-06,Dominican Republic,Distrito Nacional,,,,
DO-08,Dominican Republic,Duarte,,,,
DO-09,Dominican Republic,El Seibo,,,,
DO-30,Dominican Republic,Elias Pina,,,,
DO-10,Dominican Republic,Espaillat,,,,
DO-11,Dominican Republic,Hato Mayor,,,,
DO-07,Dominican Republic,Hermanas Mirabal,,,,
DO-12,Dominican Republic,Independencia,,,,
DO-13,Dominican Republic,La Altagracia,,,,
DO-14,Dominican Republic,La Romana,,,,
DO-28,Dominican Republic,La Vega,,,,
DO-15,Dominican Republic,Maria Trinidad Sanchez,,,,
DO-29,Dominican Republic,Monsenor Nouel,,,,
DO-16,Dominican Republic,Monte Cristi,,,,
DO-17,Dominican Republic,Monte Plata,,,,
DO-18,Dominican Republic,Pedernales,,,,
DO-19,Dominican Republic,Peravia,,,,
DO-20,Dominican Republic,Puerto Plata,,,,
DO-21,Dominican Republic,Samana,,,,
DO-31,Dominican Republic,San Cristobal,,,,
DO-22,Dominican Republic,San Jose de Ocoa,,,,
DO-23,Dominican Republic,San Juan,,,,
DO-24,Dominican Republic,San Pedro de Macoris,,,,
DO-25,Dominican Republic,Sanchez Ramirez,,,,
DO-26,Dominican Republic,Santiago,,,,
DO-32,Dominican Republic,Santiago Rodriguez,,,,
DO-01,Dominican Republic,Santo Domingo,,,,
DO-27,Dominican Republic,Valverde,,,,
EC-A,Ecuador,Azuay,2020-07-09 00:13:27.501850,1993,66,
EC-B,Ecuador,Bolivar,2020-07-09 00:13:27.501850,759,41,
EC-F,Ecuador,Canar,2020-07-09 00:13:27.501850,560,45,
EC-C,Ecuador,Carchi,2020-07-09 00:13:27.501850,838,24,
EC-H,Ecuador,Chimborazo,2020-07-09 00:13:27.501850,2228,149,
EC-X,Ecuador,Cotopaxi,2020-07-09 00:13:27.501850,365,18,
EC-O,Ecuador,El Oro,2020-07-09 00:13:27.501850,16129,1624,
EC-E,Ecuador,Esmeraldas,2020-07-09 00:13:27.501850,848,160,
EC-W,Ecuador,Galapagos,2020-07-09 00:13:27.501850,716,44,
EC-G,Ecuador,Guayas,2020-07-09 00:13:27.501850,1095,47,
EC-I,Ecuador,Imbabura,2020-07-09 00:13:27.501850,4720,639,
EC-L,Ecuador,Loja,2020-07-09 00:13:27.501850,656,37,
EC-R,Ecuador,Los Rios,2020-07-09 00:13:27.501850,2189,277,
EC-M,Ecuador,Manabi,2020-07-09 00:13:27.501850,8994,556,
EC-S,Ecuador,Morona Santiago,2020-07-09 00:13:27.501850,2429,277,
EC-N,Ecuador,Napo,2020-07-09 00:13:27.501850,1009,12,
EC-D,Ecuador,Orellana,2020-07-09 00:13:27.501850,2344,155,
EC-Y,Ecuador,Pastaza,2020-07-09 00:13:27.501850,962,326,
EC-P,Ecuador,Pichincha,2020-07-09 00:13:27.501850,1259,122,
EC-SE,Ecuador,Santa Elena,2020-07-09 00:13:27.501850,521,21,
EC-SD,Ecuador,Santo Domingo de los Tsachilas,2020-07-09 00:13:27.501850,100,1,
EC-U,Ecuador,Sucumbios,2020-07-09 00:13:27.501850,1236,130,
EC-T,Ecuador,Tungurahua,2020-07-09 00:13:27.501850,837,29,
EC-Z,Ecuador,Zamora-Chinchipe,2020-07-09 00:13:27.501850,637,21,
SV-AH,El Salvador,Ahuachapan,,,,
SV-CA,El Salvador,Cabanas,,,,
SV-CH,El Salvador,Chalatenango,,,,
SV-CU,El Salvador,Cuscatlan,,,,
SV-LI,El Salvador,La Libertad,,,,
SV-PA,El Salvador,La Paz,,,,
SV-UN,El Salvador,La Unión,,,,
SV-MO,El Salvador,Morazan,,,,
SV-SM,El Salvador,San Miguel,,,,
SV-SS,El Salvador,San Salvador,,,,
SV-SV,El Salvador,San Vicente,,,,
SV-SA,El Salvador,Santa Ana,,,,
SV-SO,El Salvador,Sonsonate,,,,
SV-US,El Salvador,Usulutan,,,,
FR-GP,France,Guadeloupe,,,,
FR-GF,France,Guyane,,,,
FR-MQ,France,Martinique,,,,
FR-BL,France,Saint-Barthélemy,,,,
FR-MF,France,Saint-Martin,,,,
FR-PM,France,Saint-Pierre-et-Miquelon,,,,
GT-AV,Guatemala,Alta Verapaz,,,,
GT-BV,Guatemala,Baja Verapaz,,,,
GT-CM,Guatemala,Chimaltenango,,,,
GT-CQ,Guatemala,Chiquimula,,,,
GT-PR,Guatemala,El Progreso,,,,
GT-ES,Guatemala,Escuintla,,,,
GT-GU,Guatemala,Guatemala,,,,
GT-HU,Guatemala,Huehuetenango,,,,
GT-IZ,Guatemala,Izabal,,,,
GT-JA,Guatemala,Jalapa,,,,
GT-JU,Guatemala,Jutiapa,,,,
GT-PE,Guatemala,Petén,,,,
GT-QZ,Guatemala,Quetzaltenango,,,,
GT-QC,Guatemala,Quiché,,,,
GT-RE,Guatemala,Retalhuleu,,,,
GT-SA,Guatemala,Sacatepéquez,,,,
GT-SM,Guatemala,San Marcos,,,,
GT-SR,Guatemala,Santa Rosa,,,,
GT-SO,Guatemala,Sololá,,,,
GT-SU,Guatemala,Suchitepéquez,,,,
GT-TO,Guatemala,Totonicapán,,,,
GT-ZA,Guatemala,Zacapa,,,,
HT-AR,Haiti,Artibonite,,,,
HT-CE,Haiti,Centre,,,,
HT-GA,Haiti,Grande’Anse,,,,
HT-NI,Haiti,Nippes,,,,
HT-ND,Haiti,Nord,,,,
HT-NE,Haiti,Nord-Est,,,,
HT-NO,Haiti,Nord-Ouest,,,,
HT-OU,Haiti,Ouest,,,,
HT-SD,Haiti,Sud,,,,
HT-SE,Haiti,Sud-Est,,,,
HN-AT,Honduras,Atlantida,2020-07-07T15:30:35,875,14,140
HN-CH,Honduras,Choluteca,2020-07-07T15:30:35,766,12,53
HN-CL,Honduras,Colon,2020-07-07T15:30:35,273,9,88
HN-CM,Honduras,Comayagua,2020-07-07T15:30:35,213,9,18
HN-CP,Honduras,Copan,2020-07-07T15:30:35,157,2,17
HN-CR,Honduras,Cortes,2020-07-07T15:30:35,10603,336,1549
HN-EP,Honduras,El Paraiso,2020-07-07T15:30:35,258,1,15
HN-FM,Honduras,Francisco Morazan,2020-07-07T15:30:35,8973,232,457
HN-GD,Honduras,Gracias a Dios,2020-07-07T15:30:35,65,1,0
HN-IN,Honduras,Intibuca,2020-07-07T15:30:35,98,4,12
HN-IB,Honduras,Islas de la Bahia,2020-07-07T15:30:35,133,1,4
HN-LP,Honduras,La Paz,2020-07-07T15:30:35,140,3,12
HN-LE,Honduras,Lempira,2020-07-07T15:30:35,44,1,6
HN-OC,Honduras,Ocotepeque,2020-07-07T15:30:35,92,2,21
HN-OL,Honduras,Olancho,2020-07-07T15:30:35,101,1,11
HN-SB,Honduras,Santa Barbara,2020-07-07T15:30:35,497,10,33
HN-VA,Honduras,Valle,2020-07-07T15:30:35,389,5,21
HN-YO,Honduras,Yoro,2020-07-07T15:30:35,988,13,129
MX-AGU,Mexico,Aguascalientes,2020-07-07T02:52:04,2564,163,
MX-BCN,Mexico,Baja California,2020-07-07T02:52:04,10053,2074,
MX-BCS,Mexico,Baja California Sur,2020-07-07T02:52:04,1796,88,
MX-CAM,Mexico,Campeche,2020-07-07T02:52:04,2573,254,
MX-CHP,Mexico,Chiapas,2020-07-07T02:52:04,4811,636,
MX-CHH,Mexico,Chihuahua,2020-07-07T02:52:04,3427,674,
MX-CMX,Mexico,Ciudad de Mexico,2020-07-07T02:52:04,64092,7053,
MX-COA,Mexico,Coahuila,2020-07-07T02:52:04,6082,272,
MX-COL,Mexico,Colima,2020-07-07T02:52:04,732,89,
MX-DUR,Mexico,Durango,2020-07-07T02:52:04,2331,157,
MX-GUA,Mexico,Guanajuato,2020-07-07T02:52:04,9636,435,
MX-GRO,Mexico,Guerrero,2020-07-07T02:52:04,6033,987,
MX-HID,Mexico,Hidalgo,2020-07-07T02:52:04,4257,728,
MX-JAL,Mexico,Jalisco,2020-07-07T02:52:04,7954,867,
MX-MIC,Mexico,Michoacan,2020-07-07T02:52:04,6527,506,
MX-MOR,Mexico,Morelos,2020-07-07T02:52:04,3047,704,
MX-MEX,Mexico,Mexico,2020-07-07T02:52:04,27070,4754,
MX-NAY,Mexico,Nayarit,2020-07-07T02:52:04,1987,216,
MX-NLE,Mexico,Nuevo Leon,2020-07-07T02:52:04,7912,419,
MX-OAX,Mexico,Oaxaca,2020-07-07T02:52:04,6438,649,
MX-PUE,Mexico,Puebla,2020-07-07T02:52:04,12444,1516,
MX-QUE,Mexico,Queretaro,2020-07-07T02:52:04,2337,332,
MX-ROO,Mexico,Quintana Roo,2020-07-07T02:52:04,4310,628,
MX-SLP,Mexico,San Luis Potosi,2020-07-07T02:52:04,3831,187,
MX-SIN,Mexico,Sinaloa,2020-07-07T02:52:04,9179,1434,
MX-SON,Mexico,Sonora,2020-07-07T02:52:04,9315,884,
MX-TAB,Mexico,Tabasco,2020-07-07T02:52:04,12662,1190,
MX-TAM,Mexico,Tamaulipas,2020-07-07T02:52:04,7466,471,
MX-TLA,Mexico,Tlaxcala,2020-07-07T02:52:04,2764,394,
MX-VER,Mexico,Veracruz,2020-07-07T02:52:04,11751,1745,
MX-YUC,Mexico,Yucatan,2020-07-07T02:52:04,5247,501,
MX-ZAC,Mexico,Zacatecas,2020-07-07T02:52:04,1122,112,
NI-BO,Nicaragua,Boaco,,,,
NI-CA,Nicaragua,Carazo,,,,
NI-CI,Nicaragua,Chinandega,,,,
NI-CO,Nicaragua,Chontales,,,,
NI-ES,Nicaragua,Estelí,,,,
NI-GR,Nicaragua,Granada,,,,
NI-JI,Nicaragua,Jinotega,,,,
NI-LE,Nicaragua,León,,,,
NI-MD,Nicaragua,Madriz,,,,
NI-MN,Nicaragua,Managua,,,,
NI-MS,Nicaragua,Masaya,,,,
NI-MT,Nicaragua,Matagalpa,,,,
NI-AN,Nicaragua,NCCAR,,,,
NI-NS,Nicaragua,Nueva Segovia,,,,
NI-RI,Nicaragua,Rio San Juan,,,,
NI-SJ,Nicaragua,Rivas,,,,
NI-AS,Nicaragua,SCCAR,,,,
PA-1,Panama,Bocas del Toro,,,,
PA-4,Panama,Chiriqui,,,,
PA-2,Panama,Cocle,,,,
PA-3,Panama,Colon,,,,
PA-5,Panama,Darien,,,,
PA-EM,Panama,Embera,,,,
PA-KY,Panama,Guna Yala,,,,
PA-6,Panama,Herrera,,,,
PA-7,Panama,Los Santos,,,,
PA-NB,Panama,Ngabe-Bugle,,,,
PA-8,Panama,Panama,,,,
PA-10,Panama,Panama Oeste,,,,
PA-9,Panama,Veraguas,,,,
PY-16,Paraguay,Alto Paraguay,,,,
PY-10,Paraguay,Alto Parana,,,,
PY-13,Paraguay,Amambay,,,,
PY-19,Paraguay,Boqueron,,,,
PY-5,Paraguay,Caaguazu,,,,
PY-6,Paraguay,Caazapa,,,,
PY-14,Paraguay,Canindeyu,,,,
PY-11,Paraguay,Central,,,,
PY-1,Paraguay,Concepcion,,,,
PY-3,Paraguay,Cordillera,,,,
PY-ASU,Paraguay,Distrito Capital,,,,
PY-4,Paraguay,Guaira,,,,
PY-7,Paraguay,Itapua,,,,
PY-8,Paraguay,Misiones,,,,
PY-12,Paraguay,Neembucu,,,,
PY-9,Paraguay,Paraguari,,,,
PY-15,Paraguay,Presidente Hayes,,,,
PY-2,Paraguay,San Pedro,,,,
PE-AMA,Peru,Amazonas,2020-07-09 00:13:27.501850,2860,88,
PE-ANC,Peru,Ancash,2020-07-09 00:13:27.501850,8732,512,
PE-APU,Peru,Apurimac,2020-07-09 00:13:27.501850,597,20,
PE-ARE,Peru,Arequipa,2020-07-09 00:13:27.501850,7982,323,
PE-AYA,Peru,Ayacucho,2020-07-09 00:13:27.501850,1996,29,
PE-CAJ,Peru,Cajamarca,2020-07-09 00:13:27.501850,2731,105,
PE-CAL,Peru,Callao,2020-07-09 00:13:27.501850,18471,664,
PE-CUS,Peru,Cusco,2020-07-09 00:13:27.501850,1983,22,
PE-HUV,Peru,Huancavelica,2020-07-09 00:13:27.501850,975,16,
PE-HUC,Peru,Huanuco,2020-07-09 00:13:27.501850,2952,83,
PE-ICA,Peru,Ica,2020-07-09 00:13:27.501850,8507,536,
PE-JUN,Peru,Junin,2020-07-09 00:13:27.501850,4463,167,
PE-LAL,Peru,La Libertad,2020-07-09 00:13:27.501850,11050,690,
PE-LAM,Peru,Lambayeque,2020-07-09 00:13:27.501850,14355,773,
PE-LIM,Peru,Lima,2020-07-09 00:13:27.501850,0,0,
PE-LOR,Peru,Loreto,2020-07-09 00:13:27.501850,9404,351,
PE-MDD,Peru,Madre de dios,2020-07-09 00:13:27.501850,2234,73,
PE-MOQ,Peru,Moquegua,2020-07-09 00:13:27.501850,1143,17,
PE-PAS,Peru,Pasco,2020-07-09 00:13:27.501850,1190,25,
PE-PIU,Peru,Piura,2020-07-09 00:13:27.501850,17941,805,
PE-PUN,Peru,Puno,2020-07-09 00:13:27.501850,1064,31,
PE-SAM,Peru,San Martin,2020-07-09 00:13:27.501850,6023,167,
PE-TAC,Peru,Tacna,2020-07-09 00:13:27.501850,1038,10,
PE-TUM,Peru,Tumbes,2020-07-09 00:13:27.501850,3164,127,
PE-UCA,Peru,Ucayali,2020-07-09 00:13:27.501850,8195,160,
US-PR,United States,Puerto Rico,,,,
UY-AR,Uruguay,Artigas,,,,
UY-CA,Uruguay,Canelones,,,,
UY-CL,Uruguay,Cerro Largo,,,,
UY-CO,Uruguay,Colonia,,,,
UY-DU,Uruguay,Durazno,,,,
UY-FS,Uruguay,Flores,,,,
UY-FD,Uruguay,Florida,,,,
UY-LA,Uruguay,Lavalleja,,,,
UY-MA,Uruguay,Maldonado,,,,
UY-MO,Uruguay,Montevideo,,,,
UY-PA,Uruguay,Paysandu,,,,
UY-RN,Uruguay,Rio Negro,,,,
UY-RV,Uruguay,Rivera,,,,
UY-RO,Uruguay,Rocha,,,,
UY-SA,Uruguay,Salto,,,,
UY-SJ,Uruguay,San Jose,,,,
UY-SO,Uruguay,Soriano,,,,
UY-TA,Uruguay,Tacuarembo,,,,
UY-TT,Uruguay,Treinta y Tres,,,,
VE-Z,Venezuela,Amazonas,,,,
VE-B,Venezuela,Anzoategui,,,,
VE-C,Venezuela,Apure,,,,
VE-D,Venezuela,Aragua,,,,
VE-E,Venezuela,Barinas,,,,
VE-F,Venezuela,Bolivar,,,,
VE-G,Venezuela,Carabobo,,,,
VE-A,Venezuela,Caracas Distrito Capital,,,,
VE-H,Venezuela,Cojedes,,,,
VE-Y,Venezuela,Delta Amacuro,,,,
VE-W,Venezuela,Dependencias Federales,,,,
VE-I,Venezuela,Falcon,,,,
VE-J,Venezuela,Guarico,,,,
VE-K,Venezuela,Lara,,,,
VE-L,Venezuela,Merida,,,,
VE-M,Venezuela,Miranda,,,,
VE-N,Venezuela,Monagas,,,,
VE-O,Venezuela,Nueva Esparta,,,,
VE-P,Venezuela,Portuguesa,,,,
VE-R,Venezuela,Sucre,,,,
VE-S,Venezuela,Tachira,,,,
VE-T,Venezuela,Trujillo,,,,
VE-X,Venezuela,Vargas,,,,
VE-U,Venezuela,Yaracuy,,,,
VE-V,Venezuela,Zulia,,,,
