ISO 3166-2 Code,Country,Subdivision,Last Update,Confirmed,Deaths,Recovered
AR-B,Argentina,Buenos Aires,,,,
AR-K,Argentina,Catamarca,,,,
AR-H,Argentina,Chaco,,,,
AR-U,Argentina,Chubut,,,,
AR-C,Argentina,Ciudad Autonoma de Buenos Aires,,,,
AR-X,Argentina,Cordoba,,,,
AR-W,Argentina,Corrientes,,,,
AR-E,Argentina,Entre Rios,,,,
AR-P,Argentina,Formosa,,,,
AR-Y,Argentina,Jujuy,,,,
AR-L,Argentina,La Pampa,,,,
AR-F,Argentina,La Rioja,,,,
AR-M,Argentina,Mendoza,,,,
AR-N,Argentina,Misiones,,,,
AR-Q,Argentina,Neuquen,,,,
AR-R,Argentina,Rio Negro,,,,
AR-A,Argentina,Salta,,,,
AR-J,Argentina,San Juan,,,,
AR-D,Argentina,San Luis,,,,
AR-Z,Argentina,Santa Cruz,,,,
AR-S,Argentina,Santa Fe,,,,
AR-G,Argentina,Santiago del Estero,,,,
AR-V,Argentina,Tierra del Fuego,,,,
AR-T,Argentina,Tucuman,,,,
BO-B,Bolivia,Beni,2020-07-20 17:11:54.771032,5092,281,
BO-H,Bolivia,Chuquisaca,2020-07-20 17:11:54.771032,1605,73,
BO-C,Bolivia,Cochabamba,2020-07-20 17:11:54.771032,6406,483,
BO-L,Bolivia,La Paz,2020-07-20 17:11:54.771032,9655,162,
BO-O,Bolivia,Oruro,2020-07-20 17:11:54.771032,2211,144,
BO-N,Bolivia,Pando,2020-07-20 17:11:54.771032,1204,94,
BO-P,Bolivia,Potosi,2020-07-20 17:11:54.771032,1172,37,
BO-S,Bolivia,Santa Cruz,2020-07-20 17:11:54.771032,29754,814,
BO-T,Bolivia,Tarija,2020-07-20 17:11:54.771032,2483,63,
BR-AC,Brazil,Acre,2020-07-20 17:11:54.771032,17295,460,
BR-AL,Brazil,Alagoas,2020-07-20 17:11:54.771032,50078,1397,
BR-AP,Brazil,Amapa,2020-07-20 17:11:54.771032,33705,507,
BR-AM,Brazil,Amazonas,2020-07-20 17:11:54.771032,90913,3149,
BR-BA,Brazil,Bahia,2020-07-20 17:11:54.771032,122169,2840,
BR-CE,Brazil,Ceara,2020-07-20 17:11:54.771032,146972,7178,
BR-DF,Brazil,Distrito Federal,2020-07-20 17:11:54.771032,82412,1085,
BR-ES,Brazil,Espiritu Santo,2020-07-20 17:11:54.771032,70609,2222,
BR-GO,Brazil,Goias,2020-07-20 17:11:54.771032,40769,1092,
BR-MA,Brazil,Maranhao,2020-07-20 17:11:54.771032,106325,2708,
BR-MT,Brazil,Mato Grosso,2020-07-20 17:11:54.771032,34136,1332,
BR-MS,Brazil,Mato Grosso do Sul,2020-07-20 17:11:54.771032,16403,222,
BR-MG,Brazil,Minas Gerais,2020-07-20 17:11:54.771032,92972,1982,
BR-PA,Brazil,Para,2020-07-20 17:11:54.771032,137484,5523,
BR-PB,Brazil,Paraiba,2020-07-20 17:11:54.771032,67382,1486,
BR-PR,Brazil,Parana,2020-07-20 17:11:54.771032,54629,1327,
BR-PE,Brazil,Pernambuco,2020-07-20 17:11:54.771032,79452,5984,
BR-PI,Brazil,Piaui,2020-07-20 17:11:54.771032,39296,1100,
BR-RJ,Brazil,Rio de Janeiro,2020-07-20 17:11:54.771032,138524,12114,
BR-RN,Brazil,Rio Grande do Norte,2020-07-20 17:11:54.771032,43766,1577,
BR-RS,Brazil,Rio Grande do Sul,2020-07-20 17:11:54.771032,47113,1252,
BR-RO,Brazil,Rondonia,2020-07-20 17:11:54.771032,29117,686,
BR-RR,Brazil,Roraima,2020-07-20 17:11:54.771032,25467,429,
BR-SC,Brazil,Santa Catarina,2020-07-20 17:11:54.771032,53336,685,
BR-SP,Brazil,Sao Paulo,2020-07-20 17:11:54.771032,415049,19732,
BR-SE,Brazil,Sergipe,2020-07-20 17:11:54.771032,45243,1125,
BR-TO,Brazil,Tocantins,2020-07-20 17:11:54.771032,17773,294,
CL-AN,Chile,Antofagasta,2020-07-19T18:16:21,13109,280,
CL-AR,Chile,Araucania,2020-07-19T18:16:21,3724,71,
CL-AP,Chile,Arica y Parinacota,2020-07-19T18:16:21,3056,36,
CL-AT,Chile,Atacama,2020-07-19T18:16:21,1857,9,
CL-AI,Chile,Aysen,2020-07-19T18:16:21,69,1,
CL-BI,Chile,Biobio,2020-07-19T18:16:21,9441,96,
CL-CO,Chile,Coquimbo,2020-07-19T18:16:21,4792,53,
CL-LL,Chile,Los Lagos,2020-07-19T18:16:21,2761,32,
CL-LR,Chile,Los Rios,2020-07-19T18:16:21,833,13,
CL-MA,Chile,Magallanes,2020-07-19T18:16:21,1606,28,
CL-ML,Chile,Maule,2020-07-19T18:16:21,7817,127,
CL-NB,Chile,Nuble,2020-07-19T18:16:21,3222,53,
CL-LI,Chile,O'Higgins,2020-07-19T18:16:21,9366,173,
CL-RM,Chile,Santiago,2020-07-19T18:16:21,245983,6975,
CL-TA,Chile,Tarapaca,2020-07-19T18:16:21,7627,141,
CL-VS,Chile,Valparaiso,2020-07-19T18:16:21,15589,414,
CO-AMA,Colombia,Amazonas,2020-07-20 17:11:54.771032,0,0,
CO-ANT,Colombia,Antioquia,2020-07-20 17:11:54.771032,15647,0,
CO-ARA,Colombia,Arauca,2020-07-20 17:11:54.771032,165,0,
CO-ATL,Colombia,Atlantico,2020-07-20 17:11:54.771032,43813,0,
CO-DC,Colombia,Bogota,2020-07-20 17:11:54.771032,63265,0,
CO-BOL,Colombia,Bolivar,2020-07-20 17:11:54.771032,14972,0,
CO-BOY,Colombia,Boyaca,2020-07-20 17:11:54.771032,640,0,
CO-CAL,Colombia,Caldas,2020-07-20 17:11:54.771032,392,0,
CO-CAQ,Colombia,Caqueta,2020-07-20 17:11:54.771032,324,0,
CO-CAS,Colombia,Casanare,2020-07-20 17:11:54.771032,155,0,
CO-CAU,Colombia,Cauca,2020-07-20 17:11:54.771032,2955,0,
CO-CES,Colombia,Cesar,2020-07-20 17:11:54.771032,1997,0,
CO-COR,Colombia,Choco,2020-07-20 17:11:54.771032,2498,0,
CO-CUN,Colombia,Cordoba,2020-07-20 17:11:54.771032,2709,0,
CO-CHO,Colombia,Cundinamarca,2020-07-20 17:11:54.771032,5835,0,
CO-GUA,Colombia,Guainia,2020-07-20 17:11:54.771032,0,0,
CO-GUV,Colombia,Guaviare,2020-07-20 17:11:54.771032,0,0,
CO-HUI,Colombia,Huila,2020-07-20 17:11:54.771032,535,0,
CO-LAG,Colombia,La Guajira,2020-07-20 17:11:54.771032,1511,0,
CO-MAG,Colombia,Magdalena,2020-07-20 17:11:54.771032,4179,0,
CO-MET,Colombia,Meta,2020-07-20 17:11:54.771032,1936,0,
CO-NAR,Colombia,Narino,2020-07-20 17:11:54.771032,5401,0,
CO-NSA,Colombia,Norte de Santander,2020-07-20 17:11:54.771032,2758,0,
CO-PUT,Colombia,Putumayo,2020-07-20 17:11:54.771032,243,0,
CO-QUI,Colombia,Quindio,2020-07-20 17:11:54.771032,212,0,
CO-RIS,Colombia,Risaralda,2020-07-20 17:11:54.771032,995,0,
CO-SAP,Colombia,San Andres y Providencia,2020-07-20 17:11:54.771032,0,0,
CO-SAN,Colombia,Santander,2020-07-20 17:11:54.771032,0,0,
CO-SUC,Colombia,Sucre,2020-07-20 17:11:54.771032,4139,0,
CO-TOL,Colombia,Tolima,2020-07-20 17:11:54.771032,1782,0,
CO-VAC,Colombia,Valle del Cauca,2020-07-20 17:11:54.771032,15609,0,
CO-VAU,Colombia,Vaupes,2020-07-20 17:11:54.771032,0,0,
CO-VID,Colombia,Vichada,2020-07-20 17:11:54.771032,0,0,
CR-A,Costa Rica,Alajuela,2020-07-20 17:11:54.771032,1054,0,
CR-C,Costa Rica,Cartago,2020-07-20 17:11:54.771032,294,0,
CR-G,Costa Rica,Guanacaste,2020-07-20 17:11:54.771032,198,0,
CR-H,Costa Rica,Heredia,2020-07-20 17:11:54.771032,914,0,
CR-L,Costa Rica,Limon,2020-07-20 17:11:54.771032,122,0,
CR-P,Costa Rica,Puntarenas,2020-07-20 17:11:54.771032,305,0,
CR-SJ,Costa Rica,San Jose,2020-07-20 17:11:54.771032,4933,0,
CU-15,Cuba,Artemisa,2020-07-20 17:11:54.771032,0,0,
CU-09,Cuba,Camagüey,2020-07-20 17:11:54.771032,0,0,
CU-08,Cuba,Ciego de Ávila,2020-07-20 17:11:54.771032,0,0,
CU-06,Cuba,Cienfuegos,2020-07-20 17:11:54.771032,0,0,
CU-12,Cuba,Granma,2020-07-20 17:11:54.771032,0,0,
CU-14,Cuba,Guantánamo,2020-07-20 17:11:54.771032,0,0,
CU-11,Cuba,Holguín,2020-07-20 17:11:54.771032,0,0,
CU-99,Cuba,Isla de la Juventud,2020-07-20 17:11:54.771032,0,0,
CU-03,Cuba,La Habana,2020-07-20 17:11:54.771032,0,0,
CU-10,Cuba,Las Tunas,2020-07-20 17:11:54.771032,0,0,
CU-04,Cuba,Matanzas,2020-07-20 17:11:54.771032,0,0,
CU-16,Cuba,Mayabeque,2020-07-20 17:11:54.771032,0,0,
CU-01,Cuba,Pinar del Río,2020-07-20 17:11:54.771032,0,0,
CU-07,Cuba,Sancti Spíritus,2020-07-20 17:11:54.771032,0,0,
CU-13,Cuba,Santiago de Cuba,2020-07-20 17:11:54.771032,0,0,
CU-05,Cuba,Villa Clara,2020-07-20 17:11:54.771032,0,0,
DO-02,Dominican Republic,Azua,,,,
DO-03,Dominican Republic,Baoruco,,,,
DO-04,Dominican Republic,Barahona,,,,
DO-05,Dominican Republic,Dajabon,,,,
DO-06,Dominican Republic,Distrito Nacional,,,,
DO-08,Dominican Republic,Duarte,,,,
DO-09,Dominican Republic,El Seibo,,,,
DO-30,Dominican Republic,Elias Pina,,,,
DO-10,Dominican Republic,Espaillat,,,,
DO-11,Dominican Republic,Hato Mayor,,,,
DO-07,Dominican Republic,Hermanas Mirabal,,,,
DO-12,Dominican Republic,Independencia,,,,
DO-13,Dominican Republic,La Altagracia,,,,
DO-14,Dominican Republic,La Romana,,,,
DO-28,Dominican Republic,La Vega,,,,
DO-15,Dominican Republic,Maria Trinidad Sanchez,,,,
DO-29,Dominican Republic,Monsenor Nouel,,,,
DO-16,Dominican Republic,Monte Cristi,,,,
DO-17,Dominican Republic,Monte Plata,,,,
DO-18,Dominican Republic,Pedernales,,,,
DO-19,Dominican Republic,Peravia,,,,
DO-20,Dominican Republic,Puerto Plata,,,,
DO-21,Dominican Republic,Samana,,,,
DO-31,Dominican Republic,San Cristobal,,,,
DO-22,Dominican Republic,San Jose de Ocoa,,,,
DO-23,Dominican Republic,San Juan,,,,
DO-24,Dominican Republic,San Pedro de Macoris,,,,
DO-25,Dominican Republic,Sanchez Ramirez,,,,
DO-26,Dominican Republic,Santiago,,,,
DO-32,Dominican Republic,Santiago Rodriguez,,,,
DO-01,Dominican Republic,Santo Domingo,,,,
DO-27,Dominican Republic,Valverde,,,,
EC-A,Ecuador,Azuay,2020-07-20 17:11:54.771032,0,0,
EC-B,Ecuador,Bolivar,2020-07-20 17:11:54.771032,0,0,
EC-F,Ecuador,Canar,2020-07-20 17:11:54.771032,0,0,
EC-C,Ecuador,Carchi,2020-07-20 17:11:54.771032,0,0,
EC-H,Ecuador,Chimborazo,2020-07-20 17:11:54.771032,0,0,
EC-X,Ecuador,Cotopaxi,2020-07-20 17:11:54.771032,0,0,
EC-O,Ecuador,El Oro,2020-07-20 17:11:54.771032,0,0,
EC-E,Ecuador,Esmeraldas,2020-07-20 17:11:54.771032,0,0,
EC-W,Ecuador,Galapagos,2020-07-20 17:11:54.771032,0,0,
EC-G,Ecuador,Guayas,2020-07-20 17:11:54.771032,0,0,
EC-I,Ecuador,Imbabura,2020-07-20 17:11:54.771032,0,0,
EC-L,Ecuador,Loja,2020-07-20 17:11:54.771032,0,0,
EC-R,Ecuador,Los Rios,2020-07-20 17:11:54.771032,0,0,
EC-M,Ecuador,Manabi,2020-07-20 17:11:54.771032,0,0,
EC-S,Ecuador,Morona Santiago,2020-07-20 17:11:54.771032,0,0,
EC-N,Ecuador,Napo,2020-07-20 17:11:54.771032,0,0,
EC-D,Ecuador,Orellana,2020-07-20 17:11:54.771032,0,0,
EC-Y,Ecuador,Pastaza,2020-07-20 17:11:54.771032,0,0,
EC-P,Ecuador,Pichincha,2020-07-20 17:11:54.771032,0,0,
EC-SE,Ecuador,Santa Elena,2020-07-20 17:11:54.771032,0,0,
EC-SD,Ecuador,Santo Domingo de los Tsachilas,2020-07-20 17:11:54.771032,0,0,
EC-U,Ecuador,Sucumbios,2020-07-20 17:11:54.771032,0,0,
EC-T,Ecuador,Tungurahua,2020-07-20 17:11:54.771032,0,0,
EC-Z,Ecuador,Zamora-Chinchipe,2020-07-20 17:11:54.771032,0,0,
SV-AH,El Salvador,Ahuachapan,,,,
SV-CA,El Salvador,Cabanas,,,,
SV-CH,El Salvador,Chalatenango,,,,
SV-CU,El Salvador,Cuscatlan,,,,
SV-LI,El Salvador,La Libertad,,,,
SV-PA,El Salvador,La Paz,,,,
SV-UN,El Salvador,La Unión,,,,
SV-MO,El Salvador,Morazan,,,,
SV-SM,El Salvador,San Miguel,,,,
SV-SS,El Salvador,San Salvador,,,,
SV-SV,El Salvador,San Vicente,,,,
SV-SA,El Salvador,Santa Ana,,,,
SV-SO,El Salvador,Sonsonate,,,,
SV-US,El Salvador,Usulutan,,,,
FR-GP,France,Guadeloupe,,,,
FR-GF,France,Guyane,,,,
FR-MQ,France,Martinique,,,,
FR-BL,France,Saint-Barthélemy,,,,
FR-MF,France,Saint-Martin,,,,
FR-PM,France,Saint-Pierre-et-Miquelon,,,,
GT-AV,Guatemala,Alta Verapaz,,,,
GT-BV,Guatemala,Baja Verapaz,,,,
GT-CM,Guatemala,Chimaltenango,,,,
GT-CQ,Guatemala,Chiquimula,,,,
GT-PR,Guatemala,El Progreso,,,,
GT-ES,Guatemala,Escuintla,,,,
GT-GU,Guatemala,Guatemala,,,,
GT-HU,Guatemala,Huehuetenango,,,,
GT-IZ,Guatemala,Izabal,,,,
GT-JA,Guatemala,Jalapa,,,,
GT-JU,Guatemala,Jutiapa,,,,
GT-PE,Guatemala,Petén,,,,
GT-QZ,Guatemala,Quetzaltenango,,,,
GT-QC,Guatemala,Quiché,,,,
GT-RE,Guatemala,Retalhuleu,,,,
GT-SA,Guatemala,Sacatepéquez,,,,
GT-SM,Guatemala,San Marcos,,,,
GT-SR,Guatemala,Santa Rosa,,,,
GT-SO,Guatemala,Sololá,,,,
GT-SU,Guatemala,Suchitepéquez,,,,
GT-TO,Guatemala,Totonicapán,,,,
GT-ZA,Guatemala,Zacapa,,,,
HT-AR,Haiti,Artibonite,,,,
HT-CE,Haiti,Centre,,,,
HT-GA,Haiti,Grande’Anse,,,,
HT-NI,Haiti,Nippes,,,,
HT-ND,Haiti,Nord,,,,
HT-NE,Haiti,Nord-Est,,,,
HT-NO,Haiti,Nord-Ouest,,,,
HT-OU,Haiti,Ouest,,,,
HT-SD,Haiti,Sud,,,,
HT-SE,Haiti,Sud-Est,,,,
HN-AT,Honduras,Atlantida,2020-07-20T14:54:41,1340,30,183
HN-CH,Honduras,Choluteca,2020-07-20T14:54:41,932,25,64
HN-CL,Honduras,Colon,2020-07-20T14:54:41,485,18,122
HN-CM,Honduras,Comayagua,2020-07-20T14:54:41,359,14,20
HN-CP,Honduras,Copan,2020-07-20T14:54:41,234,8,26
HN-CR,Honduras,Cortes,2020-07-20T14:54:41,12525,395,1907
HN-EP,Honduras,El Paraiso,2020-07-20T14:54:41,417,9,38
HN-FM,Honduras,Francisco Morazan,2020-07-20T14:54:41,12434,316,859
HN-GD,Honduras,Gracias a Dios,2020-07-20T14:54:41,170,1,1
HN-IN,Honduras,Intibuca,2020-07-20T14:54:41,202,5,27
HN-IB,Honduras,Islas de la Bahia,2020-07-20T14:54:41,135,1,10
HN-LP,Honduras,La Paz,2020-07-20T14:54:41,168,6,17
HN-LE,Honduras,Lempira,2020-07-20T14:54:41,89,5,8
HN-OC,Honduras,Ocotepeque,2020-07-20T14:54:41,197,4,45
HN-OL,Honduras,Olancho,2020-07-20T14:54:41,205,13,14
HN-SB,Honduras,Santa Barbara,2020-07-20T14:54:41,698,18,89
HN-VA,Honduras,Valle,2020-07-20T14:54:41,646,10,43
HN-YO,Honduras,Yoro,2020-07-20T14:54:41,1557,13,193
MX-AGU,Mexico,Aguascalientes,2020-07-20T02:01:49,3479,207,
MX-BCN,Mexico,Baja California,2020-07-20T02:01:49,11836,2344,
MX-BCS,Mexico,Baja California Sur,2020-07-20T02:01:49,3092,117,
MX-CAM,Mexico,Campeche,2020-07-20T02:01:49,3676,357,
MX-CHP,Mexico,Chiapas,2020-07-20T02:01:49,5219,817,
MX-CHH,Mexico,Chihuahua,2020-07-20T02:01:49,4355,803,
MX-CMX,Mexico,Ciudad de Mexico,2020-07-20T02:01:49,76671,8205,
MX-COA,Mexico,Coahuila,2020-07-20T02:01:49,9110,459,
MX-COL,Mexico,Colima,2020-07-20T02:01:49,1232,144,
MX-DUR,Mexico,Durango,2020-07-20T02:01:49,3203,226,
MX-GUA,Mexico,Guanajuato,2020-07-20T02:01:49,14776,716,
MX-GRO,Mexico,Guerrero,2020-07-20T02:01:49,8785,1192,
MX-HID,Mexico,Hidalgo,2020-07-20T02:01:49,5317,879,
MX-JAL,Mexico,Jalisco,2020-07-20T02:01:49,10543,1233,
MX-MIC,Mexico,Michoacan,2020-07-20T02:01:49,8090,638,
MX-MOR,Mexico,Morelos,2020-07-20T02:01:49,3451,775,
MX-MEX,Mexico,Mexico,2020-07-20T02:01:49,32876,5665,
MX-NAY,Mexico,Nayarit,2020-07-20T02:01:49,2721,285,
MX-NLE,Mexico,Nuevo Leon,2020-07-20T02:01:49,12167,669,
MX-OAX,Mexico,Oaxaca,2020-07-20T02:01:49,8575,805,
MX-PUE,Mexico,Puebla,2020-07-20T02:01:49,16414,1986,
MX-QUE,Mexico,Queretaro,2020-07-20T02:01:49,3035,403,
MX-ROO,Mexico,Quintana Roo,2020-07-20T02:01:49,6111,792,
MX-SLP,Mexico,San Luis Potosi,2020-07-20T02:01:49,5842,317,
MX-SIN,Mexico,Sinaloa,2020-07-20T02:01:49,11327,1830,
MX-SON,Mexico,Sonora,2020-07-20T02:01:49,14548,1468,
MX-TAB,Mexico,Tabasco,2020-07-20T02:01:49,17502,1611,
MX-TAM,Mexico,Tamaulipas,2020-07-20T02:01:49,11205,700,
MX-TLA,Mexico,Tlaxcala,2020-07-20T02:01:49,3501,515,
MX-VER,Mexico,Veracruz,2020-07-20T02:01:49,16484,2164,
MX-YUC,Mexico,Yucatan,2020-07-20T02:01:49,7268,699,
MX-ZAC,Mexico,Zacatecas,2020-07-20T02:01:49,1813,163,
NI-BO,Nicaragua,Boaco,,,,
NI-CA,Nicaragua,Carazo,,,,
NI-CI,Nicaragua,Chinandega,,,,
NI-CO,Nicaragua,Chontales,,,,
NI-ES,Nicaragua,Estelí,,,,
NI-GR,Nicaragua,Granada,,,,
NI-JI,Nicaragua,Jinotega,,,,
NI-LE,Nicaragua,León,,,,
NI-MD,Nicaragua,Madriz,,,,
NI-MN,Nicaragua,Managua,,,,
NI-MS,Nicaragua,Masaya,,,,
NI-MT,Nicaragua,Matagalpa,,,,
NI-AN,Nicaragua,NCCAR,,,,
NI-NS,Nicaragua,Nueva Segovia,,,,
NI-RI,Nicaragua,Rio San Juan,,,,
NI-SJ,Nicaragua,Rivas,,,,
NI-AS,Nicaragua,SCCAR,,,,
PA-1,Panama,Bocas del Toro,,,,
PA-4,Panama,Chiriqui,,,,
PA-2,Panama,Cocle,,,,
PA-3,Panama,Colon,,,,
PA-5,Panama,Darien,,,,
PA-EM,Panama,Embera,,,,
PA-KY,Panama,Guna Yala,,,,
PA-6,Panama,Herrera,,,,
PA-7,Panama,Los Santos,,,,
PA-NB,Panama,Ngabe-Bugle,,,,
PA-8,Panama,Panama,,,,
PA-10,Panama,Panama Oeste,,,,
PA-9,Panama,Veraguas,,,,
PY-16,Paraguay,Alto Paraguay,,,,
PY-10,Paraguay,Alto Parana,,,,
PY-13,Paraguay,Amambay,,,,
PY-19,Paraguay,Boqueron,,,,
PY-5,Paraguay,Caaguazu,,,,
PY-6,Paraguay,Caazapa,,,,
PY-14,Paraguay,Canindeyu,,,,
PY-11,Paraguay,Central,,,,
PY-1,Paraguay,Concepcion,,,,
PY-3,Paraguay,Cordillera,,,,
PY-ASU,Paraguay,Distrito Capital,,,,
PY-4,Paraguay,Guaira,,,,
PY-7,Paraguay,Itapua,,,,
PY-8,Paraguay,Misiones,,,,
PY-12,Paraguay,Neembucu,,,,
PY-9,Paraguay,Paraguari,,,,
PY-15,Paraguay,Presidente Hayes,,,,
PY-2,Paraguay,San Pedro,,,,
PE-AMA,Peru,Amazonas,2020-07-20 17:11:54.771032,3994,98,
PE-ANC,Peru,Ancash,2020-07-20 17:11:54.771032,10309,600,
PE-APU,Peru,Apurimac,2020-07-20 17:11:54.771032,715,27,
PE-ARE,Peru,Arequipa,2020-07-20 17:11:54.771032,10318,555,
PE-AYA,Peru,Ayacucho,2020-07-20 17:11:54.771032,2791,43,
PE-CAJ,Peru,Cajamarca,2020-07-20 17:11:54.771032,4205,144,
PE-CAL,Peru,Callao,2020-07-20 17:11:54.771032,19794,770,
PE-CUS,Peru,Cusco,2020-07-20 17:11:54.771032,2750,41,
PE-HUV,Peru,Huancavelica,2020-07-20 17:11:54.771032,1236,27,
PE-HUC,Peru,Huanuco,2020-07-20 17:11:54.771032,4806,134,
PE-ICA,Peru,Ica,2020-07-20 17:11:54.771032,9980,678,
PE-JUN,Peru,Junin,2020-07-20 17:11:54.771032,5875,285,
PE-LAL,Peru,La Libertad,2020-07-20 17:11:54.771032,13074,876,
PE-LAM,Peru,Lambayeque,2020-07-20 17:11:54.771032,15753,819,
PE-LIM,Peru,Lima,2020-07-20 17:11:54.771032,189865,6122,
PE-LOR,Peru,Loreto,2020-07-20 17:11:54.771032,10227,369,
PE-MDD,Peru,Madre de dios,2020-07-20 17:11:54.771032,2605,83,
PE-MOQ,Peru,Moquegua,2020-07-20 17:11:54.771032,1670,38,
PE-PAS,Peru,Pasco,2020-07-20 17:11:54.771032,1454,37,
PE-PIU,Peru,Piura,2020-07-20 17:11:54.771032,19463,874,
PE-PUN,Peru,Puno,2020-07-20 17:11:54.771032,1299,49,
PE-SAM,Peru,San Martin,2020-07-20 17:11:54.771032,7019,194,
PE-TAC,Peru,Tacna,2020-07-20 17:11:54.771032,1694,15,
PE-TUM,Peru,Tumbes,2020-07-20 17:11:54.771032,3537,132,
PE-UCA,Peru,Ucayali,2020-07-20 17:11:54.771032,9157,177,
US-PR,United States,Puerto Rico,,,,
UY-AR,Uruguay,Artigas,,,,
UY-CA,Uruguay,Canelones,,,,
UY-CL,Uruguay,Cerro Largo,,,,
UY-CO,Uruguay,Colonia,,,,
UY-DU,Uruguay,Durazno,,,,
UY-FS,Uruguay,Flores,,,,
UY-FD,Uruguay,Florida,,,,
UY-LA,Uruguay,Lavalleja,,,,
UY-MA,Uruguay,Maldonado,,,,
UY-MO,Uruguay,Montevideo,,,,
UY-PA,Uruguay,Paysandu,,,,
UY-RN,Uruguay,Rio Negro,,,,
UY-RV,Uruguay,Rivera,,,,
UY-RO,Uruguay,Rocha,,,,
UY-SA,Uruguay,Salto,,,,
UY-SJ,Uruguay,San Jose,,,,
UY-SO,Uruguay,Soriano,,,,
UY-TA,Uruguay,Tacuarembo,,,,
UY-TT,Uruguay,Treinta y Tres,,,,
VE-Z,Venezuela,Amazonas,,,,
VE-B,Venezuela,Anzoategui,,,,
VE-C,Venezuela,Apure,,,,
VE-D,Venezuela,Aragua,,,,
VE-E,Venezuela,Barinas,,,,
VE-F,Venezuela,Bolivar,,,,
VE-G,Venezuela,Carabobo,,,,
VE-A,Venezuela,Caracas Distrito Capital,,,,
VE-H,Venezuela,Cojedes,,,,
VE-Y,Venezuela,Delta Amacuro,,,,
VE-W,Venezuela,Dependencias Federales,,,,
VE-I,Venezuela,Falcon,,,,
VE-J,Venezuela,Guarico,,,,
VE-K,Venezuela,Lara,,,,
VE-L,Venezuela,Merida,,,,
VE-M,Venezuela,Miranda,,,,
VE-N,Venezuela,Monagas,,,,
VE-O,Venezuela,Nueva Esparta,,,,
VE-P,Venezuela,Portuguesa,,,,
VE-R,Venezuela,Sucre,,,,
VE-S,Venezuela,Tachira,,,,
VE-T,Venezuela,Trujillo,,,,
VE-X,Venezuela,Vargas,,,,
VE-U,Venezuela,Yaracuy,,,,
VE-V,Venezuela,Zulia,,,,
