ISO 3166-2 Code,Country,Subdivision,Last Update,Confirmed,Deaths,Recovered
AR-B,Argentina,Buenos Aires,,,,
AR-K,Argentina,Catamarca,,,,
AR-H,Argentina,Chaco,,,,
AR-U,Argentina,Chubut,,,,
AR-C,Argentina,Ciudad Autonoma de Buenos Aires,,,,
AR-X,Argentina,Cordoba,,,,
AR-W,Argentina,Corrientes,,,,
AR-E,Argentina,Entre Rios,,,,
AR-P,Argentina,Formosa,,,,
AR-Y,Argentina,Jujuy,,,,
AR-L,Argentina,La Pampa,,,,
AR-F,Argentina,La Rioja,,,,
AR-M,Argentina,Mendoza,,,,
AR-N,Argentina,Misiones,,,,
AR-Q,Argentina,Neuquen,,,,
AR-R,Argentina,Rio Negro,,,,
AR-A,Argentina,Salta,,,,
AR-J,Argentina,San Juan,,,,
AR-D,Argentina,San Luis,,,,
AR-Z,Argentina,Santa Cruz,,,,
AR-S,Argentina,Santa Fe,,,,
AR-G,Argentina,Santiago del Estero,,,,
AR-V,Argentina,Tierra del Fuego,,,,
AR-T,Argentina,Tucuman,,,,
BO-B,Bolivia,Beni,2020-08-05 13:03:40.898626,5669,298,
BO-H,Bolivia,Chuquisaca,2020-08-05 13:03:40.898626,2261,184,
BO-C,Bolivia,Cochabamba,2020-08-05 13:03:40.898626,10031,730,
BO-L,Bolivia,La Paz,2020-08-05 13:03:40.898626,18115,334,
BO-O,Bolivia,Oruro,2020-08-05 13:03:40.898626,3890,233,
BO-N,Bolivia,Pando,2020-08-05 13:03:40.898626,1459,130,
BO-P,Bolivia,Potosi,2020-08-05 13:03:40.898626,1670,95,
BO-S,Bolivia,Santa Cruz,2020-08-05 13:03:40.898626,35759,1215,
BO-T,Bolivia,Tarija,2020-08-05 13:03:40.898626,4507,101,
BR-AC,Brazil,Acre,,,,
BR-AL,Brazil,Alagoas,,,,
BR-AP,Brazil,Amapa,,,,
BR-AM,Brazil,Amazonas,,,,
BR-BA,Brazil,Bahia,,,,
BR-CE,Brazil,Ceara,,,,
BR-DF,Brazil,Distrito Federal,,,,
BR-ES,Brazil,Espiritu Santo,,,,
BR-GO,Brazil,Goias,,,,
BR-MA,Brazil,Maranhao,,,,
BR-MT,Brazil,Mato Grosso,,,,
BR-MS,Brazil,Mato Grosso do Sul,,,,
BR-MG,Brazil,Minas Gerais,,,,
BR-PA,Brazil,Para,,,,
BR-PB,Brazil,Paraiba,,,,
BR-PR,Brazil,Parana,,,,
BR-PE,Brazil,Pernambuco,,,,
BR-PI,Brazil,Piaui,,,,
BR-RJ,Brazil,Rio de Janeiro,,,,
BR-RN,Brazil,Rio Grande do Norte,,,,
BR-RS,Brazil,Rio Grande do Sul,,,,
BR-RO,Brazil,Rondonia,,,,
BR-RR,Brazil,Roraima,,,,
BR-SC,Brazil,Santa Catarina,,,,
BR-SP,Brazil,Sao Paulo,,,,
BR-SE,Brazil,Sergipe,,,,
BR-TO,Brazil,Tocantins,,,,
CL-AN,Chile,Antofagasta,,,,
CL-AR,Chile,Araucania,,,,
CL-AP,Chile,Arica y Parinacota,,,,
CL-AT,Chile,Atacama,,,,
CL-AI,Chile,Aysen,,,,
CL-BI,Chile,Biobio,,,,
CL-CO,Chile,Coquimbo,,,,
CL-LL,Chile,Los Lagos,,,,
CL-LR,Chile,Los Rios,,,,
CL-MA,Chile,Magallanes,,,,
CL-ML,Chile,Maule,,,,
CL-NB,Chile,Nuble,,,,
CL-LI,Chile,O'Higgins,,,,
CL-RM,Chile,Santiago,,,,
CL-TA,Chile,Tarapaca,,,,
CL-VS,Chile,Valparaiso,,,,
CO-AMA,Colombia,Amazonas,2020-08-05 13:03:40.898626,0,0,
CO-ANT,Colombia,Antioquia,2020-08-05 13:03:40.898626,41978,686,
CO-ARA,Colombia,Arauca,2020-08-05 13:03:40.898626,248,0,
CO-ATL,Colombia,Atlantico,2020-08-05 13:03:40.898626,55206,0,
CO-DC,Colombia,Bogota,2020-08-05 13:03:40.898626,113548,3325,
CO-BOL,Colombia,Bolivar,2020-08-05 13:03:40.898626,19306,0,
CO-BOY,Colombia,Boyaca,2020-08-05 13:03:40.898626,1239,0,
CO-CAL,Colombia,Caldas,2020-08-05 13:03:40.898626,1061,0,
CO-CAQ,Colombia,Caqueta,2020-08-05 13:03:40.898626,1647,0,
CO-CAS,Colombia,Casanare,2020-08-05 13:03:40.898626,366,0,
CO-CAU,Colombia,Cauca,2020-08-05 13:03:40.898626,4326,234,
CO-CES,Colombia,Cesar,2020-08-05 13:03:40.898626,3735,0,
CO-COR,Colombia,Choco,2020-08-05 13:03:40.898626,3098,0,
CO-CUN,Colombia,Cordoba,2020-08-05 13:03:40.898626,7249,0,
CO-CHO,Colombia,Cundinamarca,2020-08-05 13:03:40.898626,10231,0,
CO-GUA,Colombia,Guainia,2020-08-05 13:03:40.898626,0,0,
CO-GUV,Colombia,Guaviare,2020-08-05 13:03:40.898626,0,0,
CO-HUI,Colombia,Huila,2020-08-05 13:03:40.898626,1164,0,
CO-LAG,Colombia,La Guajira,2020-08-05 13:03:40.898626,2382,0,
CO-MAG,Colombia,Magdalena,2020-08-05 13:03:40.898626,7200,0,
CO-MET,Colombia,Meta,2020-08-05 13:03:40.898626,3074,0,
CO-NAR,Colombia,Narino,2020-08-05 13:03:40.898626,8596,0,
CO-NSA,Colombia,Norte de Santander,2020-08-05 13:03:40.898626,7839,305,
CO-PUT,Colombia,Putumayo,2020-08-05 13:03:40.898626,1208,0,
CO-QUI,Colombia,Quindio,2020-08-05 13:03:40.898626,409,0,
CO-RIS,Colombia,Risaralda,2020-08-05 13:03:40.898626,2148,0,
CO-SAP,Colombia,San Andres y Providencia,2020-08-05 13:03:40.898626,45,0,
CO-SAN,Colombia,Santander,2020-08-05 13:03:40.898626,0,0,
CO-SUC,Colombia,Sucre,2020-08-05 13:03:40.898626,6497,0,
CO-TOL,Colombia,Tolima,2020-08-05 13:03:40.898626,3021,0,
CO-VAC,Colombia,Valle del Cauca,2020-08-05 13:03:40.898626,25447,982,
CO-VAU,Colombia,Vaupes,2020-08-05 13:03:40.898626,0,0,
CO-VID,Colombia,Vichada,2020-08-05 13:03:40.898626,0,0,
CR-A,Costa Rica,Alajuela,,,,
CR-C,Costa Rica,Cartago,,,,
CR-G,Costa Rica,Guanacaste,,,,
CR-H,Costa Rica,Heredia,,,,
CR-L,Costa Rica,Limon,,,,
CR-P,Costa Rica,Puntarenas,,,,
CR-SJ,Costa Rica,San Jose,,,,
CU-15,Cuba,Artemisa,2020-08-05 13:03:40.898626,143,0,
CU-09,Cuba,Camagüey,2020-08-05 13:03:40.898626,0,0,
CU-08,Cuba,Ciego de Ávila,2020-08-05 13:03:40.898626,0,0,
CU-06,Cuba,Cienfuegos,2020-08-05 13:03:40.898626,28,0,
CU-12,Cuba,Granma,2020-08-05 13:03:40.898626,0,0,
CU-14,Cuba,Guantánamo,2020-08-05 13:03:40.898626,23,0,
CU-11,Cuba,Holguín,2020-08-05 13:03:40.898626,0,0,
CU-99,Cuba,Isla de la Juventud,2020-08-05 13:03:40.898626,0,0,
CU-03,Cuba,La Habana,2020-08-05 13:03:40.898626,1526,0,
CU-10,Cuba,Las Tunas,2020-08-05 13:03:40.898626,0,0,
CU-04,Cuba,Matanzas,2020-08-05 13:03:40.898626,0,0,
CU-16,Cuba,Mayabeque,2020-08-05 13:03:40.898626,0,0,
CU-01,Cuba,Pinar del Río,2020-08-05 13:03:40.898626,0,0,
CU-07,Cuba,Sancti Spíritus,2020-08-05 13:03:40.898626,0,0,
CU-13,Cuba,Santiago de Cuba,2020-08-05 13:03:40.898626,0,0,
CU-05,Cuba,Villa Clara,2020-08-05 13:03:40.898626,0,0,
DO-02,Dominican Republic,Azua,,,,
DO-03,Dominican Republic,Baoruco,,,,
DO-04,Dominican Republic,Barahona,,,,
DO-05,Dominican Republic,Dajabon,,,,
DO-06,Dominican Republic,Distrito Nacional,,,,
DO-08,Dominican Republic,Duarte,,,,
DO-09,Dominican Republic,El Seibo,,,,
DO-30,Dominican Republic,Elias Pina,,,,
DO-10,Dominican Republic,Espaillat,,,,
DO-11,Dominican Republic,Hato Mayor,,,,
DO-07,Dominican Republic,Hermanas Mirabal,,,,
DO-12,Dominican Republic,Independencia,,,,
DO-13,Dominican Republic,La Altagracia,,,,
DO-14,Dominican Republic,La Romana,,,,
DO-28,Dominican Republic,La Vega,,,,
DO-15,Dominican Republic,Maria Trinidad Sanchez,,,,
DO-29,Dominican Republic,Monsenor Nouel,,,,
DO-16,Dominican Republic,Monte Cristi,,,,
DO-17,Dominican Republic,Monte Plata,,,,
DO-18,Dominican Republic,Pedernales,,,,
DO-19,Dominican Republic,Peravia,,,,
DO-20,Dominican Republic,Puerto Plata,,,,
DO-21,Dominican Republic,Samana,,,,
DO-31,Dominican Republic,San Cristobal,,,,
DO-22,Dominican Republic,San Jose de Ocoa,,,,
DO-23,Dominican Republic,San Juan,,,,
DO-24,Dominican Republic,San Pedro de Macoris,,,,
DO-25,Dominican Republic,Sanchez Ramirez,,,,
DO-26,Dominican Republic,Santiago,,,,
DO-32,Dominican Republic,Santiago Rodriguez,,,,
DO-01,Dominican Republic,Santo Domingo,,,,
DO-27,Dominican Republic,Valverde,,,,
EC-A,Ecuador,Azuay,2020-08-05 13:03:40.898626,3604,91,
EC-B,Ecuador,Bolivar,2020-08-05 13:03:40.898626,1164,52,
EC-F,Ecuador,Canar,2020-08-05 13:03:40.898626,817,52,
EC-C,Ecuador,Carchi,2020-08-05 13:03:40.898626,1348,34,
EC-H,Ecuador,Chimborazo,2020-08-05 13:03:40.898626,3247,187,
EC-X,Ecuador,Cotopaxi,2020-08-05 13:03:40.898626,965,30,
EC-O,Ecuador,El Oro,2020-08-05 13:03:40.898626,17629,1657,
EC-E,Ecuador,Esmeraldas,2020-08-05 13:03:40.898626,1548,225,
EC-W,Ecuador,Galapagos,2020-08-05 13:03:40.898626,1541,75,
EC-G,Ecuador,Guayas,2020-08-05 13:03:40.898626,2793,98,
EC-I,Ecuador,Imbabura,2020-08-05 13:03:40.898626,6734,806,
EC-L,Ecuador,Loja,2020-08-05 13:03:40.898626,947,49,
EC-R,Ecuador,Los Rios,2020-08-05 13:03:40.898626,3342,334,
EC-M,Ecuador,Manabi,2020-08-05 13:03:40.898626,15191,732,
EC-S,Ecuador,Morona Santiago,2020-08-05 13:03:40.898626,2899,316,
EC-N,Ecuador,Napo,2020-08-05 13:03:40.898626,2077,14,
EC-D,Ecuador,Orellana,2020-08-05 13:03:40.898626,3774,252,
EC-Y,Ecuador,Pastaza,2020-08-05 13:03:40.898626,1158,331,
EC-P,Ecuador,Pichincha,2020-08-05 13:03:40.898626,2203,171,
EC-SE,Ecuador,Santa Elena,2020-08-05 13:03:40.898626,1357,53,
EC-SD,Ecuador,Santo Domingo de los Tsachilas,2020-08-05 13:03:40.898626,103,1,
EC-U,Ecuador,Sucumbios,2020-08-05 13:03:40.898626,2181,168,
EC-T,Ecuador,Tungurahua,2020-08-05 13:03:40.898626,1380,44,
EC-Z,Ecuador,Zamora-Chinchipe,2020-08-05 13:03:40.898626,1005,36,
SV-AH,El Salvador,Ahuachapan,,,,
SV-CA,El Salvador,Cabanas,,,,
SV-CH,El Salvador,Chalatenango,,,,
SV-CU,El Salvador,Cuscatlan,,,,
SV-LI,El Salvador,La Libertad,,,,
SV-PA,El Salvador,La Paz,,,,
SV-UN,El Salvador,La Unión,,,,
SV-MO,El Salvador,Morazan,,,,
SV-SM,El Salvador,San Miguel,,,,
SV-SS,El Salvador,San Salvador,,,,
SV-SV,El Salvador,San Vicente,,,,
SV-SA,El Salvador,Santa Ana,,,,
SV-SO,El Salvador,Sonsonate,,,,
SV-US,El Salvador,Usulutan,,,,
FR-GP,France,Guadeloupe,,,,
FR-GF,France,Guyane,,,,
FR-MQ,France,Martinique,,,,
FR-BL,France,Saint-Barthélemy,,,,
FR-MF,France,Saint-Martin,,,,
FR-PM,France,Saint-Pierre-et-Miquelon,,,,
GT-AV,Guatemala,Alta Verapaz,,,,
GT-BV,Guatemala,Baja Verapaz,,,,
GT-CM,Guatemala,Chimaltenango,,,,
GT-CQ,Guatemala,Chiquimula,,,,
GT-PR,Guatemala,El Progreso,,,,
GT-ES,Guatemala,Escuintla,,,,
GT-GU,Guatemala,Guatemala,,,,
GT-HU,Guatemala,Huehuetenango,,,,
GT-IZ,Guatemala,Izabal,,,,
GT-JA,Guatemala,Jalapa,,,,
GT-JU,Guatemala,Jutiapa,,,,
GT-PE,Guatemala,Petén,,,,
GT-QZ,Guatemala,Quetzaltenango,,,,
GT-QC,Guatemala,Quiché,,,,
GT-RE,Guatemala,Retalhuleu,,,,
GT-SA,Guatemala,Sacatepéquez,,,,
GT-SM,Guatemala,San Marcos,,,,
GT-SR,Guatemala,Santa Rosa,,,,
GT-SO,Guatemala,Sololá,,,,
GT-SU,Guatemala,Suchitepéquez,,,,
GT-TO,Guatemala,Totonicapán,,,,
GT-ZA,Guatemala,Zacapa,,,,
HT-AR,Haiti,Artibonite,,,,
HT-CE,Haiti,Centre,,,,
HT-GA,Haiti,Grande’Anse,,,,
HT-NI,Haiti,Nippes,,,,
HT-ND,Haiti,Nord,,,,
HT-NE,Haiti,Nord-Est,,,,
HT-NO,Haiti,Nord-Ouest,,,,
HT-OU,Haiti,Ouest,,,,
HT-SD,Haiti,Sud,,,,
HT-SE,Haiti,Sud-Est,,,,
HN-AT,Honduras,Atlantida,2020-08-05T16:06:41,2064,43,314
HN-CH,Honduras,Choluteca,2020-08-05T16:06:41,1355,50,122
HN-CL,Honduras,Colon,2020-08-05T16:06:41,1208,44,226
HN-CM,Honduras,Comayagua,2020-08-05T16:06:41,769,38,62
HN-CP,Honduras,Copan,2020-08-05T16:06:41,388,18,76
HN-CR,Honduras,Cortes,2020-08-05T16:06:41,15406,529,2813
HN-EP,Honduras,El Paraiso,2020-08-05T16:06:41,1196,50,82
HN-FM,Honduras,Francisco Morazan,2020-08-05T16:06:41,14849,469,1348
HN-GD,Honduras,Gracias a Dios,2020-08-05T16:06:41,556,13,10
HN-IN,Honduras,Intibuca,2020-08-05T16:06:41,337,5,65
HN-IB,Honduras,Islas de la Bahia,2020-08-05T16:06:41,209,3,48
HN-LP,Honduras,La Paz,2020-08-05T16:06:41,492,14,57
HN-LE,Honduras,Lempira,2020-08-05T16:06:41,162,6,23
HN-OC,Honduras,Ocotepeque,2020-08-05T16:06:41,298,6,73
HN-OL,Honduras,Olancho,2020-08-05T16:06:41,685,43,62
HN-SB,Honduras,Santa Barbara,2020-08-05T16:06:41,801,28,122
HN-VA,Honduras,Valle,2020-08-05T16:06:41,1171,19,118
HN-YO,Honduras,Yoro,2020-08-05T16:06:41,2353,22,301
MX-AGU,Mexico,Aguascalientes,2020-08-05T03:04:05,4309,269,
MX-BCN,Mexico,Baja California,2020-08-05T03:04:05,13713,2668,
MX-BCS,Mexico,Baja California Sur,2020-08-05T03:04:05,4732,192,
MX-CAM,Mexico,Campeche,2020-08-05T03:04:05,4821,534,
MX-CHP,Mexico,Chiapas,2020-08-05T03:04:05,5605,928,
MX-CHH,Mexico,Chihuahua,2020-08-05T03:04:05,5456,913,
MX-CMX,Mexico,Ciudad de Mexico,2020-08-05T03:04:05,92458,9114,
MX-COA,Mexico,Coahuila,2020-08-05T03:04:05,13827,695,
MX-COL,Mexico,Colima,2020-08-05T03:04:05,2055,240,
MX-DUR,Mexico,Durango,2020-08-05T03:04:05,4348,291,
MX-GUA,Mexico,Guanajuato,2020-08-05T03:04:05,22255,1070,
MX-GRO,Mexico,Guerrero,2020-08-05T03:04:05,11282,1404,
MX-HID,Mexico,Hidalgo,2020-08-05T03:04:05,7009,1109,
MX-JAL,Mexico,Jalisco,2020-08-05T03:04:05,13903,1627,
MX-MIC,Mexico,Michoacan,2020-08-05T03:04:05,10478,783,
MX-MOR,Mexico,Morelos,2020-08-05T03:04:05,3990,848,
MX-MEX,Mexico,Mexico,2020-08-05T03:04:05,39303,6629,
MX-NAY,Mexico,Nayarit,2020-08-05T03:04:05,3577,410,
MX-NLE,Mexico,Nuevo Leon,2020-08-05T03:04:05,20054,1186,
MX-OAX,Mexico,Oaxaca,2020-08-05T03:04:05,10869,980,
MX-PUE,Mexico,Puebla,2020-08-05T03:04:05,21376,2558,
MX-QUE,Mexico,Queretaro,2020-08-05T03:04:05,4062,513,
MX-ROO,Mexico,Quintana Roo,2020-08-05T03:04:05,8036,1026,
MX-SLP,Mexico,San Luis Potosi,2020-08-05T03:04:05,10833,567,
MX-SIN,Mexico,Sinaloa,2020-08-05T03:04:05,13075,2272,
MX-SON,Mexico,Sonora,2020-08-05T03:04:05,18322,2065,
MX-TAB,Mexico,Tabasco,2020-08-05T03:04:05,23078,2083,
MX-TAM,Mexico,Tamaulipas,2020-08-05T03:04:05,17362,1109,
MX-TLA,Mexico,Tlaxcala,2020-08-05T03:04:05,4359,706,
MX-VER,Mexico,Veracruz,2020-08-05T03:04:05,21797,2873,
MX-YUC,Mexico,Yucatan,2020-08-05T03:04:05,10681,935,
MX-ZAC,Mexico,Zacatecas,2020-08-05T03:04:05,2936,272,
NI-BO,Nicaragua,Boaco,,,,
NI-CA,Nicaragua,Carazo,,,,
NI-CI,Nicaragua,Chinandega,,,,
NI-CO,Nicaragua,Chontales,,,,
NI-ES,Nicaragua,Estelí,,,,
NI-GR,Nicaragua,Granada,,,,
NI-JI,Nicaragua,Jinotega,,,,
NI-LE,Nicaragua,León,,,,
NI-MD,Nicaragua,Madriz,,,,
NI-MN,Nicaragua,Managua,,,,
NI-MS,Nicaragua,Masaya,,,,
NI-MT,Nicaragua,Matagalpa,,,,
NI-AN,Nicaragua,NCCAR,,,,
NI-NS,Nicaragua,Nueva Segovia,,,,
NI-RI,Nicaragua,Rio San Juan,,,,
NI-SJ,Nicaragua,Rivas,,,,
NI-AS,Nicaragua,SCCAR,,,,
PA-1,Panama,Bocas del Toro,,,,
PA-4,Panama,Chiriqui,,,,
PA-2,Panama,Cocle,,,,
PA-3,Panama,Colon,,,,
PA-5,Panama,Darien,,,,
PA-EM,Panama,Embera,,,,
PA-KY,Panama,Guna Yala,,,,
PA-6,Panama,Herrera,,,,
PA-7,Panama,Los Santos,,,,
PA-NB,Panama,Ngabe-Bugle,,,,
PA-8,Panama,Panama,,,,
PA-10,Panama,Panama Oeste,,,,
PA-9,Panama,Veraguas,,,,
PY-16,Paraguay,Alto Paraguay,,,,
PY-10,Paraguay,Alto Parana,,,,
PY-13,Paraguay,Amambay,,,,
PY-19,Paraguay,Boqueron,,,,
PY-5,Paraguay,Caaguazu,,,,
PY-6,Paraguay,Caazapa,,,,
PY-14,Paraguay,Canindeyu,,,,
PY-11,Paraguay,Central,,,,
PY-1,Paraguay,Concepcion,,,,
PY-3,Paraguay,Cordillera,,,,
PY-ASU,Paraguay,Distrito Capital,,,,
PY-4,Paraguay,Guaira,,,,
PY-7,Paraguay,Itapua,,,,
PY-8,Paraguay,Misiones,,,,
PY-12,Paraguay,Neembucu,,,,
PY-9,Paraguay,Paraguari,,,,
PY-15,Paraguay,Presidente Hayes,,,,
PY-2,Paraguay,San Pedro,,,,
PE-AMA,Peru,Amazonas,2020-08-05 13:03:40.898626,6340,125,
PE-ANC,Peru,Ancash,2020-08-05 13:03:40.898626,12770,849,
PE-APU,Peru,Apurimac,2020-08-05 13:03:40.898626,1029,41,
PE-ARE,Peru,Arequipa,2020-08-05 13:03:40.898626,15845,808,
PE-AYA,Peru,Ayacucho,2020-08-05 13:03:40.898626,4223,79,
PE-CAJ,Peru,Cajamarca,2020-08-05 13:03:40.898626,6992,221,
PE-CAL,Peru,Callao,2020-08-05 13:03:40.898626,21943,1057,
PE-CUS,Peru,Cusco,2020-08-05 13:03:40.898626,5201,119,
PE-HUV,Peru,Huancavelica,2020-08-05 13:03:40.898626,1921,39,
PE-HUC,Peru,Huanuco,2020-08-05 13:03:40.898626,7084,205,
PE-ICA,Peru,Ica,2020-08-05 13:03:40.898626,13615,918,
PE-JUN,Peru,Junin,2020-08-05 13:03:40.898626,8461,445,
PE-LAL,Peru,La Libertad,2020-08-05 13:03:40.898626,16089,1379,
PE-LAM,Peru,Lambayeque,2020-08-05 13:03:40.898626,17801,1238,
PE-LIM,Peru,Lima,2020-08-05 13:03:40.898626,227717,9428,
PE-LOR,Peru,Loreto,2020-08-05 13:03:40.898626,11949,552,
PE-MDD,Peru,Madre de dios,2020-08-05 13:03:40.898626,3657,104,
PE-MOQ,Peru,Moquegua,2020-08-05 13:03:40.898626,3461,117,
PE-PAS,Peru,Pasco,2020-08-05 13:03:40.898626,2155,51,
PE-PIU,Peru,Piura,2020-08-05 13:03:40.898626,21694,1282,
PE-PUN,Peru,Puno,2020-08-05 13:03:40.898626,2705,90,
PE-SAM,Peru,San Martin,2020-08-05 13:03:40.898626,9218,370,
PE-TAC,Peru,Tacna,2020-08-05 13:03:40.898626,3288,38,
PE-TUM,Peru,Tumbes,2020-08-05 13:03:40.898626,4352,216,
PE-UCA,Peru,Ucayali,2020-08-05 13:03:40.898626,10380,236,
US-PR,United States,Puerto Rico,,,,
UY-AR,Uruguay,Artigas,,,,
UY-CA,Uruguay,Canelones,,,,
UY-CL,Uruguay,Cerro Largo,,,,
UY-CO,Uruguay,Colonia,,,,
UY-DU,Uruguay,Durazno,,,,
UY-FS,Uruguay,Flores,,,,
UY-FD,Uruguay,Florida,,,,
UY-LA,Uruguay,Lavalleja,,,,
UY-MA,Uruguay,Maldonado,,,,
UY-MO,Uruguay,Montevideo,,,,
UY-PA,Uruguay,Paysandu,,,,
UY-RN,Uruguay,Rio Negro,,,,
UY-RV,Uruguay,Rivera,,,,
UY-RO,Uruguay,Rocha,,,,
UY-SA,Uruguay,Salto,,,,
UY-SJ,Uruguay,San Jose,,,,
UY-SO,Uruguay,Soriano,,,,
UY-TA,Uruguay,Tacuarembo,,,,
UY-TT,Uruguay,Treinta y Tres,,,,
VE-Z,Venezuela,Amazonas,,,,
VE-B,Venezuela,Anzoategui,,,,
VE-C,Venezuela,Apure,,,,
VE-D,Venezuela,Aragua,,,,
VE-E,Venezuela,Barinas,,,,
VE-F,Venezuela,Bolivar,,,,
VE-G,Venezuela,Carabobo,,,,
VE-A,Venezuela,Caracas Distrito Capital,,,,
VE-H,Venezuela,Cojedes,,,,
VE-Y,Venezuela,Delta Amacuro,,,,
VE-W,Venezuela,Dependencias Federales,,,,
VE-I,Venezuela,Falcon,,,,
VE-J,Venezuela,Guarico,,,,
VE-K,Venezuela,Lara,,,,
VE-L,Venezuela,Merida,,,,
VE-M,Venezuela,Miranda,,,,
VE-N,Venezuela,Monagas,,,,
VE-O,Venezuela,Nueva Esparta,,,,
VE-P,Venezuela,Portuguesa,,,,
VE-R,Venezuela,Sucre,,,,
VE-S,Venezuela,Tachira,,,,
VE-T,Venezuela,Trujillo,,,,
VE-X,Venezuela,Vargas,,,,
VE-U,Venezuela,Yaracuy,,,,
VE-V,Venezuela,Zulia,,,,
