ISO 3166-2 Code,Country,Subdivision,Last Update,Confirmed,Deaths,Recovered
AR-B,Argentina,Buenos Aires,,,,
AR-K,Argentina,Catamarca,,,,
AR-H,Argentina,Chaco,,,,
AR-U,Argentina,Chubut,,,,
AR-C,Argentina,Ciudad Autonoma de Buenos Aires,,,,
AR-X,Argentina,Cordoba,,,,
AR-W,Argentina,Corrientes,,,,
AR-E,Argentina,Entre Rios,,,,
AR-P,Argentina,Formosa,,,,
AR-Y,Argentina,Jujuy,,,,
AR-L,Argentina,La Pampa,,,,
AR-F,Argentina,La Rioja,,,,
AR-M,Argentina,Mendoza,,,,
AR-N,Argentina,Misiones,,,,
AR-Q,Argentina,Neuquen,,,,
AR-R,Argentina,Rio Negro,,,,
AR-A,Argentina,Salta,,,,
AR-J,Argentina,San Juan,,,,
AR-D,Argentina,San Luis,,,,
AR-Z,Argentina,Santa Cruz,,,,
AR-S,Argentina,Santa Fe,,,,
AR-G,Argentina,Santiago del Estero,,,,
AR-V,Argentina,Tierra del Fuego,,,,
AR-T,Argentina,Tucuman,,,,
BO-B,Bolivia,Beni,2020-10-08 13:19:50.128609,7197,363,
BO-H,Bolivia,Chuquisaca,2020-10-08 13:19:50.128609,7243,489,
BO-C,Bolivia,Cochabamba,2020-10-08 13:19:50.128609,13706,1162,
BO-L,Bolivia,La Paz,2020-10-08 13:19:50.128609,34449,1039,
BO-O,Bolivia,Oruro,2020-10-08 13:19:50.128609,5798,302,
BO-N,Bolivia,Pando,2020-10-08 13:19:50.128609,2369,165,
BO-P,Bolivia,Potosi,2020-10-08 13:19:50.128609,8600,250,
BO-S,Bolivia,Santa Cruz,2020-10-08 13:19:50.128609,43022,4055,
BO-T,Bolivia,Tarija,2020-10-08 13:19:50.128609,15084,331,
BR-AC,Brazil,Acre,2020-10-08 13:19:50.128609,28805,668,
BR-AL,Brazil,Alagoas,2020-10-08 13:19:50.128609,88283,2109,
BR-AP,Brazil,Amapa,2020-10-08 13:19:50.128609,48814,721,
BR-AM,Brazil,Amazonas,2020-10-08 13:19:50.128609,143571,4193,
BR-BA,Brazil,Bahia,2020-10-08 13:19:50.128609,318147,6985,
BR-CE,Brazil,Ceara,2020-10-08 13:19:50.128609,255929,9084,
BR-DF,Brazil,Distrito Federal,2020-10-08 13:19:50.128609,196787,3364,
BR-ES,Brazil,Espiritu Santo,2020-10-08 13:19:50.128609,135850,3604,
BR-GO,Brazil,Goias,2020-10-08 13:19:50.128609,221141,4945,
BR-MA,Brazil,Maranhao,2020-10-08 13:19:50.128609,176283,3817,
BR-MT,Brazil,Mato Grosso,2020-10-08 13:19:50.128609,128071,3513,
BR-MS,Brazil,Mato Grosso do Sul,2020-10-08 13:19:50.128609,72546,1376,
BR-MG,Brazil,Minas Gerais,2020-10-08 13:19:50.128609,310124,7704,
BR-PA,Brazil,Para,2020-10-08 13:19:50.128609,234884,6614,
BR-PB,Brazil,Paraiba,2020-10-08 13:19:50.128609,123564,2872,
BR-PR,Brazil,Parana,2020-10-08 13:19:50.128609,186159,4673,
BR-PE,Brazil,Pernambuco,2020-10-08 13:19:50.128609,150217,8356,
BR-PI,Brazil,Piaui,2020-10-08 13:19:50.128609,99276,2169,
BR-RJ,Brazil,Rio de Janeiro,2020-10-08 13:19:50.128609,275415,18883,
BR-RN,Brazil,Rio Grande do Norte,2020-10-08 13:19:50.128609,71043,2406,
BR-RS,Brazil,Rio Grande do Sul,2020-10-08 13:19:50.128609,205375,4989,
BR-RO,Brazil,Rondonia,2020-10-08 13:19:50.128609,67014,1384,
BR-RR,Brazil,Roraima,2020-10-08 13:19:50.128609,51450,661,
BR-SC,Brazil,Santa Catarina,2020-10-08 13:19:50.128609,221442,2872,
BR-SP,Brazil,Sao Paulo,2020-10-08 13:19:50.128609,1010839,36490,
BR-SE,Brazil,Sergipe,2020-10-08 13:19:50.128609,78525,2067,
BR-TO,Brazil,Tocantins,2020-10-08 13:19:50.128609,69587,975,
CL-AN,Chile,Antofagasta,2020-10-06T15:00:15,20276,502,19264
CL-AR,Chile,Araucania,2020-10-06T15:00:15,8289,118,7228
CL-AP,Chile,Arica y Parinacota,2020-10-06T15:00:15,8512,155,7843
CL-AT,Chile,Atacama,2020-10-06T15:00:15,7225,69,6818
CL-AI,Chile,Aysen,2020-10-06T15:00:15,575,1,367
CL-BI,Chile,Biobio,2020-10-06T15:00:15,24683,359,22643
CL-CO,Chile,Coquimbo,2020-10-06T15:00:15,12191,218,11623
CL-LL,Chile,Los Lagos,2020-10-06T15:00:15,10354,100,8937
CL-LR,Chile,Los Rios,2020-10-06T15:00:15,2203,21,1682
CL-MA,Chile,Magallanes,2020-10-06T15:00:15,9746,96,8050
CL-ML,Chile,Maule,2020-10-06T15:00:15,16539,348,15027
CL-NB,Chile,Nuble,2020-10-06T15:00:15,6608,127,6122
CL-LI,Chile,O'Higgins,2020-10-06T15:00:15,16971,429,15837
CL-RM,Chile,Santiago,2020-10-06T15:00:15,288872,9384,276160
CL-TA,Chile,Tarapaca,2020-10-06T15:00:15,12036,233,11439
CL-VS,Chile,Valparaiso,2020-10-06T15:00:15,28174,909,26327
CO-AMA,Colombia,Amazonas,2020-10-08 13:19:50.128609,0,0,
CO-ANT,Colombia,Antioquia,2020-10-08 13:19:50.128609,121791,2802,
CO-ARA,Colombia,Arauca,2020-10-08 13:19:50.128609,1971,63,
CO-ATL,Colombia,Atlantico,2020-10-08 13:19:50.128609,68287,3313,
CO-DC,Colombia,Bogota,2020-10-08 13:19:50.128609,279248,7628,
CO-BOL,Colombia,Bolivar,2020-10-08 13:19:50.128609,29986,855,
CO-BOY,Colombia,Boyaca,2020-10-08 13:19:50.128609,8354,203,
CO-CAL,Colombia,Caldas,2020-10-08 13:19:50.128609,6771,184,
CO-CAQ,Colombia,Caqueta,2020-10-08 13:19:50.128609,9110,350,
CO-CAS,Colombia,Casanare,2020-10-08 13:19:50.128609,2746,0,
CO-CAU,Colombia,Cauca,2020-10-08 13:19:50.128609,12959,508,
CO-CES,Colombia,Cesar,2020-10-08 13:19:50.128609,21343,719,
CO-COR,Colombia,Choco,2020-10-08 13:19:50.128609,4045,0,
CO-CUN,Colombia,Cordoba,2020-10-08 13:19:50.128609,24597,0,
CO-CHO,Colombia,Cundinamarca,2020-10-08 13:19:50.128609,35088,1094,
CO-GUA,Colombia,Guainia,2020-10-08 13:19:50.128609,0,0,
CO-GUV,Colombia,Guaviare,2020-10-08 13:19:50.128609,0,0,
CO-HUI,Colombia,Huila,2020-10-08 13:19:50.128609,13313,457,
CO-LAG,Colombia,La Guajira,2020-10-08 13:19:50.128609,8464,348,
CO-MAG,Colombia,Magdalena,2020-10-08 13:19:50.128609,15640,0,
CO-MET,Colombia,Meta,2020-10-08 13:19:50.128609,17484,0,
CO-NAR,Colombia,Narino,2020-10-08 13:19:50.128609,18987,765,
CO-NSA,Colombia,Norte de Santander,2020-10-08 13:19:50.128609,50033,2480,
CO-PUT,Colombia,Putumayo,2020-10-08 13:19:50.128609,3935,0,
CO-QUI,Colombia,Quindio,2020-10-08 13:19:50.128609,4521,127,
CO-RIS,Colombia,Risaralda,2020-10-08 13:19:50.128609,12157,305,
CO-SAP,Colombia,San Andres y Providencia,2020-10-08 13:19:50.128609,1542,0,
CO-SAN,Colombia,Santander,2020-10-08 13:19:50.128609,0,0,
CO-SUC,Colombia,Sucre,2020-10-08 13:19:50.128609,14270,0,
CO-TOL,Colombia,Tolima,2020-10-08 13:19:50.128609,13296,437,
CO-VAC,Colombia,Valle del Cauca,2020-10-08 13:19:50.128609,63657,2412,
CO-VAU,Colombia,Vaupes,2020-10-08 13:19:50.128609,0,0,
CO-VID,Colombia,Vichada,2020-10-08 13:19:50.128609,0,0,
CR-A,Costa Rica,Alajuela,,,,
CR-C,Costa Rica,Cartago,,,,
CR-G,Costa Rica,Guanacaste,,,,
CR-H,Costa Rica,Heredia,,,,
CR-L,Costa Rica,Limon,,,,
CR-P,Costa Rica,Puntarenas,,,,
CR-SJ,Costa Rica,San Jose,,,,
CU-15,Cuba,Artemisa,2020-10-08 13:19:50.128609,0,0,
CU-09,Cuba,Camagüey,2020-10-08 13:19:50.128609,0,0,
CU-08,Cuba,Ciego de Ávila,2020-10-08 13:19:50.128609,675,0,
CU-06,Cuba,Cienfuegos,2020-10-08 13:19:50.128609,0,0,
CU-12,Cuba,Granma,2020-10-08 13:19:50.128609,0,0,
CU-14,Cuba,Guantánamo,2020-10-08 13:19:50.128609,0,0,
CU-11,Cuba,Holguín,2020-10-08 13:19:50.128609,0,0,
CU-99,Cuba,Isla de la Juventud,2020-10-08 13:19:50.128609,0,0,
CU-03,Cuba,La Habana,2020-10-08 13:19:50.128609,3310,0,
CU-10,Cuba,Las Tunas,2020-10-08 13:19:50.128609,0,0,
CU-04,Cuba,Matanzas,2020-10-08 13:19:50.128609,0,0,
CU-16,Cuba,Mayabeque,2020-10-08 13:19:50.128609,0,0,
CU-01,Cuba,Pinar del Río,2020-10-08 13:19:50.128609,118,0,
CU-07,Cuba,Sancti Spíritus,2020-10-08 13:19:50.128609,248,0,
CU-13,Cuba,Santiago de Cuba,2020-10-08 13:19:50.128609,0,0,
CU-05,Cuba,Villa Clara,2020-10-08 13:19:50.128609,0,0,
DO-02,Dominican Republic,Azua,,,,
DO-03,Dominican Republic,Baoruco,,,,
DO-04,Dominican Republic,Barahona,,,,
DO-05,Dominican Republic,Dajabon,,,,
DO-06,Dominican Republic,Distrito Nacional,,,,
DO-08,Dominican Republic,Duarte,,,,
DO-09,Dominican Republic,El Seibo,,,,
DO-30,Dominican Republic,Elias Pina,,,,
DO-10,Dominican Republic,Espaillat,,,,
DO-11,Dominican Republic,Hato Mayor,,,,
DO-07,Dominican Republic,Hermanas Mirabal,,,,
DO-12,Dominican Republic,Independencia,,,,
DO-13,Dominican Republic,La Altagracia,,,,
DO-14,Dominican Republic,La Romana,,,,
DO-28,Dominican Republic,La Vega,,,,
DO-15,Dominican Republic,Maria Trinidad Sanchez,,,,
DO-29,Dominican Republic,Monsenor Nouel,,,,
DO-16,Dominican Republic,Monte Cristi,,,,
DO-17,Dominican Republic,Monte Plata,,,,
DO-18,Dominican Republic,Pedernales,,,,
DO-19,Dominican Republic,Peravia,,,,
DO-20,Dominican Republic,Puerto Plata,,,,
DO-21,Dominican Republic,Samana,,,,
DO-31,Dominican Republic,San Cristobal,,,,
DO-22,Dominican Republic,San Jose de Ocoa,,,,
DO-23,Dominican Republic,San Juan,,,,
DO-24,Dominican Republic,San Pedro de Macoris,,,,
DO-25,Dominican Republic,Sanchez Ramirez,,,,
DO-26,Dominican Republic,Santiago,,,,
DO-32,Dominican Republic,Santiago Rodriguez,,,,
DO-01,Dominican Republic,Santo Domingo,,,,
DO-27,Dominican Republic,Valverde,,,,
EC-A,Ecuador,Azuay,2020-10-08 13:19:50.128609,65,1,
EC-B,Ecuador,Bolivar,2020-10-08 13:19:50.128609,5,0,
EC-F,Ecuador,Canar,2020-10-08 13:19:50.128609,2,0,
EC-C,Ecuador,Carchi,2020-10-08 13:19:50.128609,5,0,
EC-H,Ecuador,Chimborazo,2020-10-08 13:19:50.128609,4,0,
EC-X,Ecuador,Cotopaxi,2020-10-08 13:19:50.128609,23,0,
EC-O,Ecuador,El Oro,2020-10-08 13:19:50.128609,27,1,
EC-E,Ecuador,Esmeraldas,2020-10-08 13:19:50.128609,5,0,
EC-W,Ecuador,Galapagos,2020-10-08 13:19:50.128609,33,0,
EC-G,Ecuador,Guayas,2020-10-08 13:19:50.128609,6,2,
EC-I,Ecuador,Imbabura,2020-10-08 13:19:50.128609,37,15,
EC-L,Ecuador,Loja,2020-10-08 13:19:50.128609,5,0,
EC-R,Ecuador,Los Rios,2020-10-08 13:19:50.128609,10,0,
EC-M,Ecuador,Manabi,2020-10-08 13:19:50.128609,427,45,
EC-S,Ecuador,Morona Santiago,2020-10-08 13:19:50.128609,16,0,
EC-N,Ecuador,Napo,2020-10-08 13:19:50.128609,0,0,
EC-D,Ecuador,Orellana,2020-10-08 13:19:50.128609,10,0,
EC-Y,Ecuador,Pastaza,2020-10-08 13:19:50.128609,1,0,
EC-P,Ecuador,Pichincha,2020-10-08 13:19:50.128609,3,0,
EC-SE,Ecuador,Santa Elena,2020-10-08 13:19:50.128609,9,0,
EC-SD,Ecuador,Santo Domingo de los Tsachilas,2020-10-08 13:19:50.128609,0,0,
EC-U,Ecuador,Sucumbios,2020-10-08 13:19:50.128609,14,0,
EC-T,Ecuador,Tungurahua,2020-10-08 13:19:50.128609,4,0,
EC-Z,Ecuador,Zamora-Chinchipe,2020-10-08 13:19:50.128609,6,0,
SV-AH,El Salvador,Ahuachapan,,,,
SV-CA,El Salvador,Cabanas,,,,
SV-CH,El Salvador,Chalatenango,,,,
SV-CU,El Salvador,Cuscatlan,,,,
SV-LI,El Salvador,La Libertad,,,,
SV-PA,El Salvador,La Paz,,,,
SV-UN,El Salvador,La Unión,,,,
SV-MO,El Salvador,Morazan,,,,
SV-SM,El Salvador,San Miguel,,,,
SV-SS,El Salvador,San Salvador,,,,
SV-SV,El Salvador,San Vicente,,,,
SV-SA,El Salvador,Santa Ana,,,,
SV-SO,El Salvador,Sonsonate,,,,
SV-US,El Salvador,Usulutan,,,,
FR-GP,France,Guadeloupe,,,,
FR-GF,France,Guyane,,,,
FR-MQ,France,Martinique,,,,
FR-BL,France,Saint-Barthélemy,,,,
FR-MF,France,Saint-Martin,,,,
FR-PM,France,Saint-Pierre-et-Miquelon,,,,
GT-AV,Guatemala,Alta Verapaz,,,,
GT-BV,Guatemala,Baja Verapaz,,,,
GT-CM,Guatemala,Chimaltenango,,,,
GT-CQ,Guatemala,Chiquimula,,,,
GT-PR,Guatemala,El Progreso,,,,
GT-ES,Guatemala,Escuintla,,,,
GT-GU,Guatemala,Guatemala,,,,
GT-HU,Guatemala,Huehuetenango,,,,
GT-IZ,Guatemala,Izabal,,,,
GT-JA,Guatemala,Jalapa,,,,
GT-JU,Guatemala,Jutiapa,,,,
GT-PE,Guatemala,Petén,,,,
GT-QZ,Guatemala,Quetzaltenango,,,,
GT-QC,Guatemala,Quiché,,,,
GT-RE,Guatemala,Retalhuleu,,,,
GT-SA,Guatemala,Sacatepéquez,,,,
GT-SM,Guatemala,San Marcos,,,,
GT-SR,Guatemala,Santa Rosa,,,,
GT-SO,Guatemala,Sololá,,,,
GT-SU,Guatemala,Suchitepéquez,,,,
GT-TO,Guatemala,Totonicapán,,,,
GT-ZA,Guatemala,Zacapa,,,,
HT-AR,Haiti,Artibonite,,,,
HT-CE,Haiti,Centre,,,,
HT-GA,Haiti,Grande’Anse,,,,
HT-NI,Haiti,Nippes,,,,
HT-ND,Haiti,Nord,,,,
HT-NE,Haiti,Nord-Est,,,,
HT-NO,Haiti,Nord-Ouest,,,,
HT-OU,Haiti,Ouest,,,,
HT-SD,Haiti,Sud,,,,
HT-SE,Haiti,Sud-Est,,,,
HN-AT,Honduras,Atlantida,2020-10-07T14:00:33,5497,152,1766
HN-CH,Honduras,Choluteca,2020-10-07T14:00:33,2419,58,1164
HN-CL,Honduras,Colon,2020-10-07T14:00:33,3159,97,853
HN-CM,Honduras,Comayagua,2020-10-07T14:00:33,2146,100,1006
HN-CP,Honduras,Copan,2020-10-07T14:00:33,1653,66,889
HN-CR,Honduras,Cortes,2020-10-07T14:00:33,24073,786,10164
HN-EP,Honduras,El Paraiso,2020-10-07T14:00:33,2898,92,2184
HN-FM,Honduras,Francisco Morazan,2020-10-07T14:00:33,20959,632,4101
HN-GD,Honduras,Gracias a Dios,2020-10-07T14:00:33,767,21,397
HN-IN,Honduras,Intibuca,2020-10-07T14:00:33,1154,22,568
HN-IB,Honduras,Islas de la Bahia,2020-10-07T14:00:33,1572,26,363
HN-LP,Honduras,La Paz,2020-10-07T14:00:33,1610,44,1189
HN-LE,Honduras,Lempira,2020-10-07T14:00:33,536,22,361
HN-OC,Honduras,Ocotepeque,2020-10-07T14:00:33,828,17,543
HN-OL,Honduras,Olancho,2020-10-07T14:00:33,1927,116,815
HN-SB,Honduras,Santa Barbara,2020-10-07T14:00:33,2222,73,1170
HN-VA,Honduras,Valle,2020-10-07T14:00:33,1931,34,423
HN-YO,Honduras,Yoro,2020-10-07T14:00:33,5311,89,2109
MX-AGU,Mexico,Aguascalientes,2020-10-08T00:52:30,7682,685,
MX-BCN,Mexico,Baja California,2020-10-08T00:52:30,19729,3580,
MX-BCS,Mexico,Baja California Sur,2020-10-08T00:52:30,10662,489,
MX-CAM,Mexico,Campeche,2020-10-08T00:52:30,6165,834,
MX-CHP,Mexico,Chiapas,2020-10-08T00:52:30,6254,1021,
MX-CHH,Mexico,Chihuahua,2020-10-08T00:52:30,11918,1428,
MX-CMX,Mexico,Ciudad de Mexico,2020-10-08T00:52:30,157362,12360,
MX-COA,Mexico,Coahuila,2020-10-08T00:52:30,27543,1960,
MX-COL,Mexico,Colima,2020-10-08T00:52:30,5331,602,
MX-DUR,Mexico,Durango,2020-10-08T00:52:30,9480,664,
MX-GUA,Mexico,Guanajuato,2020-10-08T00:52:30,42200,2994,
MX-GRO,Mexico,Guerrero,2020-10-08T00:52:30,19493,1922,
MX-HID,Mexico,Hidalgo,2020-10-08T00:52:30,12756,2035,
MX-JAL,Mexico,Jalisco,2020-10-08T00:52:30,28319,3419,
MX-MIC,Mexico,Michoacan,2020-10-08T00:52:30,21461,1712,
MX-MOR,Mexico,Morelos,2020-10-08T00:52:30,5735,1109,
MX-MEX,Mexico,Mexico,2020-10-08T00:52:30,59624,9580,
MX-NAY,Mexico,Nayarit,2020-10-08T00:52:30,6044,766,
MX-NLE,Mexico,Nuevo Leon,2020-10-08T00:52:30,42472,3220,
MX-OAX,Mexico,Oaxaca,2020-10-08T00:52:30,17468,1444,
MX-PUE,Mexico,Puebla,2020-10-08T00:52:30,32765,4156,
MX-QUE,Mexico,Queretaro,2020-10-08T00:52:30,9890,1031,
MX-ROO,Mexico,Quintana Roo,2020-10-08T00:52:30,12055,1676,
MX-SLP,Mexico,San Luis Potosi,2020-10-08T00:52:30,23885,1748,
MX-SIN,Mexico,Sinaloa,2020-10-08T00:52:30,19239,3282,
MX-SON,Mexico,Sonora,2020-10-08T00:52:30,25210,2955,
MX-TAB,Mexico,Tabasco,2020-10-08T00:52:30,32592,2852,
MX-TAM,Mexico,Tamaulipas,2020-10-08T00:52:30,29364,2377,
MX-TLA,Mexico,Tlaxcala,2020-10-08T00:52:30,6633,1040,
MX-VER,Mexico,Veracruz,2020-10-08T00:52:30,33527,4374,
MX-YUC,Mexico,Yucatan,2020-10-08T00:52:30,18914,1641,
MX-ZAC,Mexico,Zacatecas,2020-10-08T00:52:30,7786,758,
NI-BO,Nicaragua,Boaco,,,,
NI-CA,Nicaragua,Carazo,,,,
NI-CI,Nicaragua,Chinandega,,,,
NI-CO,Nicaragua,Chontales,,,,
NI-ES,Nicaragua,Estelí,,,,
NI-GR,Nicaragua,Granada,,,,
NI-JI,Nicaragua,Jinotega,,,,
NI-LE,Nicaragua,León,,,,
NI-MD,Nicaragua,Madriz,,,,
NI-MN,Nicaragua,Managua,,,,
NI-MS,Nicaragua,Masaya,,,,
NI-MT,Nicaragua,Matagalpa,,,,
NI-AN,Nicaragua,NCCAR,,,,
NI-NS,Nicaragua,Nueva Segovia,,,,
NI-RI,Nicaragua,Rio San Juan,,,,
NI-SJ,Nicaragua,Rivas,,,,
NI-AS,Nicaragua,SCCAR,,,,
PA-1,Panama,Bocas del Toro,,,,
PA-4,Panama,Chiriqui,,,,
PA-2,Panama,Cocle,,,,
PA-3,Panama,Colon,,,,
PA-5,Panama,Darien,,,,
PA-EM,Panama,Embera,,,,
PA-KY,Panama,Guna Yala,,,,
PA-6,Panama,Herrera,,,,
PA-7,Panama,Los Santos,,,,
PA-NB,Panama,Ngabe-Bugle,,,,
PA-8,Panama,Panama,,,,
PA-10,Panama,Panama Oeste,,,,
PA-9,Panama,Veraguas,,,,
PY-16,Paraguay,Alto Paraguay,,,,
PY-10,Paraguay,Alto Parana,,,,
PY-13,Paraguay,Amambay,,,,
PY-19,Paraguay,Boqueron,,,,
PY-5,Paraguay,Caaguazu,,,,
PY-6,Paraguay,Caazapa,,,,
PY-14,Paraguay,Canindeyu,,,,
PY-11,Paraguay,Central,,,,
PY-1,Paraguay,Concepcion,,,,
PY-3,Paraguay,Cordillera,,,,
PY-ASU,Paraguay,Distrito Capital,,,,
PY-4,Paraguay,Guaira,,,,
PY-7,Paraguay,Itapua,,,,
PY-8,Paraguay,Misiones,,,,
PY-12,Paraguay,Neembucu,,,,
PY-9,Paraguay,Paraguari,,,,
PY-15,Paraguay,Presidente Hayes,,,,
PY-2,Paraguay,San Pedro,,,,
PE-AMA,Peru,Amazonas,2020-10-08 13:19:50.128609,15376,215,
PE-ANC,Peru,Ancash,2020-10-08 13:19:50.128609,23351,1310,
PE-APU,Peru,Apurimac,2020-10-08 13:19:50.128609,4947,95,
PE-ARE,Peru,Arequipa,2020-10-08 13:19:50.128609,42439,1380,
PE-AYA,Peru,Ayacucho,2020-10-08 13:19:50.128609,11841,306,
PE-CAJ,Peru,Cajamarca,2020-10-08 13:19:50.128609,20367,484,
PE-CAL,Peru,Callao,2020-10-08 13:19:50.128609,33832,1773,
PE-CUS,Peru,Cusco,2020-10-08 13:19:50.128609,20864,429,
PE-HUV,Peru,Huancavelica,2020-10-08 13:19:50.128609,6852,113,
PE-HUC,Peru,Huanuco,2020-10-08 13:19:50.128609,16290,386,
PE-ICA,Peru,Ica,2020-10-08 13:19:50.128609,28188,1619,
PE-JUN,Peru,Junin,2020-10-08 13:19:50.128609,20363,777,
PE-LAL,Peru,La Libertad,2020-10-08 13:19:50.128609,29694,2223,
PE-LAM,Peru,Lambayeque,2020-10-08 13:19:50.128609,26674,1702,
PE-LIM,Peru,Lima,2020-10-08 13:19:50.128609,379347,14804,
PE-LOR,Peru,Loreto,2020-10-08 13:19:50.128609,19674,954,
PE-MDD,Peru,Madre de dios,2020-10-08 13:19:50.128609,8307,139,
PE-MOQ,Peru,Moquegua,2020-10-08 13:19:50.128609,13440,269,
PE-PAS,Peru,Pasco,2020-10-08 13:19:50.128609,5215,110,
PE-PIU,Peru,Piura,2020-10-08 13:19:50.128609,35927,1975,
PE-PUN,Peru,Puno,2020-10-08 13:19:50.128609,15427,304,
PE-SAM,Peru,San Martin,2020-10-08 13:19:50.128609,18483,706,
PE-TAC,Peru,Tacna,2020-10-08 13:19:50.128609,12172,218,
PE-TUM,Peru,Tumbes,2020-10-08 13:19:50.128609,7494,303,
PE-UCA,Peru,Ucayali,2020-10-08 13:19:50.128609,16365,320,
US-PR,United States,Puerto Rico,,,,
UY-AR,Uruguay,Artigas,,,,
UY-CA,Uruguay,Canelones,,,,
UY-CL,Uruguay,Cerro Largo,,,,
UY-CO,Uruguay,Colonia,,,,
UY-DU,Uruguay,Durazno,,,,
UY-FS,Uruguay,Flores,,,,
UY-FD,Uruguay,Florida,,,,
UY-LA,Uruguay,Lavalleja,,,,
UY-MA,Uruguay,Maldonado,,,,
UY-MO,Uruguay,Montevideo,,,,
UY-PA,Uruguay,Paysandu,,,,
UY-RN,Uruguay,Rio Negro,,,,
UY-RV,Uruguay,Rivera,,,,
UY-RO,Uruguay,Rocha,,,,
UY-SA,Uruguay,Salto,,,,
UY-SJ,Uruguay,San Jose,,,,
UY-SO,Uruguay,Soriano,,,,
UY-TA,Uruguay,Tacuarembo,,,,
UY-TT,Uruguay,Treinta y Tres,,,,
VE-Z,Venezuela,Amazonas,,,,
VE-B,Venezuela,Anzoategui,,,,
VE-C,Venezuela,Apure,,,,
VE-D,Venezuela,Aragua,,,,
VE-E,Venezuela,Barinas,,,,
VE-F,Venezuela,Bolivar,,,,
VE-G,Venezuela,Carabobo,,,,
VE-A,Venezuela,Caracas Distrito Capital,,,,
VE-H,Venezuela,Cojedes,,,,
VE-Y,Venezuela,Delta Amacuro,,,,
VE-W,Venezuela,Dependencias Federales,,,,
VE-I,Venezuela,Falcon,,,,
VE-J,Venezuela,Guarico,,,,
VE-K,Venezuela,Lara,,,,
VE-L,Venezuela,Merida,,,,
VE-M,Venezuela,Miranda,,,,
VE-N,Venezuela,Monagas,,,,
VE-O,Venezuela,Nueva Esparta,,,,
VE-P,Venezuela,Portuguesa,,,,
VE-R,Venezuela,Sucre,,,,
VE-S,Venezuela,Tachira,,,,
VE-T,Venezuela,Trujillo,,,,
VE-X,Venezuela,Vargas,,,,
VE-U,Venezuela,Yaracuy,,,,
VE-V,Venezuela,Zulia,,,,
