ISO 3166-2 Code,Country,Subdivision,Last Update,Confirmed,Deaths,Recovered
AR-B,Argentina,Buenos Aires,2020-06-15 22:20:32.763124,79447,1204,
AR-K,Argentina,Catamarca,2020-06-15 22:20:32.763124,471,0,
AR-H,Argentina,Chaco,2020-06-15 22:20:32.763124,8098,144,
AR-U,Argentina,Chubut,2020-06-15 22:20:32.763124,613,0,
AR-C,Argentina,Ciudad Autonoma de Buenos Aires,2020-06-15 22:20:32.763124,47399,659,
AR-X,Argentina,Cordoba,2020-06-15 22:20:32.763124,15970,56,
AR-W,Argentina,Corrientes,2020-06-15 22:20:32.763124,2880,0,
AR-E,Argentina,Entre Rios,2020-06-15 22:20:32.763124,1559,0,
AR-P,Argentina,Formosa,2020-06-15 22:20:32.763124,730,0,
AR-Y,Argentina,Jujuy,2020-06-15 22:20:32.763124,2228,1,
AR-L,Argentina,La Pampa,2020-06-15 22:20:32.763124,278,0,
AR-F,Argentina,La Rioja,2020-06-15 22:20:32.763124,1438,0,
AR-M,Argentina,Mendoza,2020-06-15 22:20:32.763124,2172,0,
AR-N,Argentina,Misiones,2020-06-15 22:20:32.763124,1192,0,
AR-Q,Argentina,Neuquen,2020-06-15 22:20:32.763124,1730,14,
AR-R,Argentina,Rio Negro,2020-06-15 22:20:32.763124,2824,44,
AR-A,Argentina,Salta,2020-06-15 22:20:32.763124,758,0,
AR-J,Argentina,San Juan,2020-06-15 22:20:32.763124,699,0,
AR-D,Argentina,San Luis,2020-06-15 22:20:32.763124,412,0,
AR-Z,Argentina,Santa Cruz,2020-06-15 22:20:32.763124,535,0,
AR-S,Argentina,Santa Fe,2020-06-15 22:20:32.763124,10734,0,
AR-G,Argentina,Santiago del Estero,2020-06-15 22:20:32.763124,2086,0,
AR-V,Argentina,Tierra del Fuego,2020-06-15 22:20:32.763124,1545,0,
AR-T,Argentina,Tucuman,2020-06-15 22:20:32.763124,5652,0,
BO-B,Bolivia,Beni,2020-06-15 22:20:32.763124,2927,139,
BO-H,Bolivia,Chuquisaca,2020-06-15 22:20:32.763124,85,3,
BO-C,Bolivia,Cochabamba,2020-06-15 22:20:32.763124,1441,66,
BO-L,Bolivia,La Paz,2020-06-15 22:20:32.763124,983,43,
BO-O,Bolivia,Oruro,2020-06-15 22:20:32.763124,358,24,
BO-N,Bolivia,Pando,2020-06-15 22:20:32.763124,238,6,
BO-P,Bolivia,Potosi,2020-06-15 22:20:32.763124,274,8,
BO-S,Bolivia,Santa Cruz,2020-06-15 22:20:32.763124,10536,265,
BO-T,Bolivia,Tarija,2020-06-15 22:20:32.763124,87,5,
BR-AC,Brazil,Acre,2020-06-15 22:20:32.763124,9295,254,
BR-AL,Brazil,Alagoas,2020-06-15 22:20:32.763124,20031,701,
BR-AP,Brazil,Amapa,2020-06-15 22:20:32.763124,15683,312,
BR-AM,Brazil,Amazonas,2020-06-15 22:20:32.763124,55111,2429,
BR-BA,Brazil,Bahia,2020-06-15 22:20:32.763124,34665,1039,
BR-CE,Brazil,Ceara,2020-06-15 22:20:32.763124,75705,4788,
BR-DF,Brazil,Distrito Federal,2020-06-15 22:20:32.763124,21396,282,
BR-ES,Brazil,Espiritu Santo,2020-06-15 22:20:32.763124,25257,986,
BR-GO,Brazil,Goias,2020-06-15 22:20:32.763124,7846,194,
BR-MA,Brazil,Maranhao,2020-06-15 22:20:32.763124,57605,1399,
BR-MT,Brazil,Mato Grosso,2020-06-15 22:20:32.763124,5363,175,
BR-MS,Brazil,Mato Grosso do Sul,2020-06-15 22:20:32.763124,3001,28,
BR-MG,Brazil,Minas Gerais,2020-06-15 22:20:32.763124,20106,446,
BR-PA,Brazil,Para,2020-06-15 22:20:32.763124,66328,4132,
BR-PB,Brazil,Paraiba,2020-06-15 22:20:32.763124,26556,610,
BR-PR,Brazil,Parana,2020-06-15 22:20:32.763124,8705,294,
BR-PE,Brazil,Pernambuco,2020-06-15 22:20:32.763124,43872,3694,
BR-PI,Brazil,Piaui,2020-06-15 22:20:32.763124,9337,317,
BR-RJ,Brazil,Rio de Janeiro,2020-06-15 22:20:32.763124,77784,7417,
BR-RN,Brazil,Rio Grande do Norte,2020-06-15 22:20:32.763124,13501,514,
BR-RS,Brazil,Rio Grande do Sul,2020-06-15 22:20:32.763124,14384,337,
BR-RO,Brazil,Rondonia,2020-06-15 22:20:32.763124,11224,296,
BR-RR,Brazil,Roraima,2020-06-15 22:20:32.763124,6712,192,
BR-SC,Brazil,Santa Catarina,2020-06-15 22:20:32.763124,13165,191,
BR-SP,Brazil,Sao Paulo,2020-06-15 22:20:32.763124,167900,10368,
BR-SE,Brazil,Sergipe,2020-06-15 22:20:32.763124,11534,305,
BR-TO,Brazil,Tocantins,2020-06-15 22:20:32.763124,6744,128,
CL-AN,Chile,Antofagasta,2020-06-12T17:21:03,3885,65,
CL-AR,Chile,Araucania,2020-06-12T17:21:03,2579,35,
CL-AP,Chile,Arica y Parinacota,2020-06-12T17:21:03,1011,10,
CL-AT,Chile,Atacama,2020-06-12T17:21:03,413,0,
CL-AI,Chile,Aysen,2020-06-12T17:21:03,22,0,
CL-BI,Chile,Biobio,2020-06-12T17:21:03,3103,14,
CL-CO,Chile,Coquimbo,2020-06-12T17:21:03,1438,7,
CL-LL,Chile,Los Lagos,2020-06-12T17:21:03,1083,12,
CL-LR,Chile,Los Rios,2020-06-12T17:21:03,479,9,
CL-MA,Chile,Magallanes,2020-06-12T17:21:03,1107,15,
CL-ML,Chile,Maule,2020-06-12T17:21:03,2691,19,
CL-NB,Chile,Nuble,2020-06-12T17:21:03,1718,20,
CL-LI,Chile,O'Higgins,2020-06-12T17:21:03,1629,30,
CL-RM,Chile,Santiago,2020-06-12T17:21:03,129694,2468,
CL-TA,Chile,Tarapaca,2020-06-12T17:21:03,3823,48,
CL-VS,Chile,Valparaiso,2020-06-12T17:21:03,6171,118,
CO-AMA,Colombia,Amazonas,2020-06-15 22:20:32.763124,2091,78,
CO-ANT,Colombia,Antioquia,2020-06-15 22:20:32.763124,1781,0,
CO-ARA,Colombia,Arauca,2020-06-15 22:20:32.763124,3,0,
CO-ATL,Colombia,Atlantico,2020-06-15 22:20:32.763124,8598,410,
CO-DC,Colombia,Bogota,2020-06-15 22:20:32.763124,14939,393,
CO-BOL,Colombia,Bolivar,2020-06-15 22:20:32.763124,4754,212,
CO-BOY,Colombia,Boyaca,2020-06-15 22:20:32.763124,0,0,
CO-CAL,Colombia,Caldas,2020-06-15 22:20:32.763124,191,0,
CO-CAQ,Colombia,Caqueta,2020-06-15 22:20:32.763124,0,0,
CO-CAS,Colombia,Casanare,2020-06-15 22:20:32.763124,37,0,
CO-CAU,Colombia,Cauca,2020-06-15 22:20:32.763124,1074,0,
CO-CES,Colombia,Cesar,2020-06-15 22:20:32.763124,504,17,
CO-COR,Colombia,Choco,2020-06-15 22:20:32.763124,583,0,
CO-CUN,Colombia,Cordoba,2020-06-15 22:20:32.763124,247,15,
CO-CHO,Colombia,Cundinamarca,2020-06-15 22:20:32.763124,1577,43,
CO-GUA,Colombia,Guainia,2020-06-15 22:20:32.763124,0,0,
CO-GUV,Colombia,Guaviare,2020-06-15 22:20:32.763124,0,0,
CO-HUI,Colombia,Huila,2020-06-15 22:20:32.763124,0,0,
CO-LAG,Colombia,La Guajira,2020-06-15 22:20:32.763124,0,0,
CO-MAG,Colombia,Magdalena,2020-06-15 22:20:32.763124,851,63,
CO-MET,Colombia,Meta,2020-06-15 22:20:32.763124,1010,0,
CO-NAR,Colombia,Narino,2020-06-15 22:20:32.763124,2057,0,
CO-NSA,Colombia,Norte de Santander,2020-06-15 22:20:32.763124,359,0,
CO-PUT,Colombia,Putumayo,2020-06-15 22:20:32.763124,0,0,
CO-QUI,Colombia,Quindio,2020-06-15 22:20:32.763124,124,0,
CO-RIS,Colombia,Risaralda,2020-06-15 22:20:32.763124,308,0,
CO-SAP,Colombia,San Andres y Providencia,2020-06-15 22:20:32.763124,18,0,
CO-SAN,Colombia,Santander,2020-06-15 22:20:32.763124,0,0,
CO-SUC,Colombia,Sucre,2020-06-15 22:20:32.763124,196,11,
CO-TOL,Colombia,Tolima,2020-06-15 22:20:32.763124,342,0,
CO-VAC,Colombia,Valle del Cauca,2020-06-15 22:20:32.763124,4538,202,
CO-VAU,Colombia,Vaupes,2020-06-15 22:20:32.763124,0,0,
CO-VID,Colombia,Vichada,2020-06-15 22:20:32.763124,0,0,
CR-A,Costa Rica,Alajuela,2020-06-15 22:20:32.763124,526,0,
CR-C,Costa Rica,Cartago,2020-06-15 22:20:32.763124,78,0,
CR-G,Costa Rica,Guanacaste,2020-06-15 22:20:32.763124,118,0,
CR-H,Costa Rica,Heredia,2020-06-15 22:20:32.763124,167,0,
CR-L,Costa Rica,Limon,2020-06-15 22:20:32.763124,68,0,
CR-P,Costa Rica,Puntarenas,2020-06-15 22:20:32.763124,81,0,
CR-SJ,Costa Rica,San Jose,2020-06-15 22:20:32.763124,560,0,
CU-15,Cuba,Artemisa,2020-06-15 22:20:32.763124,0,0,
CU-09,Cuba,Camagüey,2020-06-15 22:20:32.763124,0,0,
CU-08,Cuba,Ciego de Ávila,2020-06-15 22:20:32.763124,0,0,
CU-06,Cuba,Cienfuegos,2020-06-15 22:20:32.763124,0,0,
CU-12,Cuba,Granma,2020-06-15 22:20:32.763124,0,0,
CU-14,Cuba,Guantánamo,2020-06-15 22:20:32.763124,0,0,
CU-11,Cuba,Holguín,2020-06-15 22:20:32.763124,0,0,
CU-99,Cuba,Isla de la Juventud,2020-06-15 22:20:32.763124,0,0,
CU-03,Cuba,La Habana,2020-06-15 22:20:32.763124,1201,0,
CU-10,Cuba,Las Tunas,2020-06-15 22:20:32.763124,0,0,
CU-04,Cuba,Matanzas,2020-06-15 22:20:32.763124,206,0,
CU-16,Cuba,Mayabeque,2020-06-15 22:20:32.763124,0,0,
CU-01,Cuba,Pinar del Río,2020-06-15 22:20:32.763124,0,0,
CU-07,Cuba,Sancti Spíritus,2020-06-15 22:20:32.763124,0,0,
CU-13,Cuba,Santiago de Cuba,2020-06-15 22:20:32.763124,0,0,
CU-05,Cuba,Villa Clara,2020-06-15 22:20:32.763124,0,0,
DO-02,Dominican Republic,Azua,,,,
DO-03,Dominican Republic,Baoruco,,,,
DO-04,Dominican Republic,Barahona,,,,
DO-05,Dominican Republic,Dajabon,,,,
DO-06,Dominican Republic,Distrito Nacional,,,,
DO-08,Dominican Republic,Duarte,,,,
DO-09,Dominican Republic,El Seibo,,,,
DO-30,Dominican Republic,Elias Pina,,,,
DO-10,Dominican Republic,Espaillat,,,,
DO-11,Dominican Republic,Hato Mayor,,,,
DO-07,Dominican Republic,Hermanas Mirabal,,,,
DO-12,Dominican Republic,Independencia,,,,
DO-13,Dominican Republic,La Altagracia,,,,
DO-14,Dominican Republic,La Romana,,,,
DO-28,Dominican Republic,La Vega,,,,
DO-15,Dominican Republic,Maria Trinidad Sanchez,,,,
DO-29,Dominican Republic,Monsenor Nouel,,,,
DO-16,Dominican Republic,Monte Cristi,,,,
DO-17,Dominican Republic,Monte Plata,,,,
DO-18,Dominican Republic,Pedernales,,,,
DO-19,Dominican Republic,Peravia,,,,
DO-20,Dominican Republic,Puerto Plata,,,,
DO-21,Dominican Republic,Samana,,,,
DO-31,Dominican Republic,San Cristobal,,,,
DO-22,Dominican Republic,San Jose de Ocoa,,,,
DO-23,Dominican Republic,San Juan,,,,
DO-24,Dominican Republic,San Pedro de Macoris,,,,
DO-25,Dominican Republic,Sanchez Ramirez,,,,
DO-26,Dominican Republic,Santiago,,,,
DO-32,Dominican Republic,Santiago Rodriguez,,,,
DO-01,Dominican Republic,Santo Domingo,,,,
DO-27,Dominican Republic,Valverde,,,,
EC-A,Ecuador,Azuay,2020-06-15 22:20:32.763124,1192,41,
EC-B,Ecuador,Bolivar,2020-06-15 22:20:32.763124,438,31,
EC-F,Ecuador,Canar,2020-06-15 22:20:32.763124,389,35,
EC-C,Ecuador,Carchi,2020-06-15 22:20:32.763124,388,7,
EC-H,Ecuador,Chimborazo,2020-06-15 22:20:32.763124,1374,101,
EC-X,Ecuador,Cotopaxi,2020-06-15 22:20:32.763124,198,12,
EC-O,Ecuador,El Oro,2020-06-15 22:20:32.763124,14615,1488,
EC-E,Ecuador,Esmeraldas,2020-06-15 22:20:32.763124,535,125,
EC-W,Ecuador,Galapagos,2020-06-15 22:20:32.763124,320,18,
EC-G,Ecuador,Guayas,2020-06-15 22:20:32.763124,549,34,
EC-I,Ecuador,Imbabura,2020-06-15 22:20:32.763124,3209,513,
EC-L,Ecuador,Loja,2020-06-15 22:20:32.763124,361,29,
EC-R,Ecuador,Los Rios,2020-06-15 22:20:32.763124,1442,218,
EC-M,Ecuador,Manabi,2020-06-15 22:20:32.763124,5060,377,
EC-S,Ecuador,Morona Santiago,2020-06-15 22:20:32.763124,1919,239,
EC-N,Ecuador,Napo,2020-06-15 22:20:32.763124,259,8,
EC-D,Ecuador,Orellana,2020-06-15 22:20:32.763124,1314,94,
EC-Y,Ecuador,Pastaza,2020-06-15 22:20:32.763124,854,289,
EC-P,Ecuador,Pichincha,2020-06-15 22:20:32.763124,677,80,
EC-SE,Ecuador,Santa Elena,2020-06-15 22:20:32.763124,226,8,
EC-SD,Ecuador,Santo Domingo de los Tsachilas,2020-06-15 22:20:32.763124,76,1,
EC-U,Ecuador,Sucumbios,2020-06-15 22:20:32.763124,704,66,
EC-T,Ecuador,Tungurahua,2020-06-15 22:20:32.763124,380,7,
EC-Z,Ecuador,Zamora-Chinchipe,2020-06-15 22:20:32.763124,343,7,
SV-AH,El Salvador,Ahuachapan,,,,
SV-CA,El Salvador,Cabanas,,,,
SV-CH,El Salvador,Chalatenango,,,,
SV-CU,El Salvador,Cuscatlan,,,,
SV-LI,El Salvador,La Libertad,,,,
SV-PA,El Salvador,La Paz,,,,
SV-UN,El Salvador,La Unión,,,,
SV-MO,El Salvador,Morazan,,,,
SV-SM,El Salvador,San Miguel,,,,
SV-SS,El Salvador,San Salvador,,,,
SV-SV,El Salvador,San Vicente,,,,
SV-SA,El Salvador,Santa Ana,,,,
SV-SO,El Salvador,Sonsonate,,,,
SV-US,El Salvador,Usulutan,,,,
FR-GP,France,Guadeloupe,,,,
FR-GF,France,Guyane,,,,
FR-MQ,France,Martinique,,,,
FR-BL,France,Saint-Barthélemy,,,,
FR-MF,France,Saint-Martin,,,,
FR-PM,France,Saint-Pierre-et-Miquelon,,,,
GT-AV,Guatemala,Alta Verapaz,,,,
GT-BV,Guatemala,Baja Verapaz,,,,
GT-CM,Guatemala,Chimaltenango,,,,
GT-CQ,Guatemala,Chiquimula,,,,
GT-PR,Guatemala,El Progreso,,,,
GT-ES,Guatemala,Escuintla,,,,
GT-GU,Guatemala,Guatemala,,,,
GT-HU,Guatemala,Huehuetenango,,,,
GT-IZ,Guatemala,Izabal,,,,
GT-JA,Guatemala,Jalapa,,,,
GT-JU,Guatemala,Jutiapa,,,,
GT-PE,Guatemala,Petén,,,,
GT-QZ,Guatemala,Quetzaltenango,,,,
GT-QC,Guatemala,Quiché,,,,
GT-RE,Guatemala,Retalhuleu,,,,
GT-SA,Guatemala,Sacatepéquez,,,,
GT-SM,Guatemala,San Marcos,,,,
GT-SR,Guatemala,Santa Rosa,,,,
GT-SO,Guatemala,Sololá,,,,
GT-SU,Guatemala,Suchitepéquez,,,,
GT-TO,Guatemala,Totonicapán,,,,
GT-ZA,Guatemala,Zacapa,,,,
HT-AR,Haiti,Artibonite,,,,
HT-CE,Haiti,Centre,,,,
HT-GA,Haiti,Grande’Anse,,,,
HT-NI,Haiti,Nippes,,,,
HT-ND,Haiti,Nord,,,,
HT-NE,Haiti,Nord-Est,,,,
HT-NO,Haiti,Nord-Ouest,,,,
HT-OU,Haiti,Ouest,,,,
HT-SD,Haiti,Sud,,,,
HT-SE,Haiti,Sud-Est,,,,
HN-AT,Honduras,Atlantida,2020-06-13T14:35:02,223,9,44
HN-CH,Honduras,Choluteca,2020-06-13T14:35:02,183,3,22
HN-CL,Honduras,Colon,2020-06-13T14:35:02,50,4,19
HN-CM,Honduras,Comayagua,2020-06-13T14:35:02,75,4,5
HN-CP,Honduras,Copan,2020-06-13T14:35:02,32,0,4
HN-CR,Honduras,Cortes,2020-06-13T14:35:02,4885,209,460
HN-EP,Honduras,El Paraiso,2020-06-13T14:35:02,55,1,1
HN-FM,Honduras,Francisco Morazan,2020-06-13T14:35:02,2008,56,141
HN-GD,Honduras,Gracias a Dios,2020-06-13T14:35:02,0,0,0
HN-IN,Honduras,Intibuca,2020-06-13T14:35:02,20,1,9
HN-IB,Honduras,Islas de la Bahia,2020-06-13T14:35:02,12,0,0
HN-LP,Honduras,La Paz,2020-06-13T14:35:02,42,0,3
HN-LE,Honduras,Lempira,2020-06-13T14:35:02,16,1,5
HN-OC,Honduras,Ocotepeque,2020-06-13T14:35:02,16,1,2
HN-OL,Honduras,Olancho,2020-06-13T14:35:02,25,0,4
HN-SB,Honduras,Santa Barbara,2020-06-13T14:35:02,92,5,9
HN-VA,Honduras,Valle,2020-06-13T14:35:02,87,2,13
HN-YO,Honduras,Yoro,2020-06-13T14:35:02,311,10,51
MX-AGU,Mexico,Aguascalientes,2020-06-13T03:56:45,1421,69,
MX-BCN,Mexico,Baja California,2020-06-13T03:56:45,6860,1439,
MX-BCS,Mexico,Baja California Sur,2020-06-13T03:56:45,905,48,
MX-CAM,Mexico,Campeche,2020-06-13T03:56:45,1031,127,
MX-CHP,Mexico,Chiapas,2020-06-13T03:56:45,3031,264,
MX-CHH,Mexico,Chihuahua,2020-06-13T03:56:45,2148,449,
MX-CMX,Mexico,Ciudad de Mexico,2020-06-13T03:56:45,42746,4401,
MX-COA,Mexico,Coahuila,2020-06-13T03:56:45,1897,123,
MX-COL,Mexico,Colima,2020-06-13T03:56:45,262,36,
MX-DUR,Mexico,Durango,2020-06-13T03:56:45,845,65,
MX-GUA,Mexico,Guanajuato,2020-06-13T03:56:45,3260,178,
MX-GRO,Mexico,Guerrero,2020-06-13T03:56:45,3065,512,
MX-HID,Mexico,Hidalgo,2020-06-13T03:56:45,2581,449,
MX-JAL,Mexico,Jalisco,2020-06-13T03:56:45,3742,319,
MX-MIC,Mexico,Michoacan,2020-06-13T03:56:45,3385,268,
MX-MOR,Mexico,Morelos,2020-06-13T03:56:45,1725,334,
MX-MEX,Mexico,Mexico,2020-06-13T03:56:45,15071,1885,
MX-NAY,Mexico,Nayarit,2020-06-13T03:56:45,913,108,
MX-NLE,Mexico,Nuevo Leon,2020-06-13T03:56:45,2340,156,
MX-OAX,Mexico,Oaxaca,2020-06-13T03:56:45,2748,320,
MX-PUE,Mexico,Puebla,2020-06-13T03:56:45,5241,717,
MX-QUE,Mexico,Queretaro,2020-06-13T03:56:45,1456,182,
MX-ROO,Mexico,Quintana Roo,2020-06-13T03:56:45,2372,459,
MX-SLP,Mexico,San Luis Potosi,2020-06-13T03:56:45,1584,86,
MX-SIN,Mexico,Sinaloa,2020-06-13T03:56:45,5333,852,
MX-SON,Mexico,Sonora,2020-06-13T03:56:45,3593,244,
MX-TAB,Mexico,Tabasco,2020-06-13T03:56:45,6311,716,
MX-TAM,Mexico,Tamaulipas,2020-06-13T03:56:45,2846,188,
MX-TLA,Mexico,Tlaxcala,2020-06-13T03:56:45,1569,222,
MX-VER,Mexico,Veracruz,2020-06-13T03:56:45,6005,937,
MX-YUC,Mexico,Yucatan,2020-06-13T03:56:45,2417,240,
MX-ZAC,Mexico,Zacatecas,2020-06-13T03:56:45,493,55,
NI-BO,Nicaragua,Boaco,,,,
NI-CA,Nicaragua,Carazo,,,,
NI-CI,Nicaragua,Chinandega,,,,
NI-CO,Nicaragua,Chontales,,,,
NI-ES,Nicaragua,Estelí,,,,
NI-GR,Nicaragua,Granada,,,,
NI-JI,Nicaragua,Jinotega,,,,
NI-LE,Nicaragua,León,,,,
NI-MD,Nicaragua,Madriz,,,,
NI-MN,Nicaragua,Managua,,,,
NI-MS,Nicaragua,Masaya,,,,
NI-MT,Nicaragua,Matagalpa,,,,
NI-AN,Nicaragua,NCCAR,,,,
NI-NS,Nicaragua,Nueva Segovia,,,,
NI-RI,Nicaragua,Rio San Juan,,,,
NI-SJ,Nicaragua,Rivas,,,,
NI-AS,Nicaragua,SCCAR,,,,
PA-1,Panama,Bocas del Toro,,,,
PA-4,Panama,Chiriqui,,,,
PA-2,Panama,Cocle,,,,
PA-3,Panama,Colon,,,,
PA-5,Panama,Darien,,,,
PA-EM,Panama,Embera,,,,
PA-KY,Panama,Guna Yala,,,,
PA-6,Panama,Herrera,,,,
PA-7,Panama,Los Santos,,,,
PA-NB,Panama,Ngabe-Bugle,,,,
PA-8,Panama,Panama,,,,
PA-10,Panama,Panama Oeste,,,,
PA-9,Panama,Veraguas,,,,
PY-16,Paraguay,Alto Paraguay,,,,
PY-10,Paraguay,Alto Parana,,,,
PY-13,Paraguay,Amambay,,,,
PY-19,Paraguay,Boqueron,,,,
PY-5,Paraguay,Caaguazu,,,,
PY-6,Paraguay,Caazapa,,,,
PY-14,Paraguay,Canindeyu,,,,
PY-11,Paraguay,Central,,,,
PY-1,Paraguay,Concepcion,,,,
PY-3,Paraguay,Cordillera,,,,
PY-ASU,Paraguay,Distrito Capital,,,,
PY-4,Paraguay,Guaira,,,,
PY-7,Paraguay,Itapua,,,,
PY-8,Paraguay,Misiones,,,,
PY-12,Paraguay,Neembucu,,,,
PY-9,Paraguay,Paraguari,,,,
PY-15,Paraguay,Presidente Hayes,,,,
PY-2,Paraguay,San Pedro,,,,
PE-AMA,Peru,Amazonas,2020-06-15 22:20:32.763124,1033,28,
PE-ANC,Peru,Ancash,2020-06-15 22:20:32.763124,6000,347,
PE-APU,Peru,Apurimac,2020-06-15 22:20:32.763124,331,7,
PE-ARE,Peru,Arequipa,2020-06-15 22:20:32.763124,4881,95,
PE-AYA,Peru,Ayacucho,2020-06-15 22:20:32.763124,1071,11,
PE-CAJ,Peru,Cajamarca,2020-06-15 22:20:32.763124,1135,14,
PE-CAL,Peru,Callao,2020-06-15 22:20:32.763124,15200,434,
PE-CUS,Peru,Cusco,2020-06-15 22:20:32.763124,1368,6,
PE-HUV,Peru,Huancavelica,2020-06-15 22:20:32.763124,635,5,
PE-HUC,Peru,Huanuco,2020-06-15 22:20:32.763124,1363,24,
PE-ICA,Peru,Ica,2020-06-15 22:20:32.763124,5101,328,
PE-JUN,Peru,Junin,2020-06-15 22:20:32.763124,2483,37,
PE-LAL,Peru,La Libertad,2020-06-15 22:20:32.763124,6830,303,
PE-LAM,Peru,Lambayeque,2020-06-15 22:20:32.763124,10791,656,
PE-LIM,Peru,Lima,2020-06-15 22:20:32.763124,128700,2784,
PE-LOR,Peru,Loreto,2020-06-15 22:20:32.763124,7167,311,
PE-MDD,Peru,Madre de dios,2020-06-15 22:20:32.763124,945,15,
PE-MOQ,Peru,Moquegua,2020-06-15 22:20:32.763124,738,6,
PE-PAS,Peru,Pasco,2020-06-15 22:20:32.763124,729,13,
PE-PIU,Peru,Piura,2020-06-15 22:20:32.763124,12768,605,
PE-PUN,Peru,Puno,2020-06-15 22:20:32.763124,545,10,
PE-SAM,Peru,San Martin,2020-06-15 22:20:32.763124,2454,46,
PE-TAC,Peru,Tacna,2020-06-15 22:20:32.763124,582,5,
PE-TUM,Peru,Tumbes,2020-06-15 22:20:32.763124,1814,96,
PE-UCA,Peru,Ucayali,2020-06-15 22:20:32.763124,6085,122,
US-PR,United States,Puerto Rico,,,,
UY-AR,Uruguay,Artigas,,,,
UY-CA,Uruguay,Canelones,,,,
UY-CL,Uruguay,Cerro Largo,,,,
UY-CO,Uruguay,Colonia,,,,
UY-DU,Uruguay,Durazno,,,,
UY-FS,Uruguay,Flores,,,,
UY-FD,Uruguay,Florida,,,,
UY-LA,Uruguay,Lavalleja,,,,
UY-MA,Uruguay,Maldonado,,,,
UY-MO,Uruguay,Montevideo,,,,
UY-PA,Uruguay,Paysandu,,,,
UY-RN,Uruguay,Rio Negro,,,,
UY-RV,Uruguay,Rivera,,,,
UY-RO,Uruguay,Rocha,,,,
UY-SA,Uruguay,Salto,,,,
UY-SJ,Uruguay,San Jose,,,,
UY-SO,Uruguay,Soriano,,,,
UY-TA,Uruguay,Tacuarembo,,,,
UY-TT,Uruguay,Treinta y Tres,,,,
VE-Z,Venezuela,Amazonas,,,,
VE-B,Venezuela,Anzoategui,,,,
VE-C,Venezuela,Apure,,,,
VE-D,Venezuela,Aragua,,,,
VE-E,Venezuela,Barinas,,,,
VE-F,Venezuela,Bolivar,,,,
VE-G,Venezuela,Carabobo,,,,
VE-A,Venezuela,Caracas Distrito Capital,,,,
VE-H,Venezuela,Cojedes,,,,
VE-Y,Venezuela,Delta Amacuro,,,,
VE-W,Venezuela,Dependencias Federales,,,,
VE-I,Venezuela,Falcon,,,,
VE-J,Venezuela,Guarico,,,,
VE-K,Venezuela,Lara,,,,
VE-L,Venezuela,Merida,,,,
VE-M,Venezuela,Miranda,,,,
VE-N,Venezuela,Monagas,,,,
VE-O,Venezuela,Nueva Esparta,,,,
VE-P,Venezuela,Portuguesa,,,,
VE-R,Venezuela,Sucre,,,,
VE-S,Venezuela,Tachira,,,,
VE-T,Venezuela,Trujillo,,,,
VE-X,Venezuela,Vargas,,,,
VE-U,Venezuela,Yaracuy,,,,
VE-V,Venezuela,Zulia,,,,
