ISO 3166-2 Code,Country,Subdivision,Last Update,Confirmed,Deaths,Recovered
AR-B,Argentina,Buenos Aires,,,,
AR-K,Argentina,Catamarca,,,,
AR-H,Argentina,Chaco,,,,
AR-U,Argentina,Chubut,,,,
AR-C,Argentina,Ciudad Autonoma de Buenos Aires,,,,
AR-X,Argentina,Cordoba,,,,
AR-W,Argentina,Corrientes,,,,
AR-E,Argentina,Entre Rios,,,,
AR-P,Argentina,Formosa,,,,
AR-Y,Argentina,Jujuy,,,,
AR-L,Argentina,La Pampa,,,,
AR-F,Argentina,La Rioja,,,,
AR-M,Argentina,Mendoza,,,,
AR-N,Argentina,Misiones,,,,
AR-Q,Argentina,Neuquen,,,,
AR-R,Argentina,Rio Negro,,,,
AR-A,Argentina,Salta,,,,
AR-J,Argentina,San Juan,,,,
AR-D,Argentina,San Luis,,,,
AR-Z,Argentina,Santa Cruz,,,,
AR-S,Argentina,Santa Fe,,,,
AR-G,Argentina,Santiago del Estero,,,,
AR-V,Argentina,Tierra del Fuego,,,,
AR-T,Argentina,Tucuman,,,,
BO-B,Bolivia,Beni,2020-06-08 15:14:39.340490,2472,118,
BO-H,Bolivia,Chuquisaca,2020-06-08 15:14:39.340490,39,2,
BO-C,Bolivia,Cochabamba,2020-06-08 15:14:39.340490,1022,52,
BO-L,Bolivia,La Paz,2020-06-08 15:14:39.340490,737,38,
BO-O,Bolivia,Oruro,2020-06-08 15:14:39.340490,256,21,
BO-N,Bolivia,Pando,2020-06-08 15:14:39.340490,47,2,
BO-P,Bolivia,Potosi,2020-06-08 15:14:39.340490,171,3,
BO-S,Bolivia,Santa Cruz,2020-06-08 15:14:39.340490,8556,214,
BO-T,Bolivia,Tarija,2020-06-08 15:14:39.340490,58,4,
BR-AC,Brazil,Acre,2020-06-08 15:14:39.340490,7525,201,
BR-AL,Brazil,Alagoas,2020-06-08 15:14:39.340490,14818,582,
BR-AP,Brazil,Amapa,2020-06-08 15:14:39.340490,12773,269,
BR-AM,Brazil,Amazonas,2020-06-08 15:14:39.340490,48785,2232,
BR-BA,Brazil,Bahia,2020-06-08 15:14:39.340490,27396,846,
BR-CE,Brazil,Ceara,2020-06-08 15:14:39.340490,63575,3965,
BR-DF,Brazil,Distrito Federal,2020-06-08 15:14:39.340490,15850,208,
BR-ES,Brazil,Espiritu Santo,2020-06-08 15:14:39.340490,18950,806,
BR-GO,Brazil,Goias,2020-06-08 15:14:39.340490,5669,172,
BR-MA,Brazil,Maranhao,2020-06-08 15:14:39.340490,45470,1132,
BR-MT,Brazil,Mato Grosso,2020-06-08 15:14:39.340490,3662,96,
BR-MS,Brazil,Mato Grosso do Sul,2020-06-08 15:14:39.340490,2132,21,
BR-MG,Brazil,Minas Gerais,2020-06-08 15:14:39.340490,14939,368,
BR-PA,Brazil,Para,2020-06-08 15:14:39.340490,53176,3612,
BR-PB,Brazil,Paraiba,2020-06-08 15:14:39.340490,19787,467,
BR-PR,Brazil,Parana,2020-06-08 15:14:39.340490,6605,232,
BR-PE,Brazil,Pernambuco,2020-06-08 15:14:39.340490,39361,3270,
BR-PI,Brazil,Piaui,2020-06-08 15:14:39.340490,7105,224,
BR-RJ,Brazil,Rio de Janeiro,2020-06-08 15:14:39.340490,64533,6639,
BR-RN,Brazil,Rio Grande do Norte,2020-06-08 15:14:39.340490,9449,410,
BR-RS,Brazil,Rio Grande do Sul,2020-06-08 15:14:39.340490,12037,283,
BR-RO,Brazil,Rondonia,2020-06-08 15:14:39.340490,7700,228,
BR-RR,Brazil,Roraima,2020-06-08 15:14:39.340490,5238,139,
BR-SC,Brazil,Santa Catarina,2020-06-08 15:14:39.340490,11285,166,
BR-SP,Brazil,Sao Paulo,2020-06-08 15:14:39.340490,140549,9058,
BR-SE,Brazil,Sergipe,2020-06-08 15:14:39.340490,8972,208,
BR-TO,Brazil,Tocantins,2020-06-08 15:14:39.340490,5505,96,
CL-AN,Chile,Antofagasta,2020-06-06T15:20:42,3033,47,
CL-AR,Chile,Araucania,2020-06-06T15:20:42,2321,49,
CL-AP,Chile,Arica y Parinacota,2020-06-06T15:20:42,819,9,
CL-AT,Chile,Atacama,2020-06-06T15:20:42,281,0,
CL-AI,Chile,Aysen,2020-06-06T15:20:42,19,0,
CL-BI,Chile,Biobio,2020-06-06T15:20:42,2490,13,
CL-CO,Chile,Coquimbo,2020-06-06T15:20:42,898,5,
CL-LL,Chile,Los Lagos,2020-06-06T15:20:42,985,13,
CL-LR,Chile,Los Rios,2020-06-06T15:20:42,400,8,
CL-MA,Chile,Magallanes,2020-06-06T15:20:42,1081,19,
CL-ML,Chile,Maule,2020-06-06T15:20:42,1969,24,
CL-NB,Chile,Nuble,2020-06-06T15:20:42,1470,24,
CL-LI,Chile,O'Higgins,2020-06-06T15:20:42,1111,25,
CL-RM,Chile,Santiago,2020-06-06T15:20:42,103194,1184,
CL-TA,Chile,Tarapaca,2020-06-06T15:20:42,3094,30,
CL-VS,Chile,Valparaiso,2020-06-06T15:20:42,4580,91,
CO-AMA,Colombia,Amazonas,2020-06-08 15:14:39.340490,1980,0,
CO-ANT,Colombia,Antioquia,2020-06-08 15:14:39.340490,1451,0,
CO-ARA,Colombia,Arauca,2020-06-08 15:14:39.340490,0,0,
CO-ATL,Colombia,Atlantico,2020-06-08 15:14:39.340490,6142,212,
CO-DC,Colombia,Bogota,2020-06-08 15:14:39.340490,12564,326,
CO-BOL,Colombia,Bolivar,2020-06-08 15:14:39.340490,3969,178,
CO-BOY,Colombia,Boyaca,2020-06-08 15:14:39.340490,223,0,
CO-CAL,Colombia,Caldas,2020-06-08 15:14:39.340490,173,0,
CO-CAQ,Colombia,Caqueta,2020-06-08 15:14:39.340490,0,0,
CO-CAS,Colombia,Casanare,2020-06-08 15:14:39.340490,0,0,
CO-CAU,Colombia,Cauca,2020-06-08 15:14:39.340490,843,0,
CO-CES,Colombia,Cesar,2020-06-08 15:14:39.340490,425,0,
CO-COR,Colombia,Choco,2020-06-08 15:14:39.340490,396,11,
CO-CUN,Colombia,Cordoba,2020-06-08 15:14:39.340490,210,11,
CO-CHO,Colombia,Cundinamarca,2020-06-08 15:14:39.340490,1177,0,
CO-GUA,Colombia,Guainia,2020-06-08 15:14:39.340490,0,0,
CO-GUV,Colombia,Guaviare,2020-06-08 15:14:39.340490,0,0,
CO-HUI,Colombia,Huila,2020-06-08 15:14:39.340490,0,0,
CO-LAG,Colombia,La Guajira,2020-06-08 15:14:39.340490,107,0,
CO-MAG,Colombia,Magdalena,2020-06-08 15:14:39.340490,750,0,
CO-MET,Colombia,Meta,2020-06-08 15:14:39.340490,988,0,
CO-NAR,Colombia,Narino,2020-06-08 15:14:39.340490,1551,0,
CO-NSA,Colombia,Norte de Santander,2020-06-08 15:14:39.340490,283,19,
CO-PUT,Colombia,Putumayo,2020-06-08 15:14:39.340490,0,0,
CO-QUI,Colombia,Quindio,2020-06-08 15:14:39.340490,121,0,
CO-RIS,Colombia,Risaralda,2020-06-08 15:14:39.340490,274,0,
CO-SAP,Colombia,San Andres y Providencia,2020-06-08 15:14:39.340490,0,0,
CO-SAN,Colombia,Santander,2020-06-08 15:14:39.340490,0,0,
CO-SUC,Colombia,Sucre,2020-06-08 15:14:39.340490,98,0,
CO-TOL,Colombia,Tolima,2020-06-08 15:14:39.340490,280,0,
CO-VAC,Colombia,Valle del Cauca,2020-06-08 15:14:39.340490,3661,175,
CO-VAU,Colombia,Vaupes,2020-06-08 15:14:39.340490,0,0,
CO-VID,Colombia,Vichada,2020-06-08 15:14:39.340490,0,0,
CR-A,Costa Rica,Alajuela,2020-06-08 15:14:39.340490,342,0,
CR-C,Costa Rica,Cartago,2020-06-08 15:14:39.340490,69,0,
CR-G,Costa Rica,Guanacaste,2020-06-08 15:14:39.340490,105,0,
CR-H,Costa Rica,Heredia,2020-06-08 15:14:39.340490,127,0,
CR-L,Costa Rica,Limon,2020-06-08 15:14:39.340490,44,0,
CR-P,Costa Rica,Puntarenas,2020-06-08 15:14:39.340490,64,0,
CR-SJ,Costa Rica,San Jose,2020-06-08 15:14:39.340490,500,0,
CU-15,Cuba,Artemisa,2020-06-08 15:14:39.340490,0,0,
CU-09,Cuba,Camagüey,2020-06-08 15:14:39.340490,0,0,
CU-08,Cuba,Ciego de Ávila,2020-06-08 15:14:39.340490,0,0,
CU-06,Cuba,Cienfuegos,2020-06-08 15:14:39.340490,0,0,
CU-12,Cuba,Granma,2020-06-08 15:14:39.340490,0,0,
CU-14,Cuba,Guantánamo,2020-06-08 15:14:39.340490,0,0,
CU-11,Cuba,Holguín,2020-06-08 15:14:39.340490,0,0,
CU-99,Cuba,Isla de la Juventud,2020-06-08 15:14:39.340490,0,0,
CU-03,Cuba,La Habana,2020-06-08 15:14:39.340490,1159,0,
CU-10,Cuba,Las Tunas,2020-06-08 15:14:39.340490,0,0,
CU-04,Cuba,Matanzas,2020-06-08 15:14:39.340490,0,0,
CU-16,Cuba,Mayabeque,2020-06-08 15:14:39.340490,0,0,
CU-01,Cuba,Pinar del Río,2020-06-08 15:14:39.340490,0,0,
CU-07,Cuba,Sancti Spíritus,2020-06-08 15:14:39.340490,0,0,
CU-13,Cuba,Santiago de Cuba,2020-06-08 15:14:39.340490,0,0,
CU-05,Cuba,Villa Clara,2020-06-08 15:14:39.340490,0,0,
DO-02,Dominican Republic,Azua,,,,
DO-03,Dominican Republic,Baoruco,,,,
DO-04,Dominican Republic,Barahona,,,,
DO-05,Dominican Republic,Dajabon,,,,
DO-06,Dominican Republic,Distrito Nacional,,,,
DO-08,Dominican Republic,Duarte,,,,
DO-09,Dominican Republic,El Seibo,,,,
DO-30,Dominican Republic,Elias Pina,,,,
DO-10,Dominican Republic,Espaillat,,,,
DO-11,Dominican Republic,Hato Mayor,,,,
DO-07,Dominican Republic,Hermanas Mirabal,,,,
DO-12,Dominican Republic,Independencia,,,,
DO-13,Dominican Republic,La Altagracia,,,,
DO-14,Dominican Republic,La Romana,,,,
DO-28,Dominican Republic,La Vega,,,,
DO-15,Dominican Republic,Maria Trinidad Sanchez,,,,
DO-29,Dominican Republic,Monsenor Nouel,,,,
DO-16,Dominican Republic,Monte Cristi,,,,
DO-17,Dominican Republic,Monte Plata,,,,
DO-18,Dominican Republic,Pedernales,,,,
DO-19,Dominican Republic,Peravia,,,,
DO-20,Dominican Republic,Puerto Plata,,,,
DO-21,Dominican Republic,Samana,,,,
DO-31,Dominican Republic,San Cristobal,,,,
DO-22,Dominican Republic,San Jose de Ocoa,,,,
DO-23,Dominican Republic,San Juan,,,,
DO-24,Dominican Republic,San Pedro de Macoris,,,,
DO-25,Dominican Republic,Sanchez Ramirez,,,,
DO-26,Dominican Republic,Santiago,,,,
DO-32,Dominican Republic,Santiago Rodriguez,,,,
DO-01,Dominican Republic,Santo Domingo,,,,
DO-27,Dominican Republic,Valverde,,,,
EC-A,Ecuador,Azuay,2020-06-08 15:14:39.340490,1015,36,
EC-B,Ecuador,Bolivar,2020-06-08 15:14:39.340490,358,29,
EC-F,Ecuador,Canar,2020-06-08 15:14:39.340490,371,32,
EC-C,Ecuador,Carchi,2020-06-08 15:14:39.340490,322,7,
EC-H,Ecuador,Chimborazo,2020-06-08 15:14:39.340490,1123,95,
EC-X,Ecuador,Cotopaxi,2020-06-08 15:14:39.340490,174,12,
EC-O,Ecuador,El Oro,2020-06-08 15:14:39.340490,14362,1468,
EC-E,Ecuador,Esmeraldas,2020-06-08 15:14:39.340490,475,117,
EC-W,Ecuador,Galapagos,2020-06-08 15:14:39.340490,239,14,
EC-G,Ecuador,Guayas,2020-06-08 15:14:39.340490,483,28,
EC-I,Ecuador,Imbabura,2020-06-08 15:14:39.340490,2821,486,
EC-L,Ecuador,Loja,2020-06-08 15:14:39.340490,311,21,
EC-R,Ecuador,Los Rios,2020-06-08 15:14:39.340490,1305,194,
EC-M,Ecuador,Manabi,2020-06-08 15:14:39.340490,4478,326,
EC-S,Ecuador,Morona Santiago,2020-06-08 15:14:39.340490,1765,214,
EC-N,Ecuador,Napo,2020-06-08 15:14:39.340490,179,6,
EC-D,Ecuador,Orellana,2020-06-08 15:14:39.340490,1179,81,
EC-Y,Ecuador,Pastaza,2020-06-08 15:14:39.340490,824,286,
EC-P,Ecuador,Pichincha,2020-06-08 15:14:39.340490,595,77,
EC-SE,Ecuador,Santa Elena,2020-06-08 15:14:39.340490,165,7,
EC-SD,Ecuador,Santo Domingo de los Tsachilas,2020-06-08 15:14:39.340490,76,1,
EC-U,Ecuador,Sucumbios,2020-06-08 15:14:39.340490,558,60,
EC-T,Ecuador,Tungurahua,2020-06-08 15:14:39.340490,317,6,
EC-Z,Ecuador,Zamora-Chinchipe,2020-06-08 15:14:39.340490,277,5,
SV-AH,El Salvador,Ahuachapan,,,,
SV-CA,El Salvador,Cabanas,,,,
SV-CH,El Salvador,Chalatenango,,,,
SV-CU,El Salvador,Cuscatlan,,,,
SV-LI,El Salvador,La Libertad,,,,
SV-PA,El Salvador,La Paz,,,,
SV-UN,El Salvador,La Unión,,,,
SV-MO,El Salvador,Morazan,,,,
SV-SM,El Salvador,San Miguel,,,,
SV-SS,El Salvador,San Salvador,,,,
SV-SV,El Salvador,San Vicente,,,,
SV-SA,El Salvador,Santa Ana,,,,
SV-SO,El Salvador,Sonsonate,,,,
SV-US,El Salvador,Usulutan,,,,
FR-GP,France,Guadeloupe,,,,
FR-GF,France,Guyane,,,,
FR-MQ,France,Martinique,,,,
FR-BL,France,Saint-Barthélemy,,,,
FR-MF,France,Saint-Martin,,,,
FR-PM,France,Saint-Pierre-et-Miquelon,,,,
GT-AV,Guatemala,Alta Verapaz,,,,
GT-BV,Guatemala,Baja Verapaz,,,,
GT-CM,Guatemala,Chimaltenango,,,,
GT-CQ,Guatemala,Chiquimula,,,,
GT-PR,Guatemala,El Progreso,,,,
GT-ES,Guatemala,Escuintla,,,,
GT-GU,Guatemala,Guatemala,,,,
GT-HU,Guatemala,Huehuetenango,,,,
GT-IZ,Guatemala,Izabal,,,,
GT-JA,Guatemala,Jalapa,,,,
GT-JU,Guatemala,Jutiapa,,,,
GT-PE,Guatemala,Petén,,,,
GT-QZ,Guatemala,Quetzaltenango,,,,
GT-QC,Guatemala,Quiché,,,,
GT-RE,Guatemala,Retalhuleu,,,,
GT-SA,Guatemala,Sacatepéquez,,,,
GT-SM,Guatemala,San Marcos,,,,
GT-SR,Guatemala,Santa Rosa,,,,
GT-SO,Guatemala,Sololá,,,,
GT-SU,Guatemala,Suchitepéquez,,,,
GT-TO,Guatemala,Totonicapán,,,,
GT-ZA,Guatemala,Zacapa,,,,
HT-AR,Haiti,Artibonite,,,,
HT-CE,Haiti,Centre,,,,
HT-GA,Haiti,Grande’Anse,,,,
HT-NI,Haiti,Nippes,,,,
HT-ND,Haiti,Nord,,,,
HT-NE,Haiti,Nord-Est,,,,
HT-NO,Haiti,Nord-Ouest,,,,
HT-OU,Haiti,Ouest,,,,
HT-SD,Haiti,Sud,,,,
HT-SE,Haiti,Sud-Est,,,,
HN-AT,Honduras,Atlantida,2020-06-07T18:03:19,185,8,44
HN-CH,Honduras,Choluteca,2020-06-07T18:03:19,126,2,18
HN-CL,Honduras,Colon,2020-06-07T18:03:19,44,3,19
HN-CM,Honduras,Comayagua,2020-06-07T18:03:19,67,4,5
HN-CP,Honduras,Copan,2020-06-07T18:03:19,24,0,4
HN-CR,Honduras,Cortes,2020-06-07T18:03:19,3752,188,356
HN-EP,Honduras,El Paraiso,2020-06-07T18:03:19,46,1,1
HN-FM,Honduras,Francisco Morazan,2020-06-07T18:03:19,1414,29,123
HN-GD,Honduras,Gracias a Dios,2020-06-07T18:03:19,0,0,0
HN-IN,Honduras,Intibuca,2020-06-07T18:03:19,17,1,9
HN-IB,Honduras,Islas de la Bahia,2020-06-07T18:03:19,5,0,0
HN-LP,Honduras,La Paz,2020-06-07T18:03:19,23,0,2
HN-LE,Honduras,Lempira,2020-06-07T18:03:19,15,1,5
HN-OC,Honduras,Ocotepeque,2020-06-07T18:03:19,6,0,2
HN-OL,Honduras,Olancho,2020-06-07T18:03:19,20,0,4
HN-SB,Honduras,Santa Barbara,2020-06-07T18:03:19,81,4,9
HN-VA,Honduras,Valle,2020-06-07T18:03:19,62,0,11
HN-YO,Honduras,Yoro,2020-06-07T18:03:19,268,9,38
MX-AGU,Mexico,Aguascalientes,2020-06-07T00:30:05,1117,51,
MX-BCN,Mexico,Baja California,2020-06-07T00:30:05,6059,1230,
MX-BCS,Mexico,Baja California Sur,2020-06-07T00:30:05,735,43,
MX-CAM,Mexico,Campeche,2020-06-07T00:30:05,826,105,
MX-CHP,Mexico,Chiapas,2020-06-07T00:30:05,2422,192,
MX-CHH,Mexico,Chihuahua,2020-06-07T00:30:05,1826,383,
MX-CMX,Mexico,Ciudad de Mexico,2020-06-07T00:30:05,36534,3696,
MX-COA,Mexico,Coahuila,2020-06-07T00:30:05,1432,92,
MX-COL,Mexico,Colima,2020-06-07T00:30:05,202,30,
MX-DUR,Mexico,Durango,2020-06-07T00:30:05,556,53,
MX-GUA,Mexico,Guanajuato,2020-06-07T00:30:05,2422,136,
MX-GRO,Mexico,Guerrero,2020-06-07T00:30:05,2336,360,
MX-HID,Mexico,Hidalgo,2020-06-07T00:30:05,2171,394,
MX-JAL,Mexico,Jalisco,2020-06-07T00:30:05,2679,229,
MX-MIC,Mexico,Michoacan,2020-06-07T00:30:05,2368,223,
MX-MOR,Mexico,Morelos,2020-06-07T00:30:05,1508,296,
MX-MEX,Mexico,Mexico,2020-06-07T00:30:05,11957,1548,
MX-NAY,Mexico,Nayarit,2020-06-07T00:30:05,721,85,
MX-NLE,Mexico,Nuevo Leon,2020-06-07T00:30:05,1807,126,
MX-OAX,Mexico,Oaxaca,2020-06-07T00:30:05,2062,224,
MX-PUE,Mexico,Puebla,2020-06-07T00:30:05,4068,553,
MX-QUE,Mexico,Queretaro,2020-06-07T00:30:05,1232,145,
MX-ROO,Mexico,Quintana Roo,2020-06-07T00:30:05,2151,418,
MX-SLP,Mexico,San Luis Potosi,2020-06-07T00:30:05,1198,65,
MX-SIN,Mexico,Sinaloa,2020-06-07T00:30:05,4421,684,
MX-SON,Mexico,Sonora,2020-06-07T00:30:05,2755,176,
MX-TAB,Mexico,Tabasco,2020-06-07T00:30:05,5317,640,
MX-TAM,Mexico,Tamaulipas,2020-06-07T00:30:05,2103,148,
MX-TLA,Mexico,Tlaxcala,2020-06-07T00:30:05,1290,186,
MX-VER,Mexico,Veracruz,2020-06-07T00:30:05,4884,748,
MX-YUC,Mexico,Yucatan,2020-06-07T00:30:05,2097,208,
MX-ZAC,Mexico,Zacatecas,2020-06-07T00:30:05,363,44,
NI-BO,Nicaragua,Boaco,,,,
NI-CA,Nicaragua,Carazo,,,,
NI-CI,Nicaragua,Chinandega,,,,
NI-CO,Nicaragua,Chontales,,,,
NI-ES,Nicaragua,Estelí,,,,
NI-GR,Nicaragua,Granada,,,,
NI-JI,Nicaragua,Jinotega,,,,
NI-LE,Nicaragua,León,,,,
NI-MD,Nicaragua,Madriz,,,,
NI-MN,Nicaragua,Managua,,,,
NI-MS,Nicaragua,Masaya,,,,
NI-MT,Nicaragua,Matagalpa,,,,
NI-AN,Nicaragua,NCCAR,,,,
NI-NS,Nicaragua,Nueva Segovia,,,,
NI-RI,Nicaragua,Rio San Juan,,,,
NI-SJ,Nicaragua,Rivas,,,,
NI-AS,Nicaragua,SCCAR,,,,
PA-1,Panama,Bocas del Toro,,,,
PA-4,Panama,Chiriqui,,,,
PA-2,Panama,Cocle,,,,
PA-3,Panama,Colon,,,,
PA-5,Panama,Darien,,,,
PA-EM,Panama,Embera,,,,
PA-KY,Panama,Guna Yala,,,,
PA-6,Panama,Herrera,,,,
PA-7,Panama,Los Santos,,,,
PA-NB,Panama,Ngabe-Bugle,,,,
PA-8,Panama,Panama,,,,
PA-10,Panama,Panama Oeste,,,,
PA-9,Panama,Veraguas,,,,
PY-16,Paraguay,Alto Paraguay,,,,
PY-10,Paraguay,Alto Parana,,,,
PY-13,Paraguay,Amambay,,,,
PY-19,Paraguay,Boqueron,,,,
PY-5,Paraguay,Caaguazu,,,,
PY-6,Paraguay,Caazapa,,,,
PY-14,Paraguay,Canindeyu,,,,
PY-11,Paraguay,Central,,,,
PY-1,Paraguay,Concepcion,,,,
PY-3,Paraguay,Cordillera,,,,
PY-ASU,Paraguay,Distrito Capital,,,,
PY-4,Paraguay,Guaira,,,,
PY-7,Paraguay,Itapua,,,,
PY-8,Paraguay,Misiones,,,,
PY-12,Paraguay,Neembucu,,,,
PY-9,Paraguay,Paraguari,,,,
PY-15,Paraguay,Presidente Hayes,,,,
PY-2,Paraguay,San Pedro,,,,
PE-AMA,Peru,Amazonas,2020-06-08 15:14:39.340490,758,27,
PE-ANC,Peru,Ancash,2020-06-08 15:14:39.340490,5290,305,
PE-APU,Peru,Apurimac,2020-06-08 15:14:39.340490,248,4,
PE-ARE,Peru,Arequipa,2020-06-08 15:14:39.340490,4316,60,
PE-AYA,Peru,Ayacucho,2020-06-08 15:14:39.340490,886,8,
PE-CAJ,Peru,Cajamarca,2020-06-08 15:14:39.340490,907,9,
PE-CAL,Peru,Callao,2020-06-08 15:14:39.340490,13656,378,
PE-CUS,Peru,Cusco,2020-06-08 15:14:39.340490,1199,4,
PE-HUV,Peru,Huancavelica,2020-06-08 15:14:39.340490,516,2,
PE-HUC,Peru,Huanuco,2020-06-08 15:14:39.340490,1154,14,
PE-ICA,Peru,Ica,2020-06-08 15:14:39.340490,4187,281,
PE-JUN,Peru,Junin,2020-06-08 15:14:39.340490,2114,22,
PE-LAL,Peru,La Libertad,2020-06-08 15:14:39.340490,5670,235,
PE-LAM,Peru,Lambayeque,2020-06-08 15:14:39.340490,9686,630,
PE-LIM,Peru,Lima,2020-06-08 15:14:39.340490,112974,2186,
PE-LOR,Peru,Loreto,2020-06-08 15:14:39.340490,6187,303,
PE-MDD,Peru,Madre de dios,2020-06-08 15:14:39.340490,743,11,
PE-MOQ,Peru,Moquegua,2020-06-08 15:14:39.340490,674,2,
PE-PAS,Peru,Pasco,2020-06-08 15:14:39.340490,565,11,
PE-PIU,Peru,Piura,2020-06-08 15:14:39.340490,10487,560,
PE-PUN,Peru,Puno,2020-06-08 15:14:39.340490,462,9,
PE-SAM,Peru,San Martin,2020-06-08 15:14:39.340490,1847,34,
PE-TAC,Peru,Tacna,2020-06-08 15:14:39.340490,506,5,
PE-TUM,Peru,Tumbes,2020-06-08 15:14:39.340490,1543,86,
PE-UCA,Peru,Ucayali,2020-06-08 15:14:39.340490,5183,115,
US-PR,United States,Puerto Rico,,,,
UY-AR,Uruguay,Artigas,,,,
UY-CA,Uruguay,Canelones,,,,
UY-CL,Uruguay,Cerro Largo,,,,
UY-CO,Uruguay,Colonia,,,,
UY-DU,Uruguay,Durazno,,,,
UY-FS,Uruguay,Flores,,,,
UY-FD,Uruguay,Florida,,,,
UY-LA,Uruguay,Lavalleja,,,,
UY-MA,Uruguay,Maldonado,,,,
UY-MO,Uruguay,Montevideo,,,,
UY-PA,Uruguay,Paysandu,,,,
UY-RN,Uruguay,Rio Negro,,,,
UY-RV,Uruguay,Rivera,,,,
UY-RO,Uruguay,Rocha,,,,
UY-SA,Uruguay,Salto,,,,
UY-SJ,Uruguay,San Jose,,,,
UY-SO,Uruguay,Soriano,,,,
UY-TA,Uruguay,Tacuarembo,,,,
UY-TT,Uruguay,Treinta y Tres,,,,
VE-Z,Venezuela,Amazonas,,,,
VE-B,Venezuela,Anzoategui,,,,
VE-C,Venezuela,Apure,,,,
VE-D,Venezuela,Aragua,,,,
VE-E,Venezuela,Barinas,,,,
VE-F,Venezuela,Bolivar,,,,
VE-G,Venezuela,Carabobo,,,,
VE-A,Venezuela,Caracas Distrito Capital,,,,
VE-H,Venezuela,Cojedes,,,,
VE-Y,Venezuela,Delta Amacuro,,,,
VE-W,Venezuela,Dependencias Federales,,,,
VE-I,Venezuela,Falcon,,,,
VE-J,Venezuela,Guarico,,,,
VE-K,Venezuela,Lara,,,,
VE-L,Venezuela,Merida,,,,
VE-M,Venezuela,Miranda,,,,
VE-N,Venezuela,Monagas,,,,
VE-O,Venezuela,Nueva Esparta,,,,
VE-P,Venezuela,Portuguesa,,,,
VE-R,Venezuela,Sucre,,,,
VE-S,Venezuela,Tachira,,,,
VE-T,Venezuela,Trujillo,,,,
VE-X,Venezuela,Vargas,,,,
VE-U,Venezuela,Yaracuy,,,,
VE-V,Venezuela,Zulia,,,,
