ISO 3166-2 Code,Country,Subdivision,Last Update,Confirmed,Deaths,Recovered
AR-B,Argentina,Buenos Aires,,,,
AR-K,Argentina,Catamarca,,,,
AR-H,Argentina,Chaco,,,,
AR-U,Argentina,Chubut,,,,
AR-C,Argentina,Ciudad Autonoma de Buenos Aires,,,,
AR-X,Argentina,Cordoba,,,,
AR-W,Argentina,Corrientes,,,,
AR-E,Argentina,Entre Rios,,,,
AR-P,Argentina,Formosa,,,,
AR-Y,Argentina,Jujuy,,,,
AR-L,Argentina,La Pampa,,,,
AR-F,Argentina,La Rioja,,,,
AR-M,Argentina,Mendoza,,,,
AR-N,Argentina,Misiones,,,,
AR-Q,Argentina,Neuquen,,,,
AR-R,Argentina,Rio Negro,,,,
AR-A,Argentina,Salta,,,,
AR-J,Argentina,San Juan,,,,
AR-D,Argentina,San Luis,,,,
AR-Z,Argentina,Santa Cruz,,,,
AR-S,Argentina,Santa Fe,,,,
AR-G,Argentina,Santiago del Estero,,,,
AR-V,Argentina,Tierra del Fuego,,,,
AR-T,Argentina,Tucuman,,,,
BO-B,Bolivia,Beni,2020-08-25 13:21:11.248702,6342,330,
BO-H,Bolivia,Chuquisaca,2020-08-25 13:21:11.248702,4705,353,
BO-C,Bolivia,Cochabamba,2020-08-25 13:21:11.248702,11956,887,
BO-L,Bolivia,La Paz,2020-08-25 13:21:11.248702,28935,596,
BO-O,Bolivia,Oruro,2020-08-25 13:21:11.248702,4718,256,
BO-N,Bolivia,Pando,2020-08-25 13:21:11.248702,2241,146,
BO-P,Bolivia,Potosi,2020-08-25 13:21:11.248702,4832,183,
BO-S,Bolivia,Santa Cruz,2020-08-25 13:21:11.248702,39437,1655,
BO-T,Bolivia,Tarija,2020-08-25 13:21:11.248702,6982,172,
BR-AC,Brazil,Acre,2020-08-25 13:21:11.248702,23729,604,
BR-AL,Brazil,Alagoas,2020-08-25 13:21:11.248702,76495,1827,
BR-AP,Brazil,Amapa,2020-08-25 13:21:11.248702,41254,637,
BR-AM,Brazil,Amazonas,2020-08-25 13:21:11.248702,115792,3578,
BR-BA,Brazil,Bahia,2020-08-25 13:21:11.248702,237208,4981,
BR-CE,Brazil,Ceara,2020-08-25 13:21:11.248702,205564,8292,
BR-DF,Brazil,Distrito Federal,2020-08-25 13:21:11.248702,150519,2316,
BR-ES,Brazil,Espiritu Santo,2020-08-25 13:21:11.248702,106493,3045,
BR-GO,Brazil,Goias,2020-08-25 13:21:11.248702,118569,2758,
BR-MA,Brazil,Maranhao,2020-08-25 13:21:11.248702,144895,3365,
BR-MT,Brazil,Mato Grosso,2020-08-25 13:21:11.248702,82532,2551,
BR-MS,Brazil,Mato Grosso do Sul,2020-08-25 13:21:11.248702,43065,749,
BR-MG,Brazil,Minas Gerais,2020-08-25 13:21:11.248702,195920,4805,
BR-PA,Brazil,Para,2020-08-25 13:21:11.248702,189582,6062,
BR-PB,Brazil,Paraiba,2020-08-25 13:21:11.248702,101303,2330,
BR-PR,Brazil,Parana,2020-08-25 13:21:11.248702,119004,3010,
BR-PE,Brazil,Pernambuco,2020-08-25 13:21:11.248702,119357,7399,
BR-PI,Brazil,Piaui,2020-08-25 13:21:11.248702,72165,1724,
BR-RJ,Brazil,Rio de Janeiro,2020-08-25 13:21:11.248702,211360,15392,
BR-RN,Brazil,Rio Grande do Norte,2020-08-25 13:21:11.248702,59649,2173,
BR-RS,Brazil,Rio Grande do Sul,2020-08-25 13:21:11.248702,109953,3102,
BR-RO,Brazil,Rondonia,2020-08-25 13:21:11.248702,51791,1073,
BR-RR,Brazil,Roraima,2020-08-25 13:21:11.248702,41770,579,
BR-SC,Brazil,Santa Catarina,2020-08-25 13:21:11.248702,133533,2066,
BR-SP,Brazil,Sao Paulo,2020-08-25 13:21:11.248702,756480,28505,
BR-SE,Brazil,Sergipe,2020-08-25 13:21:11.248702,70606,1793,
BR-TO,Brazil,Tocantins,2020-08-25 13:21:11.248702,44273,593,
CL-AN,Chile,Antofagasta,2020-08-24T14:59:17,17539,422,16260
CL-AR,Chile,Araucania,2020-08-24T14:59:17,4922,92,4514
CL-AP,Chile,Arica y Parinacota,2020-08-24T14:59:17,6290,100,5561
CL-AT,Chile,Atacama,2020-08-24T14:59:17,5259,40,4458
CL-AI,Chile,Aysen,2020-08-24T14:59:17,102,1,95
CL-BI,Chile,Biobio,2020-08-24T14:59:17,15753,188,13584
CL-CO,Chile,Coquimbo,2020-08-24T14:59:17,9229,119,8012
CL-LL,Chile,Los Lagos,2020-08-24T14:59:17,6118,66,5287
CL-LR,Chile,Los Rios,2020-08-24T14:59:17,1061,15,980
CL-MA,Chile,Magallanes,2020-08-24T14:59:17,2847,34,2116
CL-ML,Chile,Maule,2020-08-24T14:59:17,11100,254,10006
CL-NB,Chile,Nuble,2020-08-24T14:59:17,4305,75,3844
CL-LI,Chile,O'Higgins,2020-08-24T14:59:17,12805,323,11733
CL-RM,Chile,Santiago,2020-08-24T14:59:17,270199,8339,256894
CL-TA,Chile,Tarapaca,2020-08-24T14:59:17,10385,196,9596
CL-VS,Chile,Valparaiso,2020-08-24T14:59:17,21589,651,19461
CO-AMA,Colombia,Amazonas,2020-08-25 13:21:11.248702,2690,0,
CO-ANT,Colombia,Antioquia,2020-08-25 13:21:11.248702,71983,1553,
CO-ARA,Colombia,Arauca,2020-08-25 13:21:11.248702,768,0,
CO-ATL,Colombia,Atlantico,2020-08-25 13:21:11.248702,63069,2977,
CO-DC,Colombia,Bogota,2020-08-25 13:21:11.248702,192654,5304,
CO-BOL,Colombia,Bolivar,2020-08-25 13:21:11.248702,23694,0,
CO-BOY,Colombia,Boyaca,2020-08-25 13:21:11.248702,3212,0,
CO-CAL,Colombia,Caldas,2020-08-25 13:21:11.248702,2386,0,
CO-CAQ,Colombia,Caqueta,2020-08-25 13:21:11.248702,5069,0,
CO-CAS,Colombia,Casanare,2020-08-25 13:21:11.248702,888,0,
CO-CAU,Colombia,Cauca,2020-08-25 13:21:11.248702,6710,322,
CO-CES,Colombia,Cesar,2020-08-25 13:21:11.248702,8067,225,
CO-COR,Colombia,Choco,2020-08-25 13:21:11.248702,3664,0,
CO-CUN,Colombia,Cordoba,2020-08-25 13:21:11.248702,17498,0,
CO-CHO,Colombia,Cundinamarca,2020-08-25 13:21:11.248702,19829,0,
CO-GUA,Colombia,Guainia,2020-08-25 13:21:11.248702,0,0,
CO-GUV,Colombia,Guaviare,2020-08-25 13:21:11.248702,0,0,
CO-HUI,Colombia,Huila,2020-08-25 13:21:11.248702,3690,101,
CO-LAG,Colombia,La Guajira,2020-08-25 13:21:11.248702,4471,216,
CO-MAG,Colombia,Magdalena,2020-08-25 13:21:11.248702,11444,644,
CO-MET,Colombia,Meta,2020-08-25 13:21:11.248702,7062,162,
CO-NAR,Colombia,Narino,2020-08-25 13:21:11.248702,12846,484,
CO-NSA,Colombia,Norte de Santander,2020-08-25 13:21:11.248702,23369,1160,
CO-PUT,Colombia,Putumayo,2020-08-25 13:21:11.248702,2476,120,
CO-QUI,Colombia,Quindio,2020-08-25 13:21:11.248702,977,0,
CO-RIS,Colombia,Risaralda,2020-08-25 13:21:11.248702,5024,90,
CO-SAP,Colombia,San Andres y Providencia,2020-08-25 13:21:11.248702,126,0,
CO-SAN,Colombia,Santander,2020-08-25 13:21:11.248702,0,0,
CO-SUC,Colombia,Sucre,2020-08-25 13:21:11.248702,10505,0,
CO-TOL,Colombia,Tolima,2020-08-25 13:21:11.248702,5778,0,
CO-VAC,Colombia,Valle del Cauca,2020-08-25 13:21:11.248702,41217,1521,
CO-VAU,Colombia,Vaupes,2020-08-25 13:21:11.248702,216,0,
CO-VID,Colombia,Vichada,2020-08-25 13:21:11.248702,0,0,
CR-A,Costa Rica,Alajuela,,,,
CR-C,Costa Rica,Cartago,,,,
CR-G,Costa Rica,Guanacaste,,,,
CR-H,Costa Rica,Heredia,,,,
CR-L,Costa Rica,Limon,,,,
CR-P,Costa Rica,Puntarenas,,,,
CR-SJ,Costa Rica,San Jose,,,,
CU-15,Cuba,Artemisa,2020-08-25 13:21:11.248702,271,0,
CU-09,Cuba,Camagüey,2020-08-25 13:21:11.248702,0,0,
CU-08,Cuba,Ciego de Ávila,2020-08-25 13:21:11.248702,0,0,
CU-06,Cuba,Cienfuegos,2020-08-25 13:21:11.248702,0,0,
CU-12,Cuba,Granma,2020-08-25 13:21:11.248702,0,0,
CU-14,Cuba,Guantánamo,2020-08-25 13:21:11.248702,0,0,
CU-11,Cuba,Holguín,2020-08-25 13:21:11.248702,0,0,
CU-99,Cuba,Isla de la Juventud,2020-08-25 13:21:11.248702,0,0,
CU-03,Cuba,La Habana,2020-08-25 13:21:11.248702,2247,0,
CU-10,Cuba,Las Tunas,2020-08-25 13:21:11.248702,0,0,
CU-04,Cuba,Matanzas,2020-08-25 13:21:11.248702,225,0,
CU-16,Cuba,Mayabeque,2020-08-25 13:21:11.248702,0,0,
CU-01,Cuba,Pinar del Río,2020-08-25 13:21:11.248702,103,0,
CU-07,Cuba,Sancti Spíritus,2020-08-25 13:21:11.248702,0,0,
CU-13,Cuba,Santiago de Cuba,2020-08-25 13:21:11.248702,0,0,
CU-05,Cuba,Villa Clara,2020-08-25 13:21:11.248702,265,0,
DO-02,Dominican Republic,Azua,,,,
DO-03,Dominican Republic,Baoruco,,,,
DO-04,Dominican Republic,Barahona,,,,
DO-05,Dominican Republic,Dajabon,,,,
DO-06,Dominican Republic,Distrito Nacional,,,,
DO-08,Dominican Republic,Duarte,,,,
DO-09,Dominican Republic,El Seibo,,,,
DO-30,Dominican Republic,Elias Pina,,,,
DO-10,Dominican Republic,Espaillat,,,,
DO-11,Dominican Republic,Hato Mayor,,,,
DO-07,Dominican Republic,Hermanas Mirabal,,,,
DO-12,Dominican Republic,Independencia,,,,
DO-13,Dominican Republic,La Altagracia,,,,
DO-14,Dominican Republic,La Romana,,,,
DO-28,Dominican Republic,La Vega,,,,
DO-15,Dominican Republic,Maria Trinidad Sanchez,,,,
DO-29,Dominican Republic,Monsenor Nouel,,,,
DO-16,Dominican Republic,Monte Cristi,,,,
DO-17,Dominican Republic,Monte Plata,,,,
DO-18,Dominican Republic,Pedernales,,,,
DO-19,Dominican Republic,Peravia,,,,
DO-20,Dominican Republic,Puerto Plata,,,,
DO-21,Dominican Republic,Samana,,,,
DO-31,Dominican Republic,San Cristobal,,,,
DO-22,Dominican Republic,San Jose de Ocoa,,,,
DO-23,Dominican Republic,San Juan,,,,
DO-24,Dominican Republic,San Pedro de Macoris,,,,
DO-25,Dominican Republic,Sanchez Ramirez,,,,
DO-26,Dominican Republic,Santiago,,,,
DO-32,Dominican Republic,Santiago Rodriguez,,,,
DO-01,Dominican Republic,Santo Domingo,,,,
DO-27,Dominican Republic,Valverde,,,,
EC-A,Ecuador,Azuay,2020-08-25 13:21:11.248702,4826,102,
EC-B,Ecuador,Bolivar,2020-08-25 13:21:11.248702,1402,54,
EC-F,Ecuador,Canar,2020-08-25 13:21:11.248702,1132,59,
EC-C,Ecuador,Carchi,2020-08-25 13:21:11.248702,1553,37,
EC-H,Ecuador,Chimborazo,2020-08-25 13:21:11.248702,3499,196,
EC-X,Ecuador,Cotopaxi,2020-08-25 13:21:11.248702,1765,42,
EC-O,Ecuador,El Oro,2020-08-25 13:21:11.248702,18510,1670,
EC-E,Ecuador,Esmeraldas,2020-08-25 13:21:11.248702,1934,250,
EC-W,Ecuador,Galapagos,2020-08-25 13:21:11.248702,2657,87,
EC-G,Ecuador,Guayas,2020-08-25 13:21:11.248702,4053,145,
EC-I,Ecuador,Imbabura,2020-08-25 13:21:11.248702,8032,868,
EC-L,Ecuador,Loja,2020-08-25 13:21:11.248702,1122,56,
EC-R,Ecuador,Los Rios,2020-08-25 13:21:11.248702,4159,358,
EC-M,Ecuador,Manabi,2020-08-25 13:21:11.248702,22501,884,
EC-S,Ecuador,Morona Santiago,2020-08-25 13:21:11.248702,3079,321,
EC-N,Ecuador,Napo,2020-08-25 13:21:11.248702,2399,18,
EC-D,Ecuador,Orellana,2020-08-25 13:21:11.248702,4385,296,
EC-Y,Ecuador,Pastaza,2020-08-25 13:21:11.248702,1235,339,
EC-P,Ecuador,Pichincha,2020-08-25 13:21:11.248702,3206,188,
EC-SE,Ecuador,Santa Elena,2020-08-25 13:21:11.248702,1941,71,
EC-SD,Ecuador,Santo Domingo de los Tsachilas,2020-08-25 13:21:11.248702,109,1,
EC-U,Ecuador,Sucumbios,2020-08-25 13:21:11.248702,2863,194,
EC-T,Ecuador,Tungurahua,2020-08-25 13:21:11.248702,1805,46,
EC-Z,Ecuador,Zamora-Chinchipe,2020-08-25 13:21:11.248702,1166,40,
SV-AH,El Salvador,Ahuachapan,,,,
SV-CA,El Salvador,Cabanas,,,,
SV-CH,El Salvador,Chalatenango,,,,
SV-CU,El Salvador,Cuscatlan,,,,
SV-LI,El Salvador,La Libertad,,,,
SV-PA,El Salvador,La Paz,,,,
SV-UN,El Salvador,La Unión,,,,
SV-MO,El Salvador,Morazan,,,,
SV-SM,El Salvador,San Miguel,,,,
SV-SS,El Salvador,San Salvador,,,,
SV-SV,El Salvador,San Vicente,,,,
SV-SA,El Salvador,Santa Ana,,,,
SV-SO,El Salvador,Sonsonate,,,,
SV-US,El Salvador,Usulutan,,,,
FR-GP,France,Guadeloupe,,,,
FR-GF,France,Guyane,,,,
FR-MQ,France,Martinique,,,,
FR-BL,France,Saint-Barthélemy,,,,
FR-MF,France,Saint-Martin,,,,
FR-PM,France,Saint-Pierre-et-Miquelon,,,,
GT-AV,Guatemala,Alta Verapaz,,,,
GT-BV,Guatemala,Baja Verapaz,,,,
GT-CM,Guatemala,Chimaltenango,,,,
GT-CQ,Guatemala,Chiquimula,,,,
GT-PR,Guatemala,El Progreso,,,,
GT-ES,Guatemala,Escuintla,,,,
GT-GU,Guatemala,Guatemala,,,,
GT-HU,Guatemala,Huehuetenango,,,,
GT-IZ,Guatemala,Izabal,,,,
GT-JA,Guatemala,Jalapa,,,,
GT-JU,Guatemala,Jutiapa,,,,
GT-PE,Guatemala,Petén,,,,
GT-QZ,Guatemala,Quetzaltenango,,,,
GT-QC,Guatemala,Quiché,,,,
GT-RE,Guatemala,Retalhuleu,,,,
GT-SA,Guatemala,Sacatepéquez,,,,
GT-SM,Guatemala,San Marcos,,,,
GT-SR,Guatemala,Santa Rosa,,,,
GT-SO,Guatemala,Sololá,,,,
GT-SU,Guatemala,Suchitepéquez,,,,
GT-TO,Guatemala,Totonicapán,,,,
GT-ZA,Guatemala,Zacapa,,,,
HT-AR,Haiti,Artibonite,,,,
HT-CE,Haiti,Centre,,,,
HT-GA,Haiti,Grande’Anse,,,,
HT-NI,Haiti,Nippes,,,,
HT-ND,Haiti,Nord,,,,
HT-NE,Haiti,Nord-Est,,,,
HT-NO,Haiti,Nord-Ouest,,,,
HT-OU,Haiti,Ouest,,,,
HT-SD,Haiti,Sud,,,,
HT-SE,Haiti,Sud-Est,,,,
HN-AT,Honduras,Atlantida,2020-08-25T15:00:14,3518,61,450
HN-CH,Honduras,Choluteca,2020-08-25T15:00:14,1689,50,150
HN-CL,Honduras,Colon,2020-08-25T15:00:14,1731,56,305
HN-CM,Honduras,Comayagua,2020-08-25T15:00:14,1269,65,77
HN-CP,Honduras,Copan,2020-08-25T15:00:14,581,35,122
HN-CR,Honduras,Cortes,2020-08-25T15:00:14,19032,617,4183
HN-EP,Honduras,El Paraiso,2020-08-25T15:00:14,1480,60,148
HN-FM,Honduras,Francisco Morazan,2020-08-25T15:00:14,16316,515,1540
HN-GD,Honduras,Gracias a Dios,2020-08-25T15:00:14,635,20,13
HN-IN,Honduras,Intibuca,2020-08-25T15:00:14,461,11,99
HN-IB,Honduras,Islas de la Bahia,2020-08-25T15:00:14,270,3,103
HN-LP,Honduras,La Paz,2020-08-25T15:00:14,777,27,64
HN-LE,Honduras,Lempira,2020-08-25T15:00:14,224,8,74
HN-OC,Honduras,Ocotepeque,2020-08-25T15:00:14,371,11,83
HN-OL,Honduras,Olancho,2020-08-25T15:00:14,933,60,64
HN-SB,Honduras,Santa Barbara,2020-08-25T15:00:14,1252,36,197
HN-VA,Honduras,Valle,2020-08-25T15:00:14,1384,26,156
HN-YO,Honduras,Yoro,2020-08-25T15:00:14,3556,22,730
MX-AGU,Mexico,Aguascalientes,2020-08-25T02:02:29,5359,366,
MX-BCN,Mexico,Baja California,2020-08-25T02:02:29,15954,3035,
MX-BCS,Mexico,Baja California Sur,2020-08-25T02:02:29,7009,313,
MX-CAM,Mexico,Campeche,2020-08-25T02:02:29,5516,731,
MX-CHP,Mexico,Chiapas,2020-08-25T02:02:29,5914,992,
MX-CHH,Mexico,Chihuahua,2020-08-25T02:02:29,7258,1074,
MX-CMX,Mexico,Ciudad de Mexico,2020-08-25T02:02:29,111239,10200,
MX-COA,Mexico,Coahuila,2020-08-25T02:02:29,20179,1245,
MX-COL,Mexico,Colima,2020-08-25T02:02:29,3403,375,
MX-DUR,Mexico,Durango,2020-08-25T02:02:29,5847,391,
MX-GUA,Mexico,Guanajuato,2020-08-25T02:02:29,28872,1592,
MX-GRO,Mexico,Guerrero,2020-08-25T02:02:29,13941,1597,
MX-HID,Mexico,Hidalgo,2020-08-25T02:02:29,9341,1491,
MX-JAL,Mexico,Jalisco,2020-08-25T02:02:29,18559,2249,
MX-MIC,Mexico,Michoacan,2020-08-25T02:02:29,13924,1069,
MX-MOR,Mexico,Morelos,2020-08-25T02:02:29,4747,944,
MX-MEX,Mexico,Mexico,2020-08-25T02:02:29,46877,7673,
MX-NAY,Mexico,Nayarit,2020-08-25T02:02:29,4634,538,
MX-NLE,Mexico,Nuevo Leon,2020-08-25T02:02:29,26924,2004,
MX-OAX,Mexico,Oaxaca,2020-08-25T02:02:29,12880,1194,
MX-PUE,Mexico,Puebla,2020-08-25T02:02:29,26324,3337,
MX-QUE,Mexico,Queretaro,2020-08-25T02:02:29,5875,668,
MX-ROO,Mexico,Quintana Roo,2020-08-25T02:02:29,9733,1321,
MX-SLP,Mexico,San Luis Potosi,2020-08-25T02:02:29,16373,994,
MX-SIN,Mexico,Sinaloa,2020-08-25T02:02:29,15391,2671,
MX-SON,Mexico,Sonora,2020-08-25T02:02:29,20816,2518,
MX-TAB,Mexico,Tabasco,2020-08-25T02:02:29,27395,2482,
MX-TAM,Mexico,Tamaulipas,2020-08-25T02:02:29,22866,1697,
MX-TLA,Mexico,Tlaxcala,2020-08-25T02:02:29,5232,867,
MX-VER,Mexico,Veracruz,2020-08-25T02:02:29,26848,3518,
MX-YUC,Mexico,Yucatan,2020-08-25T02:02:29,13779,1235,
MX-ZAC,Mexico,Zacatecas,2020-08-25T02:02:29,4696,419,
NI-BO,Nicaragua,Boaco,,,,
NI-CA,Nicaragua,Carazo,,,,
NI-CI,Nicaragua,Chinandega,,,,
NI-CO,Nicaragua,Chontales,,,,
NI-ES,Nicaragua,Estelí,,,,
NI-GR,Nicaragua,Granada,,,,
NI-JI,Nicaragua,Jinotega,,,,
NI-LE,Nicaragua,León,,,,
NI-MD,Nicaragua,Madriz,,,,
NI-MN,Nicaragua,Managua,,,,
NI-MS,Nicaragua,Masaya,,,,
NI-MT,Nicaragua,Matagalpa,,,,
NI-AN,Nicaragua,NCCAR,,,,
NI-NS,Nicaragua,Nueva Segovia,,,,
NI-RI,Nicaragua,Rio San Juan,,,,
NI-SJ,Nicaragua,Rivas,,,,
NI-AS,Nicaragua,SCCAR,,,,
PA-1,Panama,Bocas del Toro,,,,
PA-4,Panama,Chiriqui,,,,
PA-2,Panama,Cocle,,,,
PA-3,Panama,Colon,,,,
PA-5,Panama,Darien,,,,
PA-EM,Panama,Embera,,,,
PA-KY,Panama,Guna Yala,,,,
PA-6,Panama,Herrera,,,,
PA-7,Panama,Los Santos,,,,
PA-NB,Panama,Ngabe-Bugle,,,,
PA-8,Panama,Panama,,,,
PA-10,Panama,Panama Oeste,,,,
PA-9,Panama,Veraguas,,,,
PY-16,Paraguay,Alto Paraguay,,,,
PY-10,Paraguay,Alto Parana,,,,
PY-13,Paraguay,Amambay,,,,
PY-19,Paraguay,Boqueron,,,,
PY-5,Paraguay,Caaguazu,,,,
PY-6,Paraguay,Caazapa,,,,
PY-14,Paraguay,Canindeyu,,,,
PY-11,Paraguay,Central,,,,
PY-1,Paraguay,Concepcion,,,,
PY-3,Paraguay,Cordillera,,,,
PY-ASU,Paraguay,Distrito Capital,,,,
PY-4,Paraguay,Guaira,,,,
PY-7,Paraguay,Itapua,,,,
PY-8,Paraguay,Misiones,,,,
PY-12,Paraguay,Neembucu,,,,
PY-9,Paraguay,Paraguari,,,,
PY-15,Paraguay,Presidente Hayes,,,,
PY-2,Paraguay,San Pedro,,,,
PE-AMA,Peru,Amazonas,2020-08-25 13:21:11.248702,9622,188,
PE-ANC,Peru,Ancash,2020-08-25 13:21:11.248702,16949,1134,
PE-APU,Peru,Apurimac,2020-08-25 13:21:11.248702,2307,60,
PE-ARE,Peru,Arequipa,2020-08-25 13:21:11.248702,29502,1083,
PE-AYA,Peru,Ayacucho,2020-08-25 13:21:11.248702,7148,249,
PE-CAJ,Peru,Cajamarca,2020-08-25 13:21:11.248702,13452,373,
PE-CAL,Peru,Callao,2020-08-25 13:21:11.248702,26070,1528,
PE-CUS,Peru,Cusco,2020-08-25 13:21:11.248702,12322,264,
PE-HUV,Peru,Huancavelica,2020-08-25 13:21:11.248702,4194,72,
PE-HUC,Peru,Huanuco,2020-08-25 13:21:11.248702,10931,316,
PE-ICA,Peru,Ica,2020-08-25 13:21:11.248702,18531,1421,
PE-JUN,Peru,Junin,2020-08-25 13:21:11.248702,13400,603,
PE-LAL,Peru,La Libertad,2020-08-25 13:21:11.248702,21053,1998,
PE-LAM,Peru,Lambayeque,2020-08-25 13:21:11.248702,21204,1573,
PE-LIM,Peru,Lima,2020-08-25 13:21:11.248702,290528,12287,
PE-LOR,Peru,Loreto,2020-08-25 13:21:11.248702,14486,919,
PE-MDD,Peru,Madre de dios,2020-08-25 13:21:11.248702,5382,129,
PE-MOQ,Peru,Moquegua,2020-08-25 13:21:11.248702,7900,212,
PE-PAS,Peru,Pasco,2020-08-25 13:21:11.248702,3444,81,
PE-PIU,Peru,Piura,2020-08-25 13:21:11.248702,26452,1787,
PE-PUN,Peru,Puno,2020-08-25 13:21:11.248702,7392,203,
PE-SAM,Peru,San Martin,2020-08-25 13:21:11.248702,12460,650,
PE-TAC,Peru,Tacna,2020-08-25 13:21:11.248702,7290,123,
PE-TUM,Peru,Tumbes,2020-08-25 13:21:11.248702,5468,271,
PE-UCA,Peru,Ucayali,2020-08-25 13:21:11.248702,12951,289,
US-PR,United States,Puerto Rico,,,,
UY-AR,Uruguay,Artigas,,,,
UY-CA,Uruguay,Canelones,,,,
UY-CL,Uruguay,Cerro Largo,,,,
UY-CO,Uruguay,Colonia,,,,
UY-DU,Uruguay,Durazno,,,,
UY-FS,Uruguay,Flores,,,,
UY-FD,Uruguay,Florida,,,,
UY-LA,Uruguay,Lavalleja,,,,
UY-MA,Uruguay,Maldonado,,,,
UY-MO,Uruguay,Montevideo,,,,
UY-PA,Uruguay,Paysandu,,,,
UY-RN,Uruguay,Rio Negro,,,,
UY-RV,Uruguay,Rivera,,,,
UY-RO,Uruguay,Rocha,,,,
UY-SA,Uruguay,Salto,,,,
UY-SJ,Uruguay,San Jose,,,,
UY-SO,Uruguay,Soriano,,,,
UY-TA,Uruguay,Tacuarembo,,,,
UY-TT,Uruguay,Treinta y Tres,,,,
VE-Z,Venezuela,Amazonas,,,,
VE-B,Venezuela,Anzoategui,,,,
VE-C,Venezuela,Apure,,,,
VE-D,Venezuela,Aragua,,,,
VE-E,Venezuela,Barinas,,,,
VE-F,Venezuela,Bolivar,,,,
VE-G,Venezuela,Carabobo,,,,
VE-A,Venezuela,Caracas Distrito Capital,,,,
VE-H,Venezuela,Cojedes,,,,
VE-Y,Venezuela,Delta Amacuro,,,,
VE-W,Venezuela,Dependencias Federales,,,,
VE-I,Venezuela,Falcon,,,,
VE-J,Venezuela,Guarico,,,,
VE-K,Venezuela,Lara,,,,
VE-L,Venezuela,Merida,,,,
VE-M,Venezuela,Miranda,,,,
VE-N,Venezuela,Monagas,,,,
VE-O,Venezuela,Nueva Esparta,,,,
VE-P,Venezuela,Portuguesa,,,,
VE-R,Venezuela,Sucre,,,,
VE-S,Venezuela,Tachira,,,,
VE-T,Venezuela,Trujillo,,,,
VE-X,Venezuela,Vargas,,,,
VE-U,Venezuela,Yaracuy,,,,
VE-V,Venezuela,Zulia,,,,
