ISO 3166-2 Code,Country,Subdivision,Last Update,Confirmed,Deaths,Recovered
AR-B,Argentina,Buenos Aires,2020-04-17T00:05:00,572,43,70
AR-K,Argentina,Catamarca,2020-04-17T00:05:00,0,0,0
AR-H,Argentina,Chaco,2020-04-17T00:05:00,150,8,9
AR-U,Argentina,Chubut,2020-04-17T00:05:00,0,0,0
AR-C,Argentina,Ciudad Autonoma de Buenos Aires,2020-04-17T00:05:00,586,25,117
AR-X,Argentina,Cordoba,2020-04-17T00:05:00,206,3,1
AR-W,Argentina,Corrientes,2020-04-17T00:05:00,24,0,2
AR-E,Argentina,Entre Rios,2020-04-17T00:05:00,21,0,4
AR-P,Argentina,Formosa,2020-04-17T00:05:00,0,0,0
AR-Y,Argentina,Jujuy,2020-04-17T00:05:00,5,0,3
AR-L,Argentina,La Pampa,2020-04-17T00:05:00,5,0,0
AR-F,Argentina,La Rioja,2020-04-17T00:05:00,19,1,0
AR-M,Argentina,Mendoza,2020-04-17T00:05:00,57,5,2
AR-N,Argentina,Misiones,2020-04-17T00:05:00,3,0,0
AR-Q,Argentina,Neuquen,2020-04-17T00:05:00,86,4,1
AR-R,Argentina,Rio Negro,2020-04-17T00:05:00,78,1,2
AR-A,Argentina,Salta,2020-04-17T00:05:00,3,0,0
AR-J,Argentina,San Juan,2020-04-17T00:05:00,2,0,0
AR-D,Argentina,San Luis,2020-04-17T00:05:00,11,0,0
AR-Z,Argentina,Santa Cruz,2020-04-17T00:05:00,40,0,0
AR-S,Argentina,Santa Fe,2020-04-17T00:05:00,203,2,9
AR-G,Argentina,Santiago del Estero,2020-04-17T00:05:00,12,0,0
AR-V,Argentina,Tierra del Fuego,2020-04-17T00:05:00,95,0,0
AR-T,Argentina,Tucuman,2020-04-17T00:05:00,30,3,0
BO-B,Bolivia,Beni,2020-04-13T04:07:33,0,0,0
BO-H,Bolivia,Chuquisaca,2020-04-13T04:08:23,1,0,0
BO-C,Bolivia,Cochabamba,2020-04-13T04:08:23,52,4,0
BO-L,Bolivia,La Paz,2020-04-13T04:08:23,73,10,0
BO-O,Bolivia,Oruro,2020-04-13T04:08:23,13,2,1
BO-N,Bolivia,Pando,2020-04-13T04:08:23,11,0,0
BO-P,Bolivia,Potosi,2020-04-13T04:08:23,13,1,0
BO-S,Bolivia,Santa Cruz,2020-04-13T04:08:23,163,10,1
BO-T,Bolivia,Tarija,2020-04-27T16:16:15,2,0,
BR-AC,Brazil,Acre,2020-04-12,77,2,0
BR-AL,Brazil,Alagoas,2020-04-12,48,3,0
BR-AP,Brazil,Amapa,2020-04-12,230,5,0
BR-AM,Brazil,Amazonas,2020-04-12,1206,62,0
BR-BA,Brazil,Bahia,2020-04-12,673,21,0
BR-CE,Brazil,Ceara,2020-04-12,1676,74,0
BR-DF,Brazil,Distrito Federal,2020-04-12,614,14,0
BR-ES,Brazil,Espirito Santo,2020-04-12,383,9,0
BR-GO,Brazil,Goias,2020-04-12,229,14,0
BR-MA,Brazil,Maranhao,2020-04-12,398,24,0
BR-MT,Brazil,Mato Grosso,2020-04-12,123,3,0
BR-MS,Brazil,Mato Grosso do Sul,2020-04-12,101,2,0
BR-MG,Brazil,Minas Gerais,2020-04-12,806,20,0
BR-PA,Brazil,Para,2020-04-12,246,13,0
BR-PB,Brazil,Paraiba,2020-04-12,101,13,0
BR-PR,Brazil,Parana,2020-04-12,738,30,0
BR-PE,Brazil,Pernambuco,2020-04-12,960,85,0
BR-PI,Brazil,Piaui,2020-04-12,44,7,0
BR-RN,Brazil,Rio Grande do Norte,2020-04-12,302,15,0
BR-RS,Brazil,Rio Grande do Sul,2020-04-12,653,16,0
BR-RJ,Brazil,Rio de Janeiro,2020-04-12,2855,170,0
BR-RO,Brazil,Rondonia,2020-04-12,35,2,0
BR-RR,Brazil,Roraima,2020-04-12,79,3,0
BR-SC,Brazil,Santa Catarina,2020-04-12,768,24,0
BR-SP,Brazil,Sao Paulo,2020-04-12,8755,588,0
BR-SE,Brazil,Sergipe,2020-04-12,44,4,0
BR-TO,Brazil,Tocantins,2020-04-12,25,0,0
CL-AN,Chile,Antofagasta,2020-04-13T04:07:33,138,1,0
CL-AR,Chile,Araucania,2020-04-13T04:07:33,775,17,0
CL-AP,Chile,Arica y Parinacota,2020-04-13T04:07:33,115,1,0
CL-AT,Chile,Atacama,2020-04-13T04:07:33,13,0,0
CL-AI,Chile,Aysen,2020-04-13T04:07:33,7,0,0
CL-BI,Chile,Biobio,2020-04-13T04:07:33,500,2,0
CL-CO,Chile,Coquimbo,2020-04-13T04:07:33,66,0,0
CL-LL,Chile,Los Lagos,2020-04-13T04:07:33,372,5,0
CL-LR,Chile,Los Rios,2020-04-13T04:07:33,135,3,0
CL-MA,Chile,Magallanes,2020-04-13T04:07:33,396,4,0
CL-ML,Chile,Maule,2020-04-13T04:07:33,138,3,0
CL-NB,Chile,Nuble,2020-04-13T04:07:33,613,7,0
CL-LI,Chile,O'Higgins,2020-04-13T04:07:33,46,0,0
CL-RM,Chile,Santiago,2020-04-13T04:07:33,3599,35,0
CL-TA,Chile,Tarapaca,2020-04-13T04:07:33,46,0,0
CL-VS,Chile,Valparaiso,2020-04-13T04:07:33,254,2,0
CO-AMA,Colombia,Amazonas,2020-05-18 00:03:35.887078,0,0,
CO-ANT,Colombia,Antioquia,2020-05-18 00:03:35.887078,260,0,
CO-ARA,Colombia,Arauca,2020-05-18 00:03:35.887078,0,0,
CO-ATL,Colombia,Atlantico,2020-05-18 00:03:35.887078,89,0,
CO-DC,Colombia,Bogota,2020-05-18 00:03:35.887078,1161,55,
CO-BOL,Colombia,Bolivar,2020-05-18 00:03:35.887078,123,11,
CO-BOY,Colombia,Boyaca,2020-05-18 00:03:35.887078,0,0,
CO-CAL,Colombia,Caldas,2020-05-18 00:03:35.887078,34,0,
CO-CAQ,Colombia,Caqueta,2020-05-18 00:03:35.887078,0,0,
CO-CAS,Colombia,Casanare,2020-05-18 00:03:35.887078,0,0,
CO-CAU,Colombia,Cauca,2020-05-18 00:03:35.887078,27,4,
CO-CES,Colombia,Cesar,2020-05-18 00:03:35.887078,0,0,
CO-COR,Colombia,Choco,2020-05-18 00:03:35.887078,0,0,
CO-CUN,Colombia,Cordoba,2020-05-18 00:03:35.887078,0,0,
CO-CHO,Colombia,Cundinamarca,2020-05-18 00:03:35.887078,135,0,
CO-GUA,Colombia,Guainia,2020-05-18 00:03:35.887078,0,0,
CO-GUV,Colombia,Guaviare,2020-05-18 00:03:35.887078,0,0,
CO-HUI,Colombia,Huila,2020-05-18 00:03:35.887078,0,0,
CO-LAG,Colombia,La Guajira,2020-05-18 00:03:35.887078,0,0,
CO-MAG,Colombia,Magdalena,2020-05-18 00:03:35.887078,61,9,
CO-MET,Colombia,Meta,2020-05-18 00:03:35.887078,0,0,
CO-NAR,Colombia,Narino,2020-05-18 00:03:35.887078,0,0,
CO-NSA,Colombia,Norte de Santander,2020-05-18 00:03:35.887078,72,0,
CO-PUT,Colombia,Putumayo,2020-05-18 00:03:35.887078,0,0,
CO-QUI,Colombia,Quindio,2020-05-18 00:03:35.887078,0,0,
CO-RIS,Colombia,Risaralda,2020-05-18 00:03:35.887078,61,0,
CO-SAP,Colombia,San Andres y Providencia,2020-05-18 00:03:35.887078,0,0,
CO-SAN,Colombia,Santander,2020-05-18 00:03:35.887078,0,0,
CO-SUC,Colombia,Sucre,2020-05-18 00:03:35.887078,0,0,
CO-TOL,Colombia,Tolima,2020-05-18 00:03:35.887078,0,2,
CO-VAC,Colombia,Valle del Cauca,2020-05-18 00:03:35.887078,481,20,
CO-VAU,Colombia,Vaupes,2020-05-18 00:03:35.887078,0,0,
CO-VID,Colombia,Vichada,2020-05-18 00:03:35.887078,0,0,
CR-A,Costa Rica,Alajuela,2020-04-12,159,,
CR-C,Costa Rica,Cartago,2020-04-12,42,,
CR-G,Costa Rica,Guanacaste,2020-04-12,13,,
CR-H,Costa Rica,Heredia,2020-04-12,57,,
CR-L,Costa Rica,Limon,2020-04-12,5,,
CR-P,Costa Rica,Puntarenas,2020-04-12,28,,
CR-SJ,Costa Rica,San Jose,2020-04-12,291,,
CU-15,Cuba,Artemisa,,,,
CU-09,Cuba,Camagüey,,,,
CU-08,Cuba,Ciego de Ávila,,,,
CU-06,Cuba,Cienfuegos,,,,
CU-12,Cuba,Granma,,,,
CU-14,Cuba,Guantánamo,,,,
CU-11,Cuba,Holguín,,,,
CU-99,Cuba,Isla de la Juventud,,,,
CU-03,Cuba,La Habana,,,,
CU-10,Cuba,Las Tunas,,,,
CU-04,Cuba,Matanzas,,,,
CU-16,Cuba,Mayabeque,,,,
CU-01,Cuba,Pinar del Río,,,,
CU-07,Cuba,Sancti Spíritus,,,,
CU-13,Cuba,Santiago de Cuba,,,,
CU-05,Cuba,Villa Clara,,,,
DO-02,Dominican Republic,Azua,,,,
DO-03,Dominican Republic,Baoruco,,,,
DO-04,Dominican Republic,Barahona,,,,
DO-05,Dominican Republic,Dajabon,,,,
DO-06,Dominican Republic,Distrito Nacional,,,,
DO-08,Dominican Republic,Duarte,,,,
DO-09,Dominican Republic,El Seibo,,,,
DO-30,Dominican Republic,Elias Pina,,,,
DO-10,Dominican Republic,Espaillat,,,,
DO-11,Dominican Republic,Hato Mayor,,,,
DO-07,Dominican Republic,Hermanas Mirabal,,,,
DO-12,Dominican Republic,Independencia,,,,
DO-13,Dominican Republic,La Altagracia,,,,
DO-14,Dominican Republic,La Romana,,,,
DO-28,Dominican Republic,La Vega,,,,
DO-15,Dominican Republic,Maria Trinidad Sanchez,,,,
DO-29,Dominican Republic,Monsenor Nouel,,,,
DO-16,Dominican Republic,Monte Cristi,,,,
DO-17,Dominican Republic,Monte Plata,,,,
DO-18,Dominican Republic,Pedernales,,,,
DO-19,Dominican Republic,Peravia,,,,
DO-20,Dominican Republic,Puerto Plata,,,,
DO-21,Dominican Republic,Samana,,,,
DO-31,Dominican Republic,San Cristobal,,,,
DO-22,Dominican Republic,San Jose de Ocoa,,,,
DO-23,Dominican Republic,San Juan,,,,
DO-24,Dominican Republic,San Pedro de Macoris,,,,
DO-25,Dominican Republic,Sanchez Ramirez,,,,
DO-26,Dominican Republic,Santiago,,,,
DO-32,Dominican Republic,Santiago Rodriguez,,,,
DO-01,Dominican Republic,Santo Domingo,,,,
DO-27,Dominican Republic,Valverde,,,,
EC-A,Ecuador,Azuay,2020-05-19 13:24:09.144926,178,7,
EC-B,Ecuador,Bolivar,2020-05-19 13:24:09.144926,33,2,
EC-F,Ecuador,Canar,2020-05-19 13:24:09.144926,97,4,
EC-C,Ecuador,Carchi,2020-05-19 13:24:09.144926,6,0,
EC-H,Ecuador,Chimborazo,2020-05-19 13:24:09.144926,38,7,
EC-X,Ecuador,Cotopaxi,2020-05-19 13:24:09.144926,24,2,
EC-O,Ecuador,El Oro,2020-05-19 13:24:09.144926,5381,168,
EC-E,Ecuador,Esmeraldas,2020-05-19 13:24:09.144926,74,15,
EC-W,Ecuador,Galapagos,2020-05-19 13:24:09.144926,33,3,
EC-G,Ecuador,Guayas,2020-05-19 13:24:09.144926,65,2,
EC-I,Ecuador,Imbabura,2020-05-19 13:24:09.144926,214,29,
EC-L,Ecuador,Loja,2020-05-19 13:24:09.144926,6,0,
EC-R,Ecuador,Los Rios,2020-05-19 13:24:09.144926,150,27,
EC-M,Ecuador,Manabi,2020-05-19 13:24:09.144926,627,26,
EC-S,Ecuador,Morona Santiago,2020-05-19 13:24:09.144926,239,13,
EC-N,Ecuador,Napo,2020-05-19 13:24:09.144926,19,0,
EC-D,Ecuador,Orellana,2020-05-19 13:24:09.144926,60,8,
EC-Y,Ecuador,Pastaza,2020-05-19 13:24:09.144926,77,5,
EC-P,Ecuador,Pichincha,2020-05-19 13:24:09.144926,42,5,
EC-SE,Ecuador,Santa Elena,2020-05-19 13:24:09.144926,33,1,
EC-SD,Ecuador,Santo Domingo de los Tsachilas,2020-05-19 13:24:09.144926,11,1,
EC-U,Ecuador,Sucumbios,2020-05-19 13:24:09.144926,42,7,
EC-T,Ecuador,Tungurahua,2020-05-19 13:24:09.144926,13,0,
EC-Z,Ecuador,Zamora-Chinchipe,2020-05-19 13:24:09.144926,4,1,
SV-AH,El Salvador,Ahuachapan,,,,
SV-CA,El Salvador,Cabanas,,,,
SV-CH,El Salvador,Chalatenango,,,,
SV-CU,El Salvador,Cuscatlan,,,,
SV-LI,El Salvador,La Libertad,,,,
SV-PA,El Salvador,La Paz,,,,
SV-UN,El Salvador,La Unión,,,,
SV-MO,El Salvador,Morazan,,,,
SV-SM,El Salvador,San Miguel,,,,
SV-SS,El Salvador,San Salvador,,,,
SV-SV,El Salvador,San Vicente,,,,
SV-SA,El Salvador,Santa Ana,,,,
SV-SO,El Salvador,Sonsonate,,,,
SV-US,El Salvador,Usulutan,,,,
FR-GP,France,Guadeloupe,,,,
FR-GF,France,Guyane,,,,
FR-MQ,France,Martinique,,,,
FR-BL,France,Saint-Barthélemy,,,,
FR-MF,France,Saint-Martin,,,,
FR-PM,France,Saint-Pierre-et-Miquelon,,,,
GT-AV,Guatemala,Alta Verapaz,,,,
GT-BV,Guatemala,Baja Verapaz,,,,
GT-CM,Guatemala,Chimaltenango,,,,
GT-CQ,Guatemala,Chiquimula,,,,
GT-PR,Guatemala,El Progreso,,,,
GT-ES,Guatemala,Escuintla,,,,
GT-GU,Guatemala,Guatemala,,,,
GT-HU,Guatemala,Huehuetenango,,,,
GT-IZ,Guatemala,Izabal,,,,
GT-JA,Guatemala,Jalapa,,,,
GT-JU,Guatemala,Jutiapa,,,,
GT-PE,Guatemala,Petén,,,,
GT-QZ,Guatemala,Quetzaltenango,,,,
GT-QC,Guatemala,Quiché,,,,
GT-RE,Guatemala,Retalhuleu,,,,
GT-SA,Guatemala,Sacatepéquez,,,,
GT-SM,Guatemala,San Marcos,,,,
GT-SR,Guatemala,Santa Rosa,,,,
GT-SO,Guatemala,Sololá,,,,
GT-SU,Guatemala,Suchitepéquez,,,,
GT-TO,Guatemala,Totonicapán,,,,
GT-ZA,Guatemala,Zacapa,,,,
HT-AR,Haiti,Artibonite,,,,
HT-CE,Haiti,Centre,,,,
HT-GA,Haiti,Grande’Anse,,,,
HT-NI,Haiti,Nippes,,,,
HT-ND,Haiti,Nord,,,,
HT-NE,Haiti,Nord-Est,,,,
HT-NO,Haiti,Nord-Ouest,,,,
HT-OU,Haiti,Ouest,,,,
HT-SD,Haiti,Sud,,,,
HT-SE,Haiti,Sud-Est,,,,
HN-AT,Honduras,Atlantida,2020-04-13T04:09:57,16,2,2
HN-CH,Honduras,Choluteca,2020-04-13T04:09:57,2,0,0
HN-CL,Honduras,Colon,2020-04-13T04:09:57,28,1,0
HN-CM,Honduras,Comayagua,2020-04-13T04:09:57,2,0,0
HN-CP,Honduras,Copan,2020-04-13T04:09:57,1,0,0
HN-CR,Honduras,Cortes,2020-04-13T04:09:57,268,16,0
HN-EP,Honduras,El Paraiso,2020-04-13T04:09:57,0,0,0
HN-FM,Honduras,Francisco Morazan,2020-04-13T04:09:57,56,2,5
HN-GD,Honduras,Gracias a Dios,2020-04-13T04:09:57,0,0,0
HN-IN,Honduras,Intibuca,2020-04-13T04:09:57,0,0,0
HN-IB,Honduras,Islas de la Bahia,2020-04-13T04:09:57,0,0,0
HN-LP,Honduras,La Paz,2020-04-13T04:09:57,2,0,0
HN-LE,Honduras,Lempira,2020-04-13T04:09:57,4,1,0
HN-OC,Honduras,Ocotepeque,2020-04-13T04:09:57,0,0,0
HN-OL,Honduras,Olancho,2020-04-13T04:09:57,0,0,0
HN-SB,Honduras,Santa Barbara,2020-04-13T04:09:57,9,0,0
HN-VA,Honduras,Valle,2020-04-13T04:09:57,0,0,0
HN-YO,Honduras,Yoro,2020-04-13T04:09:57,9,3,0
MX-AGU,Mexico,Aguascalientes,2020-04-18T23:05:00,55,1,
MX-BCN,Mexico,Baja California,2020-04-18T23:05:00,335,22,
MX-BCS,Mexico,Baja California Sur,2020-04-18T23:05:00,120,2,
MX-CAM,Mexico,Campeche,2020-04-18T23:05:00,19,1,
MX-CHP,Mexico,Chiapas,2020-04-18T23:05:00,43,3,
MX-CHH,Mexico,Chihuahua,2020-04-18T23:05:00,61,12,
MX-CMX,Mexico,Ciudad de Mexico,2020-04-18T23:05:00,1328,56,
MX-COA,Mexico,Coahuila,2020-04-18T23:05:00,157,11,
MX-COL,Mexico,Colima,2020-04-18T23:05:00,7,0,
MX-DUR,Mexico,Durango,2020-04-18T23:05:00,16,4,
MX-GUA,Mexico,Guanajuato,2020-04-18T23:05:00,82,5,
MX-GRO,Mexico,Guerrero,2020-04-18T23:05:00,70,6,
MX-HID,Mexico,Hidalgo,2020-04-18T23:05:00,58,9,
MX-JAL,Mexico,Jalisco,2020-04-18T23:05:00,156,11,
MX-MEX,Mexico,Mexico,2020-04-18T23:05:00,523,22,
MX-MIC,Mexico,Michoacan,2020-04-18T23:05:00,61,9,
MX-MOR,Mexico,Morelos,2020-04-18T23:05:00,44,7,
MX-NAY,Mexico,Nayarit,2020-04-18T23:05:00,22,4,
MX-NLE,Mexico,Nuevo Leon,2020-04-18T23:05:00,124,5,
MX-OAX,Mexico,Oaxaca,2020-04-18T23:05:00,43,3,
MX-PUE,Mexico,Puebla,2020-04-18T23:05:00,256,20,
MX-QUE,Mexico,Queretaro,2020-04-18T23:05:00,61,3,
MX-ROO,Mexico,Quintana Roo,2020-04-18T23:05:00,223,19,
MX-SLP,Mexico,San Luis Potosi,2020-04-18T23:05:00,53,4,
MX-SIN,Mexico,Sinaloa,2020-04-18T23:05:00,229,24,
MX-SON,Mexico,Sonora,2020-04-18T23:05:00,69,5,
MX-TAB,Mexico,Tabasco,2020-04-18T23:05:00,153,12,
MX-TAM,Mexico,Tamaulipas,2020-04-18T23:05:00,53,3,
MX-TLA,Mexico,Tlaxcala,2020-04-18T23:05:00,40,2,
MX-VER,Mexico,Veracruz,2020-04-18T23:05:00,78,3,
MX-YUC,Mexico,Yucatan,2020-04-18T23:05:00,107,6,
MX-ZAC,Mexico,Zacatecas,2020-04-18T23:05:00,15,2,
NI-BO,Nicaragua,Boaco,,,,
NI-CA,Nicaragua,Carazo,,,,
NI-CI,Nicaragua,Chinandega,,,,
NI-CO,Nicaragua,Chontales,,,,
NI-ES,Nicaragua,Estelí,,,,
NI-GR,Nicaragua,Granada,,,,
NI-JI,Nicaragua,Jinotega,,,,
NI-LE,Nicaragua,León,,,,
NI-MD,Nicaragua,Madriz,,,,
NI-MN,Nicaragua,Managua,,,,
NI-MS,Nicaragua,Masaya,,,,
NI-MT,Nicaragua,Matagalpa,,,,
NI-AN,Nicaragua,NCCAR,,,,
NI-NS,Nicaragua,Nueva Segovia,,,,
NI-RI,Nicaragua,Rio San Juan,,,,
NI-SJ,Nicaragua,Rivas,,,,
NI-AS,Nicaragua,SCCAR,,,,
PA-1,Panama,Bocas del Toro,,,,
PA-4,Panama,Chiriqui,,,,
PA-2,Panama,Cocle,,,,
PA-3,Panama,Colon,,,,
PA-5,Panama,Darien,,,,
PA-EM,Panama,Embera,,,,
PA-KY,Panama,Guna Yala,,,,
PA-6,Panama,Herrera,,,,
PA-7,Panama,Los Santos,,,,
PA-NB,Panama,Ngabe-Bugle,,,,
PA-8,Panama,Panama,,,,
PA-10,Panama,Panama Oeste,,,,
PA-9,Panama,Veraguas,,,,
PY-16,Paraguay,Alto Paraguay,,,,
PY-10,Paraguay,Alto Parana,,,,
PY-13,Paraguay,Amambay,,,,
PY-19,Paraguay,Boqueron,,,,
PY-5,Paraguay,Caaguazu,,,,
PY-6,Paraguay,Caazapa,,,,
PY-14,Paraguay,Canindeyu,,,,
PY-11,Paraguay,Central,,,,
PY-1,Paraguay,Concepcion,,,,
PY-3,Paraguay,Cordillera,,,,
PY-ASU,Paraguay,Distrito Capital,,,,
PY-4,Paraguay,Guaira,,,,
PY-7,Paraguay,Itapua,,,,
PY-8,Paraguay,Misiones,,,,
PY-12,Paraguay,Neembucu,,,,
PY-9,Paraguay,Paraguari,,,,
PY-15,Paraguay,Presidente Hayes,,,,
PY-2,Paraguay,San Pedro,,,,
PE-AMA,Peru,Amazonas,2020-04-08T21:22:00,19,0,0
PE-ANC,Peru,Ancash,2020-04-27T16:32:15,102,,0
PE-APU,Peru,Apurimac,2020-04-08T21:22:00,5,0,0
PE-ARE,Peru,Arequipa,2020-04-27T16:32:15,86,,0
PE-AYA,Peru,Ayacucho,2020-04-08T21:22:00,11,0,0
PE-CAJ,Peru,Cajamarca,2020-04-08T21:22:00,11,0,0
PE-CAL,Peru,Callao,2020-04-27T16:33:15,596,,0
PE-CUS,Peru,Cusco,2020-04-27T16:33:15,59,,0
PE-HUV,Peru,Huancavelica,2020-04-27T16:33:15,9,,0
PE-HUC,Peru,Huanuco,2020-04-08T21:22:00,10,0,0
PE-ICA,Peru,Ica,2020-04-27T16:33:15,58,,0
PE-JUN,Peru,Junin,2020-04-27T16:33:15,64,,0
PE-LAL,Peru,La Libertad,2020-04-27T16:33:15,110,,0
PE-LAM,Peru,Lambayeque,2020-04-27T16:33:15,355,,0
PE-LIM,Peru,Lima,2020-04-27T16:33:15,5456,,0
PE-LOR,Peru,Loreto,2020-04-27T16:33:15,322,,0
PE-MDD,Peru,Madre de dios,2020-04-08T21:22:00,3,0,0
PE-MOQ,Peru,Moquegua,2020-04-08T21:22:00,10,0,0
PE-PAS,Peru,Pasco,2020-04-08T21:22:00,11,0,0
PE-PIU,Peru,Piura,2020-04-27T16:33:15,104,,0
PE-PUN,Peru,Puno,2020-04-08T21:22:00,2,0,0
PE-SAM,Peru,San Martin,2020-04-27T16:33:15,23,,0
PE-TAC,Peru,Tacna,2020-04-08T21:22:00,9,0,0
PE-TUM,Peru,Tumbes,2020-04-27T16:34:15,69,,0
PE-UCA,Peru,Ucayali,2020-04-08T21:22:00,15,0,0
US-PR,United States,Puerto Rico,,,,
UY-AR,Uruguay,Artigas,,,,
UY-CA,Uruguay,Canelones,,,,
UY-CL,Uruguay,Cerro Largo,,,,
UY-CO,Uruguay,Colonia,,,,
UY-DU,Uruguay,Durazno,,,,
UY-FS,Uruguay,Flores,,,,
UY-FD,Uruguay,Florida,,,,
UY-LA,Uruguay,Lavalleja,,,,
UY-MA,Uruguay,Maldonado,,,,
UY-MO,Uruguay,Montevideo,,,,
UY-PA,Uruguay,Paysandu,,,,
UY-RN,Uruguay,Rio Negro,,,,
UY-RV,Uruguay,Rivera,,,,
UY-RO,Uruguay,Rocha,,,,
UY-SA,Uruguay,Salto,,,,
UY-SJ,Uruguay,San Jose,,,,
UY-SO,Uruguay,Soriano,,,,
UY-TA,Uruguay,Tacuarembo,,,,
UY-TT,Uruguay,Treinta y Tres,,,,
VE-Z,Venezuela,Amazonas,,,,
VE-B,Venezuela,Anzoategui,,,,
VE-C,Venezuela,Apure,,,,
VE-D,Venezuela,Aragua,,,,
VE-E,Venezuela,Barinas,,,,
VE-F,Venezuela,Bolivar,,,,
VE-G,Venezuela,Carabobo,,,,
VE-A,Venezuela,Caracas Distrito Capital,,,,
VE-H,Venezuela,Cojedes,,,,
VE-Y,Venezuela,Delta Amacuro,,,,
VE-W,Venezuela,Dependencias Federales,,,,
VE-I,Venezuela,Falcon,,,,
VE-J,Venezuela,Guarico,,,,
VE-K,Venezuela,Lara,,,,
VE-L,Venezuela,Merida,,,,
VE-M,Venezuela,Miranda,,,,
VE-N,Venezuela,Monagas,,,,
VE-O,Venezuela,Nueva Esparta,,,,
VE-P,Venezuela,Portuguesa,,,,
VE-R,Venezuela,Sucre,,,,
VE-S,Venezuela,Tachira,,,,
VE-T,Venezuela,Trujillo,,,,
VE-X,Venezuela,Vargas,,,,
VE-U,Venezuela,Yaracuy,,,,
VE-V,Venezuela,Zulia,,,,
