ISO 3166-2 Code,Country,Subdivision,Last Update,Confirmed,Deaths,Recovered
AR-B,Argentina,Buenos Aires,,,,
AR-K,Argentina,Catamarca,,,,
AR-H,Argentina,Chaco,,,,
AR-U,Argentina,Chubut,,,,
AR-C,Argentina,Ciudad Autonoma de Buenos Aires,,,,
AR-X,Argentina,Cordoba,,,,
AR-W,Argentina,Corrientes,,,,
AR-E,Argentina,Entre Rios,,,,
AR-P,Argentina,Formosa,,,,
AR-Y,Argentina,Jujuy,,,,
AR-L,Argentina,La Pampa,,,,
AR-F,Argentina,La Rioja,,,,
AR-M,Argentina,Mendoza,,,,
AR-N,Argentina,Misiones,,,,
AR-Q,Argentina,Neuquen,,,,
AR-R,Argentina,Rio Negro,,,,
AR-A,Argentina,Salta,,,,
AR-J,Argentina,San Juan,,,,
AR-D,Argentina,San Luis,,,,
AR-Z,Argentina,Santa Cruz,,,,
AR-S,Argentina,Santa Fe,,,,
AR-G,Argentina,Santiago del Estero,,,,
AR-V,Argentina,Tierra del Fuego,,,,
AR-T,Argentina,Tucuman,,,,
BO-B,Bolivia,Beni,2020-08-07 19:19:15.787685,5729,303,
BO-H,Bolivia,Chuquisaca,2020-08-07 19:19:15.787685,2436,199,
BO-C,Bolivia,Cochabamba,2020-08-07 19:19:15.787685,10309,759,
BO-L,Bolivia,La Paz,2020-08-07 19:19:15.787685,19575,350,
BO-O,Bolivia,Oruro,2020-08-07 19:19:15.787685,4027,240,
BO-N,Bolivia,Pando,2020-08-07 19:19:15.787685,1517,135,
BO-P,Bolivia,Potosi,2020-08-07 19:19:15.787685,1760,98,
BO-S,Bolivia,Santa Cruz,2020-08-07 19:19:15.787685,36459,1275,
BO-T,Bolivia,Tarija,2020-08-07 19:19:15.787685,4611,106,
BR-AC,Brazil,Acre,,,,
BR-AL,Brazil,Alagoas,,,,
BR-AP,Brazil,Amapa,,,,
BR-AM,Brazil,Amazonas,,,,
BR-BA,Brazil,Bahia,,,,
BR-CE,Brazil,Ceara,,,,
BR-DF,Brazil,Distrito Federal,,,,
BR-ES,Brazil,Espiritu Santo,,,,
BR-GO,Brazil,Goias,,,,
BR-MA,Brazil,Maranhao,,,,
BR-MT,Brazil,Mato Grosso,,,,
BR-MS,Brazil,Mato Grosso do Sul,,,,
BR-MG,Brazil,Minas Gerais,,,,
BR-PA,Brazil,Para,,,,
BR-PB,Brazil,Paraiba,,,,
BR-PR,Brazil,Parana,,,,
BR-PE,Brazil,Pernambuco,,,,
BR-PI,Brazil,Piaui,,,,
BR-RJ,Brazil,Rio de Janeiro,,,,
BR-RN,Brazil,Rio Grande do Norte,,,,
BR-RS,Brazil,Rio Grande do Sul,,,,
BR-RO,Brazil,Rondonia,,,,
BR-RR,Brazil,Roraima,,,,
BR-SC,Brazil,Santa Catarina,,,,
BR-SP,Brazil,Sao Paulo,,,,
BR-SE,Brazil,Sergipe,,,,
BR-TO,Brazil,Tocantins,,,,
CL-AN,Chile,Antofagasta,2020-08-07T17:05:43,15711,372,14194
CL-AR,Chile,Araucania,2020-08-07T17:05:43,4344,82,3974
CL-AP,Chile,Arica y Parinacota,2020-08-07T17:05:43,4911,74,4151
CL-AT,Chile,Atacama,2020-08-07T17:05:43,3413,19,2569
CL-AI,Chile,Aysen,2020-08-07T17:05:43,86,1,73
CL-BI,Chile,Biobio,2020-08-07T17:05:43,12498,132,10887
CL-CO,Chile,Coquimbo,2020-08-07T17:05:43,7072,81,6023
CL-LL,Chile,Los Lagos,2020-08-07T17:05:43,4690,51,3642
CL-LR,Chile,Los Rios,2020-08-07T17:05:43,937,15,867
CL-MA,Chile,Magallanes,2020-08-07T17:05:43,1942,30,1684
CL-ML,Chile,Maule,2020-08-07T17:05:43,9639,197,8624
CL-NB,Chile,Nuble,2020-08-07T17:05:43,3703,68,3389
CL-LI,Chile,O'Higgins,2020-08-07T17:05:43,11220,263,10190
CL-RM,Chile,Santiago,2020-08-07T17:05:43,260657,7847,246685
CL-TA,Chile,Tarapaca,2020-08-07T17:05:43,9252,178,8341
CL-VS,Chile,Valparaiso,2020-08-07T17:05:43,18682,547,16814
CO-AMA,Colombia,Amazonas,2020-08-07 19:19:15.787685,0,0,
CO-ANT,Colombia,Antioquia,2020-08-07 19:19:15.787685,0,0,
CO-ARA,Colombia,Arauca,2020-08-07 19:19:15.787685,0,0,
CO-ATL,Colombia,Atlantico,2020-08-07 19:19:15.787685,0,0,
CO-DC,Colombia,Bogota,2020-08-07 19:19:15.787685,0,0,
CO-BOL,Colombia,Bolivar,2020-08-07 19:19:15.787685,0,0,
CO-BOY,Colombia,Boyaca,2020-08-07 19:19:15.787685,0,0,
CO-CAL,Colombia,Caldas,2020-08-07 19:19:15.787685,0,0,
CO-CAQ,Colombia,Caqueta,2020-08-07 19:19:15.787685,0,0,
CO-CAS,Colombia,Casanare,2020-08-07 19:19:15.787685,0,0,
CO-CAU,Colombia,Cauca,2020-08-07 19:19:15.787685,0,0,
CO-CES,Colombia,Cesar,2020-08-07 19:19:15.787685,0,0,
CO-COR,Colombia,Choco,2020-08-07 19:19:15.787685,0,0,
CO-CUN,Colombia,Cordoba,2020-08-07 19:19:15.787685,0,0,
CO-CHO,Colombia,Cundinamarca,2020-08-07 19:19:15.787685,0,0,
CO-GUA,Colombia,Guainia,2020-08-07 19:19:15.787685,0,0,
CO-GUV,Colombia,Guaviare,2020-08-07 19:19:15.787685,0,0,
CO-HUI,Colombia,Huila,2020-08-07 19:19:15.787685,0,0,
CO-LAG,Colombia,La Guajira,2020-08-07 19:19:15.787685,0,0,
CO-MAG,Colombia,Magdalena,2020-08-07 19:19:15.787685,0,0,
CO-MET,Colombia,Meta,2020-08-07 19:19:15.787685,0,0,
CO-NAR,Colombia,Narino,2020-08-07 19:19:15.787685,0,0,
CO-NSA,Colombia,Norte de Santander,2020-08-07 19:19:15.787685,0,0,
CO-PUT,Colombia,Putumayo,2020-08-07 19:19:15.787685,0,0,
CO-QUI,Colombia,Quindio,2020-08-07 19:19:15.787685,0,0,
CO-RIS,Colombia,Risaralda,2020-08-07 19:19:15.787685,0,0,
CO-SAP,Colombia,San Andres y Providencia,2020-08-07 19:19:15.787685,0,0,
CO-SAN,Colombia,Santander,2020-08-07 19:19:15.787685,0,0,
CO-SUC,Colombia,Sucre,2020-08-07 19:19:15.787685,0,0,
CO-TOL,Colombia,Tolima,2020-08-07 19:19:15.787685,0,0,
CO-VAC,Colombia,Valle del Cauca,2020-08-07 19:19:15.787685,0,0,
CO-VAU,Colombia,Vaupes,2020-08-07 19:19:15.787685,0,0,
CO-VID,Colombia,Vichada,2020-08-07 19:19:15.787685,0,0,
CR-A,Costa Rica,Alajuela,,,,
CR-C,Costa Rica,Cartago,,,,
CR-G,Costa Rica,Guanacaste,,,,
CR-H,Costa Rica,Heredia,,,,
CR-L,Costa Rica,Limon,,,,
CR-P,Costa Rica,Puntarenas,,,,
CR-SJ,Costa Rica,San Jose,,,,
CU-15,Cuba,Artemisa,2020-08-07 19:19:15.787685,0,0,
CU-09,Cuba,Camagüey,2020-08-07 19:19:15.787685,0,0,
CU-08,Cuba,Ciego de Ávila,2020-08-07 19:19:15.787685,0,0,
CU-06,Cuba,Cienfuegos,2020-08-07 19:19:15.787685,0,0,
CU-12,Cuba,Granma,2020-08-07 19:19:15.787685,0,0,
CU-14,Cuba,Guantánamo,2020-08-07 19:19:15.787685,0,0,
CU-11,Cuba,Holguín,2020-08-07 19:19:15.787685,0,0,
CU-99,Cuba,Isla de la Juventud,2020-08-07 19:19:15.787685,0,0,
CU-03,Cuba,La Habana,2020-08-07 19:19:15.787685,0,0,
CU-10,Cuba,Las Tunas,2020-08-07 19:19:15.787685,0,0,
CU-04,Cuba,Matanzas,2020-08-07 19:19:15.787685,0,0,
CU-16,Cuba,Mayabeque,2020-08-07 19:19:15.787685,0,0,
CU-01,Cuba,Pinar del Río,2020-08-07 19:19:15.787685,0,0,
CU-07,Cuba,Sancti Spíritus,2020-08-07 19:19:15.787685,0,0,
CU-13,Cuba,Santiago de Cuba,2020-08-07 19:19:15.787685,0,0,
CU-05,Cuba,Villa Clara,2020-08-07 19:19:15.787685,0,0,
DO-02,Dominican Republic,Azua,,,,
DO-03,Dominican Republic,Baoruco,,,,
DO-04,Dominican Republic,Barahona,,,,
DO-05,Dominican Republic,Dajabon,,,,
DO-06,Dominican Republic,Distrito Nacional,,,,
DO-08,Dominican Republic,Duarte,,,,
DO-09,Dominican Republic,El Seibo,,,,
DO-30,Dominican Republic,Elias Pina,,,,
DO-10,Dominican Republic,Espaillat,,,,
DO-11,Dominican Republic,Hato Mayor,,,,
DO-07,Dominican Republic,Hermanas Mirabal,,,,
DO-12,Dominican Republic,Independencia,,,,
DO-13,Dominican Republic,La Altagracia,,,,
DO-14,Dominican Republic,La Romana,,,,
DO-28,Dominican Republic,La Vega,,,,
DO-15,Dominican Republic,Maria Trinidad Sanchez,,,,
DO-29,Dominican Republic,Monsenor Nouel,,,,
DO-16,Dominican Republic,Monte Cristi,,,,
DO-17,Dominican Republic,Monte Plata,,,,
DO-18,Dominican Republic,Pedernales,,,,
DO-19,Dominican Republic,Peravia,,,,
DO-20,Dominican Republic,Puerto Plata,,,,
DO-21,Dominican Republic,Samana,,,,
DO-31,Dominican Republic,San Cristobal,,,,
DO-22,Dominican Republic,San Jose de Ocoa,,,,
DO-23,Dominican Republic,San Juan,,,,
DO-24,Dominican Republic,San Pedro de Macoris,,,,
DO-25,Dominican Republic,Sanchez Ramirez,,,,
DO-26,Dominican Republic,Santiago,,,,
DO-32,Dominican Republic,Santiago Rodriguez,,,,
DO-01,Dominican Republic,Santo Domingo,,,,
DO-27,Dominican Republic,Valverde,,,,
EC-A,Ecuador,Azuay,2020-08-07 19:19:15.787685,3876,93,
EC-B,Ecuador,Bolivar,2020-08-07 19:19:15.787685,1174,53,
EC-F,Ecuador,Canar,2020-08-07 19:19:15.787685,867,56,
EC-C,Ecuador,Carchi,2020-08-07 19:19:15.787685,1385,34,
EC-H,Ecuador,Chimborazo,2020-08-07 19:19:15.787685,3264,190,
EC-X,Ecuador,Cotopaxi,2020-08-07 19:19:15.787685,1138,30,
EC-O,Ecuador,El Oro,2020-08-07 19:19:15.787685,17863,1664,
EC-E,Ecuador,Esmeraldas,2020-08-07 19:19:15.787685,1592,226,
EC-W,Ecuador,Galapagos,2020-08-07 19:19:15.787685,1693,76,
EC-G,Ecuador,Guayas,2020-08-07 19:19:15.787685,2940,105,
EC-I,Ecuador,Imbabura,2020-08-07 19:19:15.787685,6946,812,
EC-L,Ecuador,Loja,2020-08-07 19:19:15.787685,950,49,
EC-R,Ecuador,Los Rios,2020-08-07 19:19:15.787685,3414,339,
EC-M,Ecuador,Manabi,2020-08-07 19:19:15.787685,17248,763,
EC-S,Ecuador,Morona Santiago,2020-08-07 19:19:15.787685,2924,319,
EC-N,Ecuador,Napo,2020-08-07 19:19:15.787685,2141,14,
EC-D,Ecuador,Orellana,2020-08-07 19:19:15.787685,3837,259,
EC-Y,Ecuador,Pastaza,2020-08-07 19:19:15.787685,1164,331,
EC-P,Ecuador,Pichincha,2020-08-07 19:19:15.787685,2268,172,
EC-SE,Ecuador,Santa Elena,2020-08-07 19:19:15.787685,1415,57,
EC-SD,Ecuador,Santo Domingo de los Tsachilas,2020-08-07 19:19:15.787685,104,1,
EC-U,Ecuador,Sucumbios,2020-08-07 19:19:15.787685,2297,172,
EC-T,Ecuador,Tungurahua,2020-08-07 19:19:15.787685,1497,44,
EC-Z,Ecuador,Zamora-Chinchipe,2020-08-07 19:19:15.787685,1016,38,
SV-AH,El Salvador,Ahuachapan,,,,
SV-CA,El Salvador,Cabanas,,,,
SV-CH,El Salvador,Chalatenango,,,,
SV-CU,El Salvador,Cuscatlan,,,,
SV-LI,El Salvador,La Libertad,,,,
SV-PA,El Salvador,La Paz,,,,
SV-UN,El Salvador,La Unión,,,,
SV-MO,El Salvador,Morazan,,,,
SV-SM,El Salvador,San Miguel,,,,
SV-SS,El Salvador,San Salvador,,,,
SV-SV,El Salvador,San Vicente,,,,
SV-SA,El Salvador,Santa Ana,,,,
SV-SO,El Salvador,Sonsonate,,,,
SV-US,El Salvador,Usulutan,,,,
FR-GP,France,Guadeloupe,,,,
FR-GF,France,Guyane,,,,
FR-MQ,France,Martinique,,,,
FR-BL,France,Saint-Barthélemy,,,,
FR-MF,France,Saint-Martin,,,,
FR-PM,France,Saint-Pierre-et-Miquelon,,,,
GT-AV,Guatemala,Alta Verapaz,,,,
GT-BV,Guatemala,Baja Verapaz,,,,
GT-CM,Guatemala,Chimaltenango,,,,
GT-CQ,Guatemala,Chiquimula,,,,
GT-PR,Guatemala,El Progreso,,,,
GT-ES,Guatemala,Escuintla,,,,
GT-GU,Guatemala,Guatemala,,,,
GT-HU,Guatemala,Huehuetenango,,,,
GT-IZ,Guatemala,Izabal,,,,
GT-JA,Guatemala,Jalapa,,,,
GT-JU,Guatemala,Jutiapa,,,,
GT-PE,Guatemala,Petén,,,,
GT-QZ,Guatemala,Quetzaltenango,,,,
GT-QC,Guatemala,Quiché,,,,
GT-RE,Guatemala,Retalhuleu,,,,
GT-SA,Guatemala,Sacatepéquez,,,,
GT-SM,Guatemala,San Marcos,,,,
GT-SR,Guatemala,Santa Rosa,,,,
GT-SO,Guatemala,Sololá,,,,
GT-SU,Guatemala,Suchitepéquez,,,,
GT-TO,Guatemala,Totonicapán,,,,
GT-ZA,Guatemala,Zacapa,,,,
HT-AR,Haiti,Artibonite,,,,
HT-CE,Haiti,Centre,,,,
HT-GA,Haiti,Grande’Anse,,,,
HT-NI,Haiti,Nippes,,,,
HT-ND,Haiti,Nord,,,,
HT-NE,Haiti,Nord-Est,,,,
HT-NO,Haiti,Nord-Ouest,,,,
HT-OU,Haiti,Ouest,,,,
HT-SD,Haiti,Sud,,,,
HT-SE,Haiti,Sud-Est,,,,
HN-AT,Honduras,Atlantida,,,,
HN-CH,Honduras,Choluteca,,,,
HN-CL,Honduras,Colon,,,,
HN-CM,Honduras,Comayagua,,,,
HN-CP,Honduras,Copan,,,,
HN-CR,Honduras,Cortes,,,,
HN-EP,Honduras,El Paraiso,,,,
HN-FM,Honduras,Francisco Morazan,,,,
HN-GD,Honduras,Gracias a Dios,,,,
HN-IN,Honduras,Intibuca,,,,
HN-IB,Honduras,Islas de la Bahia,,,,
HN-LP,Honduras,La Paz,,,,
HN-LE,Honduras,Lempira,,,,
HN-OC,Honduras,Ocotepeque,,,,
HN-OL,Honduras,Olancho,,,,
HN-SB,Honduras,Santa Barbara,,,,
HN-VA,Honduras,Valle,,,,
HN-YO,Honduras,Yoro,,,,
MX-AGU,Mexico,Aguascalientes,2020-08-08T06:56:02,4466,279,
MX-BCN,Mexico,Baja California,2020-08-08T06:56:02,14108,2735,
MX-BCS,Mexico,Baja California Sur,2020-08-08T06:56:02,5130,208,
MX-CAM,Mexico,Campeche,2020-08-08T06:56:02,5013,583,
MX-CHP,Mexico,Chiapas,2020-08-08T06:56:02,5678,942,
MX-CHH,Mexico,Chihuahua,2020-08-08T06:56:02,5699,952,
MX-CMX,Mexico,Ciudad de Mexico,2020-08-08T06:56:02,95612,9309,
MX-COA,Mexico,Coahuila,2020-08-08T06:56:02,15003,820,
MX-COL,Mexico,Colima,2020-08-08T06:56:02,2232,261,
MX-DUR,Mexico,Durango,2020-08-08T06:56:02,4571,326,
MX-GUA,Mexico,Guanajuato,2020-08-08T06:56:02,23516,1168,
MX-GRO,Mexico,Guerrero,2020-08-08T06:56:02,11738,1430,
MX-HID,Mexico,Hidalgo,2020-08-08T06:56:02,7431,1177,
MX-JAL,Mexico,Jalisco,2020-08-08T06:56:02,14573,1720,
MX-MIC,Mexico,Michoacan,2020-08-08T06:56:02,10871,829,
MX-MOR,Mexico,Morelos,2020-08-08T06:56:02,4142,868,
MX-MEX,Mexico,Mexico,2020-08-08T06:56:02,40583,6869,
MX-NAY,Mexico,Nayarit,2020-08-08T06:56:02,3739,436,
MX-NLE,Mexico,Nuevo Leon,2020-08-08T06:56:02,21188,1393,
MX-OAX,Mexico,Oaxaca,2020-08-08T06:56:02,11304,1011,
MX-PUE,Mexico,Puebla,2020-08-08T06:56:02,22349,2732,
MX-QUE,Mexico,Queretaro,2020-08-08T06:56:02,4342,535,
MX-ROO,Mexico,Quintana Roo,2020-08-08T06:56:02,8424,1091,
MX-SLP,Mexico,San Luis Potosi,2020-08-08T06:56:02,11732,599,
MX-SIN,Mexico,Sinaloa,2020-08-08T06:56:02,13590,2348,
MX-SON,Mexico,Sonora,2020-08-08T06:56:02,18915,2248,
MX-TAB,Mexico,Tabasco,2020-08-08T06:56:02,23960,2171,
MX-TAM,Mexico,Tamaulipas,2020-08-08T06:56:02,17728,1254,
MX-TLA,Mexico,Tlaxcala,2020-08-08T06:56:02,4554,732,
MX-VER,Mexico,Veracruz,2020-08-08T06:56:02,22752,2990,
MX-YUC,Mexico,Yucatan,2020-08-08T06:56:02,11273,992,
MX-ZAC,Mexico,Zacatecas,2020-08-08T06:56:02,3191,303,
NI-BO,Nicaragua,Boaco,,,,
NI-CA,Nicaragua,Carazo,,,,
NI-CI,Nicaragua,Chinandega,,,,
NI-CO,Nicaragua,Chontales,,,,
NI-ES,Nicaragua,Estelí,,,,
NI-GR,Nicaragua,Granada,,,,
NI-JI,Nicaragua,Jinotega,,,,
NI-LE,Nicaragua,León,,,,
NI-MD,Nicaragua,Madriz,,,,
NI-MN,Nicaragua,Managua,,,,
NI-MS,Nicaragua,Masaya,,,,
NI-MT,Nicaragua,Matagalpa,,,,
NI-AN,Nicaragua,NCCAR,,,,
NI-NS,Nicaragua,Nueva Segovia,,,,
NI-RI,Nicaragua,Rio San Juan,,,,
NI-SJ,Nicaragua,Rivas,,,,
NI-AS,Nicaragua,SCCAR,,,,
PA-1,Panama,Bocas del Toro,,,,
PA-4,Panama,Chiriqui,,,,
PA-2,Panama,Cocle,,,,
PA-3,Panama,Colon,,,,
PA-5,Panama,Darien,,,,
PA-EM,Panama,Embera,,,,
PA-KY,Panama,Guna Yala,,,,
PA-6,Panama,Herrera,,,,
PA-7,Panama,Los Santos,,,,
PA-NB,Panama,Ngabe-Bugle,,,,
PA-8,Panama,Panama,,,,
PA-10,Panama,Panama Oeste,,,,
PA-9,Panama,Veraguas,,,,
PY-16,Paraguay,Alto Paraguay,,,,
PY-10,Paraguay,Alto Parana,,,,
PY-13,Paraguay,Amambay,,,,
PY-19,Paraguay,Boqueron,,,,
PY-5,Paraguay,Caaguazu,,,,
PY-6,Paraguay,Caazapa,,,,
PY-14,Paraguay,Canindeyu,,,,
PY-11,Paraguay,Central,,,,
PY-1,Paraguay,Concepcion,,,,
PY-3,Paraguay,Cordillera,,,,
PY-ASU,Paraguay,Distrito Capital,,,,
PY-4,Paraguay,Guaira,,,,
PY-7,Paraguay,Itapua,,,,
PY-8,Paraguay,Misiones,,,,
PY-12,Paraguay,Neembucu,,,,
PY-9,Paraguay,Paraguari,,,,
PY-15,Paraguay,Presidente Hayes,,,,
PY-2,Paraguay,San Pedro,,,,
PE-AMA,Peru,Amazonas,2020-08-07 19:19:15.787685,0,0,
PE-ANC,Peru,Ancash,2020-08-07 19:19:15.787685,0,0,
PE-APU,Peru,Apurimac,2020-08-07 19:19:15.787685,0,0,
PE-ARE,Peru,Arequipa,2020-08-07 19:19:15.787685,0,0,
PE-AYA,Peru,Ayacucho,2020-08-07 19:19:15.787685,0,0,
PE-CAJ,Peru,Cajamarca,2020-08-07 19:19:15.787685,0,0,
PE-CAL,Peru,Callao,2020-08-07 19:19:15.787685,0,0,
PE-CUS,Peru,Cusco,2020-08-07 19:19:15.787685,0,0,
PE-HUV,Peru,Huancavelica,2020-08-07 19:19:15.787685,0,0,
PE-HUC,Peru,Huanuco,2020-08-07 19:19:15.787685,0,0,
PE-ICA,Peru,Ica,2020-08-07 19:19:15.787685,0,0,
PE-JUN,Peru,Junin,2020-08-07 19:19:15.787685,0,0,
PE-LAL,Peru,La Libertad,2020-08-07 19:19:15.787685,0,0,
PE-LAM,Peru,Lambayeque,2020-08-07 19:19:15.787685,0,0,
PE-LIM,Peru,Lima,2020-08-07 19:19:15.787685,0,0,
PE-LOR,Peru,Loreto,2020-08-07 19:19:15.787685,0,0,
PE-MDD,Peru,Madre de dios,2020-08-07 19:19:15.787685,0,0,
PE-MOQ,Peru,Moquegua,2020-08-07 19:19:15.787685,0,0,
PE-PAS,Peru,Pasco,2020-08-07 19:19:15.787685,0,0,
PE-PIU,Peru,Piura,2020-08-07 19:19:15.787685,0,0,
PE-PUN,Peru,Puno,2020-08-07 19:19:15.787685,0,0,
PE-SAM,Peru,San Martin,2020-08-07 19:19:15.787685,0,0,
PE-TAC,Peru,Tacna,2020-08-07 19:19:15.787685,0,0,
PE-TUM,Peru,Tumbes,2020-08-07 19:19:15.787685,0,0,
PE-UCA,Peru,Ucayali,2020-08-07 19:19:15.787685,0,0,
US-PR,United States,Puerto Rico,,,,
UY-AR,Uruguay,Artigas,,,,
UY-CA,Uruguay,Canelones,,,,
UY-CL,Uruguay,Cerro Largo,,,,
UY-CO,Uruguay,Colonia,,,,
UY-DU,Uruguay,Durazno,,,,
UY-FS,Uruguay,Flores,,,,
UY-FD,Uruguay,Florida,,,,
UY-LA,Uruguay,Lavalleja,,,,
UY-MA,Uruguay,Maldonado,,,,
UY-MO,Uruguay,Montevideo,,,,
UY-PA,Uruguay,Paysandu,,,,
UY-RN,Uruguay,Rio Negro,,,,
UY-RV,Uruguay,Rivera,,,,
UY-RO,Uruguay,Rocha,,,,
UY-SA,Uruguay,Salto,,,,
UY-SJ,Uruguay,San Jose,,,,
UY-SO,Uruguay,Soriano,,,,
UY-TA,Uruguay,Tacuarembo,,,,
UY-TT,Uruguay,Treinta y Tres,,,,
VE-Z,Venezuela,Amazonas,,,,
VE-B,Venezuela,Anzoategui,,,,
VE-C,Venezuela,Apure,,,,
VE-D,Venezuela,Aragua,,,,
VE-E,Venezuela,Barinas,,,,
VE-F,Venezuela,Bolivar,,,,
VE-G,Venezuela,Carabobo,,,,
VE-A,Venezuela,Caracas Distrito Capital,,,,
VE-H,Venezuela,Cojedes,,,,
VE-Y,Venezuela,Delta Amacuro,,,,
VE-W,Venezuela,Dependencias Federales,,,,
VE-I,Venezuela,Falcon,,,,
VE-J,Venezuela,Guarico,,,,
VE-K,Venezuela,Lara,,,,
VE-L,Venezuela,Merida,,,,
VE-M,Venezuela,Miranda,,,,
VE-N,Venezuela,Monagas,,,,
VE-O,Venezuela,Nueva Esparta,,,,
VE-P,Venezuela,Portuguesa,,,,
VE-R,Venezuela,Sucre,,,,
VE-S,Venezuela,Tachira,,,,
VE-T,Venezuela,Trujillo,,,,
VE-X,Venezuela,Vargas,,,,
VE-U,Venezuela,Yaracuy,,,,
VE-V,Venezuela,Zulia,,,,
