ISO 3166-2 Code,Country,Subdivision,Last Update,Confirmed,Deaths,Recovered
AR-B,Argentina,Buenos Aires,2022-02-21T23:00:37.258548,3101452,0,
AR-K,Argentina,Catamarca,2022-02-21T23:00:37.258548,84724,0,
AR-H,Argentina,Chaco,2022-02-21T23:00:37.258548,161491,0,
AR-U,Argentina,Chubut,2022-02-21T23:00:37.258548,86600,0,
AR-C,Argentina,Ciudad Autonoma de Buenos Aires,2022-02-21T23:00:37.258548,974048,0,
AR-X,Argentina,Cordoba,2022-02-21T23:00:37.258548,935760,0,
AR-W,Argentina,Corrientes,2022-02-21T23:00:37.258548,0,0,
AR-E,Argentina,Entre Rios,2022-02-21T23:00:37.258548,0,0,
AR-P,Argentina,Formosa,2022-02-21T23:00:37.258548,110724,0,
AR-Y,Argentina,Jujuy,2022-02-21T23:00:37.258548,104243,0,
AR-L,Argentina,La Pampa,2022-02-21T23:00:37.258548,102271,0,
AR-F,Argentina,La Rioja,2022-02-21T23:00:37.258548,50429,0,
AR-M,Argentina,Mendoza,2022-02-21T23:00:37.258548,247561,0,
AR-N,Argentina,Misiones,2022-02-21T23:00:37.258548,54045,1043,
AR-Q,Argentina,Neuquen,2022-02-21T23:00:37.258548,129656,0,
AR-R,Argentina,Rio Negro,2022-02-21T23:00:37.258548,116729,0,
AR-A,Argentina,Salta,2022-02-21T23:00:37.258548,150783,0,
AR-J,Argentina,San Juan,2022-02-21T23:00:37.258548,0,0,
AR-D,Argentina,San Luis,2022-02-21T23:00:37.258548,132403,0,
AR-Z,Argentina,Santa Cruz,2022-02-21T23:00:37.258548,81055,0,
AR-S,Argentina,Santa Fe,2022-02-21T23:00:37.258548,666238,0,
AR-G,Argentina,Santiago del Estero,2022-02-21T23:00:37.258548,0,0,
AR-V,Argentina,Tierra del Fuego,2022-02-21T23:00:37.258548,0,0,
AR-T,Argentina,Tucuman,2022-02-21T23:00:37.258548,328358,0,
BO-B,Bolivia,Beni,,,,
BO-H,Bolivia,Chuquisaca,,,,
BO-C,Bolivia,Cochabamba,,,,
BO-L,Bolivia,La Paz,,,,
BO-O,Bolivia,Oruro,,,,
BO-N,Bolivia,Pando,,,,
BO-P,Bolivia,Potosi,,,,
BO-S,Bolivia,Santa Cruz,,,,
BO-T,Bolivia,Tarija,,,,
BR-AC,Brazil,Acre,,,,
BR-AL,Brazil,Alagoas,,,,
BR-AP,Brazil,Amapa,,,,
BR-AM,Brazil,Amazonas,,,,
BR-BA,Brazil,Bahia,,,,
BR-CE,Brazil,Ceara,,,,
BR-DF,Brazil,Distrito Federal,,,,
BR-ES,Brazil,Espiritu Santo,,,,
BR-GO,Brazil,Goias,,,,
BR-MA,Brazil,Maranhao,,,,
BR-MT,Brazil,Mato Grosso,,,,
BR-MS,Brazil,Mato Grosso do Sul,,,,
BR-MG,Brazil,Minas Gerais,,,,
BR-PA,Brazil,Para,,,,
BR-PB,Brazil,Paraiba,,,,
BR-PR,Brazil,Parana,,,,
BR-PE,Brazil,Pernambuco,,,,
BR-PI,Brazil,Piaui,,,,
BR-RJ,Brazil,Rio de Janeiro,,,,
BR-RN,Brazil,Rio Grande do Norte,,,,
BR-RS,Brazil,Rio Grande do Sul,,,,
BR-RO,Brazil,Rondonia,,,,
BR-RR,Brazil,Roraima,,,,
BR-SC,Brazil,Santa Catarina,,,,
BR-SP,Brazil,Sao Paulo,,,,
BR-SE,Brazil,Sergipe,,,,
BR-TO,Brazil,Tocantins,,,,
CL-AN,Chile,Antofagasta,2022-02-20T15:05:01,110660,1384,106284
CL-AR,Chile,Araucania,2022-02-20T15:05:01,167854,1656,156742
CL-AP,Chile,Arica y Parinacota,2022-02-20T15:05:01,51237,619,49475
CL-AT,Chile,Atacama,2022-02-20T15:05:01,52596,407,48971
CL-AI,Chile,Aysen,2022-02-20T15:05:01,19462,119,17920
CL-BI,Chile,Biobio,2022-02-20T15:05:01,257309,3055,237956
CL-CO,Chile,Coquimbo,2022-02-20T15:05:01,98589,1192,92682
CL-LL,Chile,Los Lagos,2022-02-20T15:05:01,150403,1636,141545
CL-LR,Chile,Los Rios,2022-02-20T15:05:01,82792,790,76545
CL-MA,Chile,Magallanes,2022-02-20T15:05:01,45123,560,43413
CL-ML,Chile,Maule,2022-02-20T15:05:01,169826,1970,157486
CL-NB,Chile,Nuble,2022-02-20T15:05:01,70547,738,65055
CL-LI,Chile,O'Higgins,2022-02-20T15:05:01,114982,1708,106406
CL-RM,Chile,Santiago,2022-02-20T15:05:01,1143245,20712,1082118
CL-TA,Chile,Tarapaca,2022-02-20T15:05:01,75648,929,73885
CL-VS,Chile,Valparaiso,2022-02-20T15:05:01,241065,3872,223927
CO-AMA,Colombia,Amazonas,2022-02-21T23:00:37.259288,,,
CO-ANT,Colombia,Antioquia,2022-02-21T23:00:37.259288,,,
CO-ARA,Colombia,Arauca,2022-02-21T23:00:37.259288,,,
CO-ATL,Colombia,Atlantico,2022-02-21T23:00:37.259288,,,
CO-DC,Colombia,Bogota,2022-02-21T23:00:37.259288,,,
CO-BOL,Colombia,Bolivar,2022-02-21T23:00:37.259288,,,
CO-BOY,Colombia,Boyaca,2022-02-21T23:00:37.259288,,,
CO-CAL,Colombia,Caldas,2022-02-21T23:00:37.259288,,,
CO-CAQ,Colombia,Caqueta,2022-02-21T23:00:37.259288,,,
CO-CAS,Colombia,Casanare,2022-02-21T23:00:37.259288,,,
CO-CAU,Colombia,Cauca,2022-02-21T23:00:37.259288,,,
CO-CES,Colombia,Cesar,2022-02-21T23:00:37.259288,,,
CO-COR,Colombia,Choco,2022-02-21T23:00:37.259288,,,
CO-CUN,Colombia,Cordoba,2022-02-21T23:00:37.259288,,,
CO-CHO,Colombia,Cundinamarca,2022-02-21T23:00:37.259288,,,
CO-GUA,Colombia,Guainia,2022-02-21T23:00:37.259288,,,
CO-GUV,Colombia,Guaviare,2022-02-21T23:00:37.259288,,,
CO-HUI,Colombia,Huila,2022-02-21T23:00:37.259288,,,
CO-LAG,Colombia,La Guajira,2022-02-21T23:00:37.259288,,,
CO-MAG,Colombia,Magdalena,2022-02-21T23:00:37.259288,,,
CO-MET,Colombia,Meta,2022-02-21T23:00:37.259288,,,
CO-NAR,Colombia,Narino,2022-02-21T23:00:37.259288,,,
CO-NSA,Colombia,Norte de Santander,2022-02-21T23:00:37.259288,,,
CO-PUT,Colombia,Putumayo,2022-02-21T23:00:37.259288,,,
CO-QUI,Colombia,Quindio,2022-02-21T23:00:37.259288,,,
CO-RIS,Colombia,Risaralda,2022-02-21T23:00:37.259288,,,
CO-SAP,Colombia,San Andres y Providencia,2022-02-21T23:00:37.259288,,,
CO-SAN,Colombia,Santander,2022-02-21T23:00:37.259288,,,
CO-SUC,Colombia,Sucre,2022-02-21T23:00:37.259288,,,
CO-TOL,Colombia,Tolima,2022-02-21T23:00:37.259288,,,
CO-VAC,Colombia,Valle del Cauca,2022-02-21T23:00:37.259288,,,
CO-VAU,Colombia,Vaupes,2022-02-21T23:00:37.259288,,,
CO-VID,Colombia,Vichada,2022-02-21T23:00:37.259288,,,
CR-A,Costa Rica,Alajuela,,,,
CR-C,Costa Rica,Cartago,,,,
CR-G,Costa Rica,Guanacaste,,,,
CR-H,Costa Rica,Heredia,,,,
CR-L,Costa Rica,Limon,,,,
CR-P,Costa Rica,Puntarenas,,,,
CR-SJ,Costa Rica,San Jose,,,,
CU-15,Cuba,Artemisa,,,,
CU-09,Cuba,Camagüey,,,,
CU-08,Cuba,Ciego de Ávila,,,,
CU-06,Cuba,Cienfuegos,,,,
CU-12,Cuba,Granma,,,,
CU-14,Cuba,Guantánamo,,,,
CU-11,Cuba,Holguín,,,,
CU-99,Cuba,Isla de la Juventud,,,,
CU-03,Cuba,La Habana,,,,
CU-10,Cuba,Las Tunas,,,,
CU-04,Cuba,Matanzas,,,,
CU-16,Cuba,Mayabeque,,,,
CU-01,Cuba,Pinar del Río,,,,
CU-07,Cuba,Sancti Spíritus,,,,
CU-13,Cuba,Santiago de Cuba,,,,
CU-05,Cuba,Villa Clara,,,,
DO-02,Dominican Republic,Azua,,,,
DO-03,Dominican Republic,Baoruco,,,,
DO-04,Dominican Republic,Barahona,,,,
DO-05,Dominican Republic,Dajabon,,,,
DO-06,Dominican Republic,Distrito Nacional,,,,
DO-08,Dominican Republic,Duarte,,,,
DO-09,Dominican Republic,El Seibo,,,,
DO-30,Dominican Republic,Elias Pina,,,,
DO-10,Dominican Republic,Espaillat,,,,
DO-11,Dominican Republic,Hato Mayor,,,,
DO-07,Dominican Republic,Hermanas Mirabal,,,,
DO-12,Dominican Republic,Independencia,,,,
DO-13,Dominican Republic,La Altagracia,,,,
DO-14,Dominican Republic,La Romana,,,,
DO-28,Dominican Republic,La Vega,,,,
DO-15,Dominican Republic,Maria Trinidad Sanchez,,,,
DO-29,Dominican Republic,Monsenor Nouel,,,,
DO-16,Dominican Republic,Monte Cristi,,,,
DO-17,Dominican Republic,Monte Plata,,,,
DO-18,Dominican Republic,Pedernales,,,,
DO-19,Dominican Republic,Peravia,,,,
DO-20,Dominican Republic,Puerto Plata,,,,
DO-21,Dominican Republic,Samana,,,,
DO-31,Dominican Republic,San Cristobal,,,,
DO-22,Dominican Republic,San Jose de Ocoa,,,,
DO-23,Dominican Republic,San Juan,,,,
DO-24,Dominican Republic,San Pedro de Macoris,,,,
DO-25,Dominican Republic,Sanchez Ramirez,,,,
DO-26,Dominican Republic,Santiago,,,,
DO-32,Dominican Republic,Santiago Rodriguez,,,,
DO-01,Dominican Republic,Santo Domingo,,,,
DO-27,Dominican Republic,Valverde,,,,
EC-A,Ecuador,Azuay,,,,
EC-B,Ecuador,Bolivar,,,,
EC-F,Ecuador,Canar,,,,
EC-C,Ecuador,Carchi,,,,
EC-H,Ecuador,Chimborazo,,,,
EC-X,Ecuador,Cotopaxi,,,,
EC-O,Ecuador,El Oro,,,,
EC-E,Ecuador,Esmeraldas,,,,
EC-W,Ecuador,Galapagos,,,,
EC-G,Ecuador,Guayas,,,,
EC-I,Ecuador,Imbabura,,,,
EC-L,Ecuador,Loja,,,,
EC-R,Ecuador,Los Rios,,,,
EC-M,Ecuador,Manabi,,,,
EC-S,Ecuador,Morona Santiago,,,,
EC-N,Ecuador,Napo,,,,
EC-D,Ecuador,Orellana,,,,
EC-Y,Ecuador,Pastaza,,,,
EC-P,Ecuador,Pichincha,,,,
EC-SE,Ecuador,Santa Elena,,,,
EC-SD,Ecuador,Santo Domingo de los Tsachilas,,,,
EC-U,Ecuador,Sucumbios,,,,
EC-T,Ecuador,Tungurahua,,,,
EC-Z,Ecuador,Zamora-Chinchipe,,,,
SV-AH,El Salvador,Ahuachapan,,,,
SV-CA,El Salvador,Cabanas,,,,
SV-CH,El Salvador,Chalatenango,,,,
SV-CU,El Salvador,Cuscatlan,,,,
SV-LI,El Salvador,La Libertad,,,,
SV-PA,El Salvador,La Paz,,,,
SV-UN,El Salvador,La Unión,,,,
SV-MO,El Salvador,Morazan,,,,
SV-SM,El Salvador,San Miguel,,,,
SV-SS,El Salvador,San Salvador,,,,
SV-SV,El Salvador,San Vicente,,,,
SV-SA,El Salvador,Santa Ana,,,,
SV-SO,El Salvador,Sonsonate,,,,
SV-US,El Salvador,Usulutan,,,,
FR-GP,France,Guadeloupe,2022-02-21T23:00:37.262995,118177,889,0
FR-GF,France,Guyane,2022-02-21T23:00:37.262995,62656,1211,0
FR-MQ,France,Martinique,2022-02-21T23:00:37.262995,107144,859,0
FR-BL,France,Saint-Barthélemy,2022-02-21T23:00:37.262995,3735,6,0
FR-MF,France,Saint-Martin,2022-02-21T23:00:37.262995,14147,112,0
FR-PM,France,Saint-Pierre-et-Miquelon,2022-02-21T23:00:37.262995,,,
GT-AV,Guatemala,Alta Verapaz,,,,
GT-BV,Guatemala,Baja Verapaz,,,,
GT-CM,Guatemala,Chimaltenango,,,,
GT-CQ,Guatemala,Chiquimula,,,,
GT-PR,Guatemala,El Progreso,,,,
GT-ES,Guatemala,Escuintla,,,,
GT-GU,Guatemala,Guatemala,,,,
GT-HU,Guatemala,Huehuetenango,,,,
GT-IZ,Guatemala,Izabal,,,,
GT-JA,Guatemala,Jalapa,,,,
GT-JU,Guatemala,Jutiapa,,,,
GT-PE,Guatemala,Petén,,,,
GT-QZ,Guatemala,Quetzaltenango,,,,
GT-QC,Guatemala,Quiché,,,,
GT-RE,Guatemala,Retalhuleu,,,,
GT-SA,Guatemala,Sacatepéquez,,,,
GT-SM,Guatemala,San Marcos,,,,
GT-SR,Guatemala,Santa Rosa,,,,
GT-SO,Guatemala,Sololá,,,,
GT-SU,Guatemala,Suchitepéquez,,,,
GT-TO,Guatemala,Totonicapán,,,,
GT-ZA,Guatemala,Zacapa,,,,
HT-AR,Haiti,Artibonite,,,,
HT-CE,Haiti,Centre,,,,
HT-GA,Haiti,Grande’Anse,,,,
HT-NI,Haiti,Nippes,,,,
HT-ND,Haiti,Nord,,,,
HT-NE,Haiti,Nord-Est,,,,
HT-NO,Haiti,Nord-Ouest,,,,
HT-OU,Haiti,Ouest,,,,
HT-SD,Haiti,Sud,,,,
HT-SE,Haiti,Sud-Est,,,,
HN-AT,Honduras,Atlantida,,,,
HN-CH,Honduras,Choluteca,,,,
HN-CL,Honduras,Colon,,,,
HN-CM,Honduras,Comayagua,,,,
HN-CP,Honduras,Copan,,,,
HN-CR,Honduras,Cortes,,,,
HN-EP,Honduras,El Paraiso,,,,
HN-FM,Honduras,Francisco Morazan,,,,
HN-GD,Honduras,Gracias a Dios,,,,
HN-IN,Honduras,Intibuca,,,,
HN-IB,Honduras,Islas de la Bahia,,,,
HN-LP,Honduras,La Paz,,,,
HN-LE,Honduras,Lempira,,,,
HN-OC,Honduras,Ocotepeque,,,,
HN-OL,Honduras,Olancho,,,,
HN-SB,Honduras,Santa Barbara,,,,
HN-VA,Honduras,Valle,,,,
HN-YO,Honduras,Yoro,,,,
MX-AGU,Mexico,Aguascalientes,2022-02-21T08:08:38,57869,3516,
MX-BCN,Mexico,Baja California,2022-02-21T08:08:38,126724,11852,
MX-BCS,Mexico,Baja California Sur,2022-02-21T08:08:38,99286,2575,
MX-CAM,Mexico,Campeche,2022-02-21T08:08:38,33856,2148,
MX-CHP,Mexico,Chiapas,2022-02-21T08:08:38,29816,2193,
MX-CHH,Mexico,Chihuahua,2022-02-21T08:08:38,118357,9740,
MX-CMX,Mexico,Ciudad de Mexico,2022-02-21T08:08:38,1513717,54770,
MX-COA,Mexico,Coahuila,2022-02-21T08:08:38,142495,8669,
MX-COL,Mexico,Colima,2022-02-21T08:08:38,54074,2349,
MX-DUR,Mexico,Durango,2022-02-21T08:08:38,66021,3334,
MX-GUA,Mexico,Guanajuato,2022-02-21T08:08:38,268367,14466,
MX-GRO,Mexico,Guerrero,2022-02-21T08:08:38,94278,6379,
MX-HID,Mexico,Hidalgo,2022-02-21T08:08:38,83616,8073,
MX-JAL,Mexico,Jalisco,2022-02-21T08:08:38,223532,18679,
MX-MIC,Mexico,Michoacan,2022-02-21T08:08:38,90548,8347,
MX-MOR,Mexico,Morelos,2022-02-21T08:08:38,62922,5083,
MX-MEX,Mexico,Mexico,2022-02-21T08:08:38,335107,34140,
MX-NAY,Mexico,Nayarit,2022-02-21T08:08:38,56786,3190,
MX-NLE,Mexico,Nuevo Leon,2022-02-21T08:08:38,300177,14838,
MX-OAX,Mexico,Oaxaca,2022-02-21T08:08:38,112432,5695,
MX-PUE,Mexico,Puebla,2022-02-21T08:08:38,164454,16108,
MX-QUE,Mexico,Queretaro,2022-02-21T08:08:38,137913,6242,
MX-ROO,Mexico,Quintana Roo,2022-02-21T08:08:38,90201,4214,
MX-SLP,Mexico,San Luis Potosi,2022-02-21T08:08:38,175898,7314,
MX-SIN,Mexico,Sinaloa,2022-02-21T08:08:38,115287,9507,
MX-SON,Mexico,Sonora,2022-02-21T08:08:38,159140,9961,
MX-TAB,Mexico,Tabasco,2022-02-21T08:08:38,189055,6133,
MX-TAM,Mexico,Tamaulipas,2022-02-21T08:08:38,140201,8033,
MX-TLA,Mexico,Tlaxcala,2022-02-21T08:08:38,39152,2840,
MX-VER,Mexico,Veracruz,2022-02-21T08:08:38,159223,15364,
MX-YUC,Mexico,Yucatan,2022-02-21T08:08:38,107198,6214,
MX-ZAC,Mexico,Zacatecas,2022-02-21T08:08:38,65723,3722,
NI-BO,Nicaragua,Boaco,,,,
NI-CA,Nicaragua,Carazo,,,,
NI-CI,Nicaragua,Chinandega,,,,
NI-CO,Nicaragua,Chontales,,,,
NI-ES,Nicaragua,Estelí,,,,
NI-GR,Nicaragua,Granada,,,,
NI-JI,Nicaragua,Jinotega,,,,
NI-LE,Nicaragua,León,,,,
NI-MD,Nicaragua,Madriz,,,,
NI-MN,Nicaragua,Managua,,,,
NI-MS,Nicaragua,Masaya,,,,
NI-MT,Nicaragua,Matagalpa,,,,
NI-AN,Nicaragua,NCCAR,,,,
NI-NS,Nicaragua,Nueva Segovia,,,,
NI-RI,Nicaragua,Rio San Juan,,,,
NI-SJ,Nicaragua,Rivas,,,,
NI-AS,Nicaragua,SCCAR,,,,
PA-1,Panama,Bocas del Toro,,,,
PA-4,Panama,Chiriqui,,,,
PA-2,Panama,Cocle,,,,
PA-3,Panama,Colon,,,,
PA-5,Panama,Darien,,,,
PA-EM,Panama,Embera,,,,
PA-KY,Panama,Guna Yala,,,,
PA-6,Panama,Herrera,,,,
PA-7,Panama,Los Santos,,,,
PA-NB,Panama,Ngabe-Bugle,,,,
PA-8,Panama,Panama,,,,
PA-10,Panama,Panama Oeste,,,,
PA-9,Panama,Veraguas,,,,
PY-16,Paraguay,Alto Paraguay,,,,
PY-10,Paraguay,Alto Parana,,,,
PY-13,Paraguay,Amambay,,,,
PY-19,Paraguay,Boqueron,,,,
PY-5,Paraguay,Caaguazu,,,,
PY-6,Paraguay,Caazapa,,,,
PY-14,Paraguay,Canindeyu,,,,
PY-11,Paraguay,Central,,,,
PY-1,Paraguay,Concepcion,,,,
PY-3,Paraguay,Cordillera,,,,
PY-ASU,Paraguay,Distrito Capital,,,,
PY-4,Paraguay,Guaira,,,,
PY-7,Paraguay,Itapua,,,,
PY-8,Paraguay,Misiones,,,,
PY-12,Paraguay,Neembucu,,,,
PY-9,Paraguay,Paraguari,,,,
PY-15,Paraguay,Presidente Hayes,,,,
PY-2,Paraguay,San Pedro,,,,
PE-AMA,Peru,Amazonas,2022-02-21T23:00:37.253619,43279,1325,
PE-ANC,Peru,Ancash,2022-02-21T23:00:37.253619,122948,7006,
PE-APU,Peru,Apurimac,2022-02-21T23:00:37.253619,37860,1597,
PE-ARE,Peru,Arequipa,2022-02-21T23:00:37.253619,208663,10100,
PE-AYA,Peru,Ayacucho,2022-02-21T23:00:37.253619,47605,2280,
PE-CAJ,Peru,Cajamarca,2022-02-21T23:00:37.253619,94781,4365,
PE-CAL,Peru,Callao,2022-02-21T23:00:37.253619,145360,10399,
PE-CUS,Peru,Cusco,2022-02-21T23:00:37.253619,115317,5055,
PE-HUV,Peru,Huancavelica,2022-02-21T23:00:37.253619,24988,1239,
PE-HUC,Peru,Huanuco,2022-02-21T23:00:37.253619,51416,2830,
PE-ICA,Peru,Ica,2022-02-21T23:00:37.253619,100758,8832,
PE-JUN,Peru,Junin,2022-02-21T23:00:37.253619,124022,7348,
PE-LAL,Peru,La Libertad,2022-02-21T23:00:37.253619,144735,10823,
PE-LAM,Peru,Lambayeque,2022-02-21T23:00:37.253619,104403,9111,
PE-LIM,Peru,Lima,2022-02-21T23:00:37.253619,1582977,91987,
PE-LOR,Peru,Loreto,2022-02-21T23:00:37.253619,57565,4332,
PE-MDD,Peru,Madre de dios,2022-02-21T23:00:37.253619,17548,827,
PE-MOQ,Peru,Moquegua,2022-02-21T23:00:37.253619,47672,1585,
PE-PAS,Peru,Pasco,2022-02-21T23:00:37.253619,23611,1080,
PE-PIU,Peru,Piura,2022-02-21T23:00:37.253619,155740,12761,
PE-PUN,Peru,Puno,2022-02-21T23:00:37.253619,64486,4606,
PE-SAM,Peru,San Martin,2022-02-21T23:00:37.253619,61377,3102,
PE-TAC,Peru,Tacna,2022-02-21T23:00:37.253619,53184,2080,
PE-TUM,Peru,Tumbes,2022-02-21T23:00:37.253619,26539,1668,
PE-UCA,Peru,Ucayali,2022-02-21T23:00:37.253619,39175,3130,
US-PR,United States,Puerto Rico,,,,
UY-AR,Uruguay,Artigas,2022-02-21T23:00:37.262211,,,
UY-CA,Uruguay,Canelones,2022-02-21T23:00:37.262211,,,
UY-CL,Uruguay,Cerro Largo,2022-02-21T23:00:37.262211,,,
UY-CO,Uruguay,Colonia,2022-02-21T23:00:37.262211,,,
UY-DU,Uruguay,Durazno,2022-02-21T23:00:37.262211,,,
UY-FS,Uruguay,Flores,2022-02-21T23:00:37.262211,,,
UY-FD,Uruguay,Florida,2022-02-21T23:00:37.262211,,,
UY-LA,Uruguay,Lavalleja,2022-02-21T23:00:37.262211,,,
UY-MA,Uruguay,Maldonado,2022-02-21T23:00:37.262211,,,
UY-MO,Uruguay,Montevideo,2022-02-21T23:00:37.262211,,,
UY-PA,Uruguay,Paysandu,2022-02-21T23:00:37.262211,,,
UY-RN,Uruguay,Rio Negro,2022-02-21T23:00:37.262211,,,
UY-RV,Uruguay,Rivera,2022-02-21T23:00:37.262211,,,
UY-RO,Uruguay,Rocha,2022-02-21T23:00:37.262211,,,
UY-SA,Uruguay,Salto,2022-02-21T23:00:37.262211,,,
UY-SJ,Uruguay,San Jose,2022-02-21T23:00:37.262211,,,
UY-SO,Uruguay,Soriano,2022-02-21T23:00:37.262211,,,
UY-TA,Uruguay,Tacuarembo,2022-02-21T23:00:37.262211,,,
UY-TT,Uruguay,Treinta y Tres,2022-02-21T23:00:37.262211,,,
VE-Z,Venezuela,Amazonas,,,,
VE-B,Venezuela,Anzoategui,,,,
VE-C,Venezuela,Apure,,,,
VE-D,Venezuela,Aragua,,,,
VE-E,Venezuela,Barinas,,,,
VE-F,Venezuela,Bolivar,,,,
VE-G,Venezuela,Carabobo,,,,
VE-A,Venezuela,Caracas Distrito Capital,,,,
VE-H,Venezuela,Cojedes,,,,
VE-Y,Venezuela,Delta Amacuro,,,,
VE-W,Venezuela,Dependencias Federales,,,,
VE-I,Venezuela,Falcon,,,,
VE-J,Venezuela,Guarico,,,,
VE-K,Venezuela,Lara,,,,
VE-L,Venezuela,Merida,,,,
VE-M,Venezuela,Miranda,,,,
VE-N,Venezuela,Monagas,,,,
VE-O,Venezuela,Nueva Esparta,,,,
VE-P,Venezuela,Portuguesa,,,,
VE-R,Venezuela,Sucre,,,,
VE-S,Venezuela,Tachira,,,,
VE-T,Venezuela,Trujillo,,,,
VE-X,Venezuela,Vargas,,,,
VE-U,Venezuela,Yaracuy,,,,
VE-V,Venezuela,Zulia,,,,
