ISO 3166-2 Code,Country,Subdivision,Last Update,Confirmed,Deaths,Recovered
AR-B,Argentina,Buenos Aires,2022-03-21T23:01:00.796597,3160450,69413,
AR-K,Argentina,Catamarca,2022-03-21T23:01:00.796597,85730,0,
AR-H,Argentina,Chaco,2022-03-21T23:01:00.796597,163719,0,
AR-U,Argentina,Chubut,2022-03-21T23:01:00.796597,88564,1612,
AR-C,Argentina,Ciudad Autonoma de Buenos Aires,2022-03-21T23:01:00.796597,993479,0,
AR-X,Argentina,Cordoba,2022-03-21T23:01:00.796597,951249,8241,
AR-W,Argentina,Corrientes,2022-03-21T23:01:00.796597,130310,0,
AR-E,Argentina,Entre Rios,2022-03-21T23:01:00.796597,151689,0,
AR-P,Argentina,Formosa,2022-03-21T23:01:00.796597,113322,1298,
AR-Y,Argentina,Jujuy,2022-03-21T23:01:00.796597,104739,0,
AR-L,Argentina,La Pampa,2022-03-21T23:01:00.796597,103864,0,
AR-F,Argentina,La Rioja,2022-03-21T23:01:00.796597,55868,0,
AR-M,Argentina,Mendoza,2022-03-21T23:01:00.796597,249660,0,
AR-N,Argentina,Misiones,2022-03-21T23:01:00.796597,61737,0,
AR-Q,Argentina,Neuquen,2022-03-21T23:01:00.796597,130413,0,
AR-R,Argentina,Rio Negro,2022-03-21T23:01:00.796597,117915,0,
AR-A,Argentina,Salta,2022-03-21T23:01:00.796597,151492,3799,
AR-J,Argentina,San Juan,2022-03-21T23:01:00.796597,144269,0,
AR-D,Argentina,San Luis,2022-03-21T23:01:00.796597,133169,0,
AR-Z,Argentina,Santa Cruz,2022-03-21T23:01:00.796597,81860,0,
AR-S,Argentina,Santa Fe,2022-03-21T23:01:00.796597,674508,0,
AR-G,Argentina,Santiago del Estero,2022-03-21T23:01:00.796597,123049,0,
AR-V,Argentina,Tierra del Fuego,2022-03-21T23:01:00.796597,41547,0,
AR-T,Argentina,Tucuman,2022-03-21T23:01:00.796597,332707,0,
BO-B,Bolivia,Beni,,,,
BO-H,Bolivia,Chuquisaca,,,,
BO-C,Bolivia,Cochabamba,,,,
BO-L,Bolivia,La Paz,,,,
BO-O,Bolivia,Oruro,,,,
BO-N,Bolivia,Pando,,,,
BO-P,Bolivia,Potosi,,,,
BO-S,Bolivia,Santa Cruz,,,,
BO-T,Bolivia,Tarija,,,,
BR-AC,Brazil,Acre,,,,
BR-AL,Brazil,Alagoas,,,,
BR-AP,Brazil,Amapa,,,,
BR-AM,Brazil,Amazonas,,,,
BR-BA,Brazil,Bahia,,,,
BR-CE,Brazil,Ceara,,,,
BR-DF,Brazil,Distrito Federal,,,,
BR-ES,Brazil,Espiritu Santo,,,,
BR-GO,Brazil,Goias,,,,
BR-MA,Brazil,Maranhao,,,,
BR-MT,Brazil,Mato Grosso,,,,
BR-MS,Brazil,Mato Grosso do Sul,,,,
BR-MG,Brazil,Minas Gerais,,,,
BR-PA,Brazil,Para,,,,
BR-PB,Brazil,Paraiba,,,,
BR-PR,Brazil,Parana,,,,
BR-PE,Brazil,Pernambuco,,,,
BR-PI,Brazil,Piaui,,,,
BR-RJ,Brazil,Rio de Janeiro,,,,
BR-RN,Brazil,Rio Grande do Norte,,,,
BR-RS,Brazil,Rio Grande do Sul,,,,
BR-RO,Brazil,Rondonia,,,,
BR-RR,Brazil,Roraima,,,,
BR-SC,Brazil,Santa Catarina,,,,
BR-SP,Brazil,Sao Paulo,,,,
BR-SE,Brazil,Sergipe,,,,
BR-TO,Brazil,Tocantins,,,,
CL-AN,Chile,Antofagasta,2022-03-16T16:05:18,118214,1437,115762
CL-AR,Chile,Araucania,2022-03-16T16:05:18,202828,1845,197223
CL-AP,Chile,Arica y Parinacota,2022-03-16T16:05:18,53917,658,52858
CL-AT,Chile,Atacama,2022-03-16T16:05:18,62177,440,60565
CL-AI,Chile,Aysen,2022-03-16T16:05:18,23227,138,22580
CL-BI,Chile,Biobio,2022-03-16T16:05:18,327500,3356,315097
CL-CO,Chile,Coquimbo,2022-03-16T16:05:18,117345,1303,113875
CL-LL,Chile,Los Lagos,2022-03-16T16:05:18,184155,1810,179164
CL-LR,Chile,Los Rios,2022-03-16T16:05:18,100914,914,97988
CL-MA,Chile,Magallanes,2022-03-16T16:05:18,48836,586,47559
CL-ML,Chile,Maule,2022-03-16T16:05:18,221636,2207,213285
CL-NB,Chile,Nuble,2022-03-16T16:05:18,92675,819,89280
CL-LI,Chile,O'Higgins,2022-03-16T16:05:18,139414,1839,134277
CL-RM,Chile,Santiago,2022-03-16T16:05:18,1281142,21594,1243031
CL-TA,Chile,Tarapaca,2022-03-16T16:05:18,78084,956,76827
CL-VS,Chile,Valparaiso,2022-03-16T16:05:18,284507,4160,274962
CO-AMA,Colombia,Amazonas,2022-03-21T23:01:00.797584,,,
CO-ANT,Colombia,Antioquia,2022-03-21T23:01:00.797584,,,
CO-ARA,Colombia,Arauca,2022-03-21T23:01:00.797584,,,
CO-ATL,Colombia,Atlantico,2022-03-21T23:01:00.797584,,,
CO-DC,Colombia,Bogota,2022-03-21T23:01:00.797584,,,
CO-BOL,Colombia,Bolivar,2022-03-21T23:01:00.797584,,,
CO-BOY,Colombia,Boyaca,2022-03-21T23:01:00.797584,,,
CO-CAL,Colombia,Caldas,2022-03-21T23:01:00.797584,,,
CO-CAQ,Colombia,Caqueta,2022-03-21T23:01:00.797584,,,
CO-CAS,Colombia,Casanare,2022-03-21T23:01:00.797584,,,
CO-CAU,Colombia,Cauca,2022-03-21T23:01:00.797584,,,
CO-CES,Colombia,Cesar,2022-03-21T23:01:00.797584,,,
CO-COR,Colombia,Choco,2022-03-21T23:01:00.797584,,,
CO-CUN,Colombia,Cordoba,2022-03-21T23:01:00.797584,,,
CO-CHO,Colombia,Cundinamarca,2022-03-21T23:01:00.797584,,,
CO-GUA,Colombia,Guainia,2022-03-21T23:01:00.797584,,,
CO-GUV,Colombia,Guaviare,2022-03-21T23:01:00.797584,,,
CO-HUI,Colombia,Huila,2022-03-21T23:01:00.797584,,,
CO-LAG,Colombia,La Guajira,2022-03-21T23:01:00.797584,,,
CO-MAG,Colombia,Magdalena,2022-03-21T23:01:00.797584,,,
CO-MET,Colombia,Meta,2022-03-21T23:01:00.797584,,,
CO-NAR,Colombia,Narino,2022-03-21T23:01:00.797584,,,
CO-NSA,Colombia,Norte de Santander,2022-03-21T23:01:00.797584,,,
CO-PUT,Colombia,Putumayo,2022-03-21T23:01:00.797584,,,
CO-QUI,Colombia,Quindio,2022-03-21T23:01:00.797584,,,
CO-RIS,Colombia,Risaralda,2022-03-21T23:01:00.797584,,,
CO-SAP,Colombia,San Andres y Providencia,2022-03-21T23:01:00.797584,,,
CO-SAN,Colombia,Santander,2022-03-21T23:01:00.797584,,,
CO-SUC,Colombia,Sucre,2022-03-21T23:01:00.797584,,,
CO-TOL,Colombia,Tolima,2022-03-21T23:01:00.797584,,,
CO-VAC,Colombia,Valle del Cauca,2022-03-21T23:01:00.797584,,,
CO-VAU,Colombia,Vaupes,2022-03-21T23:01:00.797584,,,
CO-VID,Colombia,Vichada,2022-03-21T23:01:00.797584,,,
CR-A,Costa Rica,Alajuela,,,,
CR-C,Costa Rica,Cartago,,,,
CR-G,Costa Rica,Guanacaste,,,,
CR-H,Costa Rica,Heredia,,,,
CR-L,Costa Rica,Limon,,,,
CR-P,Costa Rica,Puntarenas,,,,
CR-SJ,Costa Rica,San Jose,,,,
CU-15,Cuba,Artemisa,,,,
CU-09,Cuba,Camagüey,,,,
CU-08,Cuba,Ciego de Ávila,,,,
CU-06,Cuba,Cienfuegos,,,,
CU-12,Cuba,Granma,,,,
CU-14,Cuba,Guantánamo,,,,
CU-11,Cuba,Holguín,,,,
CU-99,Cuba,Isla de la Juventud,,,,
CU-03,Cuba,La Habana,,,,
CU-10,Cuba,Las Tunas,,,,
CU-04,Cuba,Matanzas,,,,
CU-16,Cuba,Mayabeque,,,,
CU-01,Cuba,Pinar del Río,,,,
CU-07,Cuba,Sancti Spíritus,,,,
CU-13,Cuba,Santiago de Cuba,,,,
CU-05,Cuba,Villa Clara,,,,
DO-02,Dominican Republic,Azua,,,,
DO-03,Dominican Republic,Baoruco,,,,
DO-04,Dominican Republic,Barahona,,,,
DO-05,Dominican Republic,Dajabon,,,,
DO-06,Dominican Republic,Distrito Nacional,,,,
DO-08,Dominican Republic,Duarte,,,,
DO-09,Dominican Republic,El Seibo,,,,
DO-30,Dominican Republic,Elias Pina,,,,
DO-10,Dominican Republic,Espaillat,,,,
DO-11,Dominican Republic,Hato Mayor,,,,
DO-07,Dominican Republic,Hermanas Mirabal,,,,
DO-12,Dominican Republic,Independencia,,,,
DO-13,Dominican Republic,La Altagracia,,,,
DO-14,Dominican Republic,La Romana,,,,
DO-28,Dominican Republic,La Vega,,,,
DO-15,Dominican Republic,Maria Trinidad Sanchez,,,,
DO-29,Dominican Republic,Monsenor Nouel,,,,
DO-16,Dominican Republic,Monte Cristi,,,,
DO-17,Dominican Republic,Monte Plata,,,,
DO-18,Dominican Republic,Pedernales,,,,
DO-19,Dominican Republic,Peravia,,,,
DO-20,Dominican Republic,Puerto Plata,,,,
DO-21,Dominican Republic,Samana,,,,
DO-31,Dominican Republic,San Cristobal,,,,
DO-22,Dominican Republic,San Jose de Ocoa,,,,
DO-23,Dominican Republic,San Juan,,,,
DO-24,Dominican Republic,San Pedro de Macoris,,,,
DO-25,Dominican Republic,Sanchez Ramirez,,,,
DO-26,Dominican Republic,Santiago,,,,
DO-32,Dominican Republic,Santiago Rodriguez,,,,
DO-01,Dominican Republic,Santo Domingo,,,,
DO-27,Dominican Republic,Valverde,,,,
EC-A,Ecuador,Azuay,,,,
EC-B,Ecuador,Bolivar,,,,
EC-F,Ecuador,Canar,,,,
EC-C,Ecuador,Carchi,,,,
EC-H,Ecuador,Chimborazo,,,,
EC-X,Ecuador,Cotopaxi,,,,
EC-O,Ecuador,El Oro,,,,
EC-E,Ecuador,Esmeraldas,,,,
EC-W,Ecuador,Galapagos,,,,
EC-G,Ecuador,Guayas,,,,
EC-I,Ecuador,Imbabura,,,,
EC-L,Ecuador,Loja,,,,
EC-R,Ecuador,Los Rios,,,,
EC-M,Ecuador,Manabi,,,,
EC-S,Ecuador,Morona Santiago,,,,
EC-N,Ecuador,Napo,,,,
EC-D,Ecuador,Orellana,,,,
EC-Y,Ecuador,Pastaza,,,,
EC-P,Ecuador,Pichincha,,,,
EC-SE,Ecuador,Santa Elena,,,,
EC-SD,Ecuador,Santo Domingo de los Tsachilas,,,,
EC-U,Ecuador,Sucumbios,,,,
EC-T,Ecuador,Tungurahua,,,,
EC-Z,Ecuador,Zamora-Chinchipe,,,,
SV-AH,El Salvador,Ahuachapan,,,,
SV-CA,El Salvador,Cabanas,,,,
SV-CH,El Salvador,Chalatenango,,,,
SV-CU,El Salvador,Cuscatlan,,,,
SV-LI,El Salvador,La Libertad,,,,
SV-PA,El Salvador,La Paz,,,,
SV-UN,El Salvador,La Unión,,,,
SV-MO,El Salvador,Morazan,,,,
SV-SM,El Salvador,San Miguel,,,,
SV-SS,El Salvador,San Salvador,,,,
SV-SV,El Salvador,San Vicente,,,,
SV-SA,El Salvador,Santa Ana,,,,
SV-SO,El Salvador,Sonsonate,,,,
SV-US,El Salvador,Usulutan,,,,
FR-GP,France,Guadeloupe,2022-03-21T23:01:00.802366,128353,924,0
FR-GF,France,Guyane,2022-03-21T23:01:00.802366,63169,1226,0
FR-MQ,France,Martinique,2022-03-21T23:01:00.802366,134344,904,0
FR-BL,France,Saint-Barthélemy,2022-03-21T23:01:00.802366,3780,6,0
FR-MF,France,Saint-Martin,2022-03-21T23:01:00.802366,14834,112,0
FR-PM,France,Saint-Pierre-et-Miquelon,2022-03-21T23:01:00.802366,,,
GT-AV,Guatemala,Alta Verapaz,,,,
GT-BV,Guatemala,Baja Verapaz,,,,
GT-CM,Guatemala,Chimaltenango,,,,
GT-CQ,Guatemala,Chiquimula,,,,
GT-PR,Guatemala,El Progreso,,,,
GT-ES,Guatemala,Escuintla,,,,
GT-GU,Guatemala,Guatemala,,,,
GT-HU,Guatemala,Huehuetenango,,,,
GT-IZ,Guatemala,Izabal,,,,
GT-JA,Guatemala,Jalapa,,,,
GT-JU,Guatemala,Jutiapa,,,,
GT-PE,Guatemala,Petén,,,,
GT-QZ,Guatemala,Quetzaltenango,,,,
GT-QC,Guatemala,Quiché,,,,
GT-RE,Guatemala,Retalhuleu,,,,
GT-SA,Guatemala,Sacatepéquez,,,,
GT-SM,Guatemala,San Marcos,,,,
GT-SR,Guatemala,Santa Rosa,,,,
GT-SO,Guatemala,Sololá,,,,
GT-SU,Guatemala,Suchitepéquez,,,,
GT-TO,Guatemala,Totonicapán,,,,
GT-ZA,Guatemala,Zacapa,,,,
HT-AR,Haiti,Artibonite,,,,
HT-CE,Haiti,Centre,,,,
HT-GA,Haiti,Grande’Anse,,,,
HT-NI,Haiti,Nippes,,,,
HT-ND,Haiti,Nord,,,,
HT-NE,Haiti,Nord-Est,,,,
HT-NO,Haiti,Nord-Ouest,,,,
HT-OU,Haiti,Ouest,,,,
HT-SD,Haiti,Sud,,,,
HT-SE,Haiti,Sud-Est,,,,
HN-AT,Honduras,Atlantida,,,,
HN-CH,Honduras,Choluteca,,,,
HN-CL,Honduras,Colon,,,,
HN-CM,Honduras,Comayagua,,,,
HN-CP,Honduras,Copan,,,,
HN-CR,Honduras,Cortes,,,,
HN-EP,Honduras,El Paraiso,,,,
HN-FM,Honduras,Francisco Morazan,,,,
HN-GD,Honduras,Gracias a Dios,,,,
HN-IN,Honduras,Intibuca,,,,
HN-IB,Honduras,Islas de la Bahia,,,,
HN-LP,Honduras,La Paz,,,,
HN-LE,Honduras,Lempira,,,,
HN-OC,Honduras,Ocotepeque,,,,
HN-OL,Honduras,Olancho,,,,
HN-SB,Honduras,Santa Barbara,,,,
HN-VA,Honduras,Valle,,,,
HN-YO,Honduras,Yoro,,,,
MX-AGU,Mexico,Aguascalientes,2022-03-17T11:48:00,62950,3589,
MX-BCN,Mexico,Baja California,2022-03-17T11:48:00,129976,12022,
MX-BCS,Mexico,Baja California Sur,2022-03-17T11:48:00,102049,2613,
MX-CAM,Mexico,Campeche,2022-03-17T11:48:00,34814,2181,
MX-CHP,Mexico,Chiapas,2022-03-17T11:48:00,34002,2217,
MX-CHH,Mexico,Chihuahua,2022-03-17T11:48:00,128455,9903,
MX-CMX,Mexico,Ciudad de Mexico,2022-03-17T11:48:00,1568145,55775,
MX-COA,Mexico,Coahuila,2022-03-17T11:48:00,144188,8766,
MX-COL,Mexico,Colima,2022-03-17T11:48:00,55039,2386,
MX-DUR,Mexico,Durango,2022-03-17T11:48:00,67076,3465,
MX-GUA,Mexico,Guanajuato,2022-03-17T11:48:00,278898,14757,
MX-GRO,Mexico,Guerrero,2022-03-17T11:48:00,96835,6476,
MX-HID,Mexico,Hidalgo,2022-03-17T11:48:00,88642,8179,
MX-JAL,Mexico,Jalisco,2022-03-17T11:48:00,236539,19134,
MX-MIC,Mexico,Michoacan,2022-03-17T11:48:00,92328,8529,
MX-MOR,Mexico,Morelos,2022-03-17T11:48:00,66798,5142,
MX-MEX,Mexico,Mexico,2022-03-17T11:48:00,352802,34539,
MX-NAY,Mexico,Nayarit,2022-03-17T11:48:00,57761,3251,
MX-NLE,Mexico,Nuevo Leon,2022-03-17T11:48:00,311621,15010,
MX-OAX,Mexico,Oaxaca,2022-03-17T11:48:00,117730,5842,
MX-PUE,Mexico,Puebla,2022-03-17T11:48:00,170215,16380,
MX-QUE,Mexico,Queretaro,2022-03-17T11:48:00,141339,6383,
MX-ROO,Mexico,Quintana Roo,2022-03-17T11:48:00,90605,4259,
MX-SLP,Mexico,San Luis Potosi,2022-03-17T11:48:00,184511,7397,
MX-SIN,Mexico,Sinaloa,2022-03-17T11:48:00,120013,9640,
MX-SON,Mexico,Sonora,2022-03-17T11:48:00,163728,10145,
MX-TAB,Mexico,Tabasco,2022-03-17T11:48:00,191127,6203,
MX-TAM,Mexico,Tamaulipas,2022-03-17T11:48:00,142933,8187,
MX-TLA,Mexico,Tlaxcala,2022-03-17T11:48:00,40659,2863,
MX-VER,Mexico,Veracruz,2022-03-17T11:48:00,171788,15822,
MX-YUC,Mexico,Yucatan,2022-03-17T11:48:00,108800,6816,
MX-ZAC,Mexico,Zacatecas,2022-03-17T11:48:00,67414,3748,
NI-BO,Nicaragua,Boaco,,,,
NI-CA,Nicaragua,Carazo,,,,
NI-CI,Nicaragua,Chinandega,,,,
NI-CO,Nicaragua,Chontales,,,,
NI-ES,Nicaragua,Estelí,,,,
NI-GR,Nicaragua,Granada,,,,
NI-JI,Nicaragua,Jinotega,,,,
NI-LE,Nicaragua,León,,,,
NI-MD,Nicaragua,Madriz,,,,
NI-MN,Nicaragua,Managua,,,,
NI-MS,Nicaragua,Masaya,,,,
NI-MT,Nicaragua,Matagalpa,,,,
NI-AN,Nicaragua,NCCAR,,,,
NI-NS,Nicaragua,Nueva Segovia,,,,
NI-RI,Nicaragua,Rio San Juan,,,,
NI-SJ,Nicaragua,Rivas,,,,
NI-AS,Nicaragua,SCCAR,,,,
PA-1,Panama,Bocas del Toro,,,,
PA-4,Panama,Chiriqui,,,,
PA-2,Panama,Cocle,,,,
PA-3,Panama,Colon,,,,
PA-5,Panama,Darien,,,,
PA-EM,Panama,Embera,,,,
PA-KY,Panama,Guna Yala,,,,
PA-6,Panama,Herrera,,,,
PA-7,Panama,Los Santos,,,,
PA-NB,Panama,Ngabe-Bugle,,,,
PA-8,Panama,Panama,,,,
PA-10,Panama,Panama Oeste,,,,
PA-9,Panama,Veraguas,,,,
PY-16,Paraguay,Alto Paraguay,,,,
PY-10,Paraguay,Alto Parana,,,,
PY-13,Paraguay,Amambay,,,,
PY-19,Paraguay,Boqueron,,,,
PY-5,Paraguay,Caaguazu,,,,
PY-6,Paraguay,Caazapa,,,,
PY-14,Paraguay,Canindeyu,,,,
PY-11,Paraguay,Central,,,,
PY-1,Paraguay,Concepcion,,,,
PY-3,Paraguay,Cordillera,,,,
PY-ASU,Paraguay,Distrito Capital,,,,
PY-4,Paraguay,Guaira,,,,
PY-7,Paraguay,Itapua,,,,
PY-8,Paraguay,Misiones,,,,
PY-12,Paraguay,Neembucu,,,,
PY-9,Paraguay,Paraguari,,,,
PY-15,Paraguay,Presidente Hayes,,,,
PY-2,Paraguay,San Pedro,,,,
PE-AMA,Peru,Amazonas,2022-03-21T23:01:00.790093,43870,1332,
PE-ANC,Peru,Ancash,2022-03-21T23:01:00.790093,125309,7077,
PE-APU,Peru,Apurimac,2022-03-21T23:01:00.790093,38741,1617,
PE-ARE,Peru,Arequipa,2022-03-21T23:01:00.790093,212132,10224,
PE-AYA,Peru,Ayacucho,2022-03-21T23:01:00.790093,47994,2308,
PE-CAJ,Peru,Cajamarca,2022-03-21T23:01:00.790093,95554,4436,
PE-CAL,Peru,Callao,2022-03-21T23:01:00.790093,146219,10465,
PE-CUS,Peru,Cusco,2022-03-21T23:01:00.790093,116464,5125,
PE-HUV,Peru,Huancavelica,2022-03-21T23:01:00.790093,25626,1260,
PE-HUC,Peru,Huanuco,2022-03-21T23:01:00.790093,51902,2868,
PE-ICA,Peru,Ica,2022-03-21T23:01:00.790093,103332,8903,
PE-JUN,Peru,Junin,2022-03-21T23:01:00.790093,125492,7414,
PE-LAL,Peru,La Libertad,2022-03-21T23:01:00.790093,146136,10886,
PE-LAM,Peru,Lambayeque,2022-03-21T23:01:00.790093,105299,9212,
PE-LIM,Peru,Lima,2022-03-21T23:01:00.790093,1601915,92728,
PE-LOR,Peru,Loreto,2022-03-21T23:01:00.790093,57794,4372,
PE-MDD,Peru,Madre de dios,2022-03-21T23:01:00.790093,17717,843,
PE-MOQ,Peru,Moquegua,2022-03-21T23:01:00.790093,48248,1611,
PE-PAS,Peru,Pasco,2022-03-21T23:01:00.790093,23859,1087,
PE-PIU,Peru,Piura,2022-03-21T23:01:00.790093,157420,13026,
PE-PUN,Peru,Puno,2022-03-21T23:01:00.790093,65367,4708,
PE-SAM,Peru,San Martin,2022-03-21T23:01:00.790093,61776,3137,
PE-TAC,Peru,Tacna,2022-03-21T23:01:00.790093,53647,2120,
PE-TUM,Peru,Tumbes,2022-03-21T23:01:00.790093,27271,1685,
PE-UCA,Peru,Ucayali,2022-03-21T23:01:00.790093,39369,3217,
US-PR,United States,Puerto Rico,,,,
UY-AR,Uruguay,Artigas,2022-03-21T23:01:00.801366,,,
UY-CA,Uruguay,Canelones,2022-03-21T23:01:00.801366,,,
UY-CL,Uruguay,Cerro Largo,2022-03-21T23:01:00.801366,,,
UY-CO,Uruguay,Colonia,2022-03-21T23:01:00.801366,,,
UY-DU,Uruguay,Durazno,2022-03-21T23:01:00.801366,,,
UY-FS,Uruguay,Flores,2022-03-21T23:01:00.801366,,,
UY-FD,Uruguay,Florida,2022-03-21T23:01:00.801366,,,
UY-LA,Uruguay,Lavalleja,2022-03-21T23:01:00.801366,,,
UY-MA,Uruguay,Maldonado,2022-03-21T23:01:00.801366,,,
UY-MO,Uruguay,Montevideo,2022-03-21T23:01:00.801366,,,
UY-PA,Uruguay,Paysandu,2022-03-21T23:01:00.801366,,,
UY-RN,Uruguay,Rio Negro,2022-03-21T23:01:00.801366,,,
UY-RV,Uruguay,Rivera,2022-03-21T23:01:00.801366,,,
UY-RO,Uruguay,Rocha,2022-03-21T23:01:00.801366,,,
UY-SA,Uruguay,Salto,2022-03-21T23:01:00.801366,,,
UY-SJ,Uruguay,San Jose,2022-03-21T23:01:00.801366,,,
UY-SO,Uruguay,Soriano,2022-03-21T23:01:00.801366,,,
UY-TA,Uruguay,Tacuarembo,2022-03-21T23:01:00.801366,,,
UY-TT,Uruguay,Treinta y Tres,2022-03-21T23:01:00.801366,,,
VE-Z,Venezuela,Amazonas,,,,
VE-B,Venezuela,Anzoategui,,,,
VE-C,Venezuela,Apure,,,,
VE-D,Venezuela,Aragua,,,,
VE-E,Venezuela,Barinas,,,,
VE-F,Venezuela,Bolivar,,,,
VE-G,Venezuela,Carabobo,,,,
VE-A,Venezuela,Caracas Distrito Capital,,,,
VE-H,Venezuela,Cojedes,,,,
VE-Y,Venezuela,Delta Amacuro,,,,
VE-W,Venezuela,Dependencias Federales,,,,
VE-I,Venezuela,Falcon,,,,
VE-J,Venezuela,Guarico,,,,
VE-K,Venezuela,Lara,,,,
VE-L,Venezuela,Merida,,,,
VE-M,Venezuela,Miranda,,,,
VE-N,Venezuela,Monagas,,,,
VE-O,Venezuela,Nueva Esparta,,,,
VE-P,Venezuela,Portuguesa,,,,
VE-R,Venezuela,Sucre,,,,
VE-S,Venezuela,Tachira,,,,
VE-T,Venezuela,Trujillo,,,,
VE-X,Venezuela,Vargas,,,,
VE-U,Venezuela,Yaracuy,,,,
VE-V,Venezuela,Zulia,,,,
