ISO 3166-2 Code,Country,Subdivision,Last Update,Confirmed,Deaths,Recovered
AR-B,Argentina,Buenos Aires,2022-02-26T23:00:36.075958,0,0,
AR-K,Argentina,Catamarca,2022-02-26T23:00:36.075958,0,0,
AR-H,Argentina,Chaco,2022-02-26T23:00:36.075958,0,0,
AR-U,Argentina,Chubut,2022-02-26T23:00:36.075958,0,0,
AR-C,Argentina,Ciudad Autonoma de Buenos Aires,2022-02-26T23:00:36.075958,0,0,
AR-X,Argentina,Cordoba,2022-02-26T23:00:36.075958,0,0,
AR-W,Argentina,Corrientes,2022-02-26T23:00:36.075958,0,0,
AR-E,Argentina,Entre Rios,2022-02-26T23:00:36.075958,0,0,
AR-P,Argentina,Formosa,2022-02-26T23:00:36.075958,0,0,
AR-Y,Argentina,Jujuy,2022-02-26T23:00:36.075958,0,0,
AR-L,Argentina,La Pampa,2022-02-26T23:00:36.075958,0,0,
AR-F,Argentina,La Rioja,2022-02-26T23:00:36.075958,0,0,
AR-M,Argentina,Mendoza,2022-02-26T23:00:36.075958,0,0,
AR-N,Argentina,Misiones,2022-02-26T23:00:36.075958,0,0,
AR-Q,Argentina,Neuquen,2022-02-26T23:00:36.075958,0,0,
AR-R,Argentina,Rio Negro,2022-02-26T23:00:36.075958,0,0,
AR-A,Argentina,Salta,2022-02-26T23:00:36.075958,0,0,
AR-J,Argentina,San Juan,2022-02-26T23:00:36.075958,0,0,
AR-D,Argentina,San Luis,2022-02-26T23:00:36.075958,0,0,
AR-Z,Argentina,Santa Cruz,2022-02-26T23:00:36.075958,0,0,
AR-S,Argentina,Santa Fe,2022-02-26T23:00:36.075958,0,0,
AR-G,Argentina,Santiago del Estero,2022-02-26T23:00:36.075958,0,0,
AR-V,Argentina,Tierra del Fuego,2022-02-26T23:00:36.075958,0,0,
AR-T,Argentina,Tucuman,2022-02-26T23:00:36.075958,0,0,
BO-B,Bolivia,Beni,,,,
BO-H,Bolivia,Chuquisaca,,,,
BO-C,Bolivia,Cochabamba,,,,
BO-L,Bolivia,La Paz,,,,
BO-O,Bolivia,Oruro,,,,
BO-N,Bolivia,Pando,,,,
BO-P,Bolivia,Potosi,,,,
BO-S,Bolivia,Santa Cruz,,,,
BO-T,Bolivia,Tarija,,,,
BR-AC,Brazil,Acre,,,,
BR-AL,Brazil,Alagoas,,,,
BR-AP,Brazil,Amapa,,,,
BR-AM,Brazil,Amazonas,,,,
BR-BA,Brazil,Bahia,,,,
BR-CE,Brazil,Ceara,,,,
BR-DF,Brazil,Distrito Federal,,,,
BR-ES,Brazil,Espiritu Santo,,,,
BR-GO,Brazil,Goias,,,,
BR-MA,Brazil,Maranhao,,,,
BR-MT,Brazil,Mato Grosso,,,,
BR-MS,Brazil,Mato Grosso do Sul,,,,
BR-MG,Brazil,Minas Gerais,,,,
BR-PA,Brazil,Para,,,,
BR-PB,Brazil,Paraiba,,,,
BR-PR,Brazil,Parana,,,,
BR-PE,Brazil,Pernambuco,,,,
BR-PI,Brazil,Piaui,,,,
BR-RJ,Brazil,Rio de Janeiro,,,,
BR-RN,Brazil,Rio Grande do Norte,,,,
BR-RS,Brazil,Rio Grande do Sul,,,,
BR-RO,Brazil,Rondonia,,,,
BR-RR,Brazil,Roraima,,,,
BR-SC,Brazil,Santa Catarina,,,,
BR-SP,Brazil,Sao Paulo,,,,
BR-SE,Brazil,Sergipe,,,,
BR-TO,Brazil,Tocantins,,,,
CL-AN,Chile,Antofagasta,2022-02-26T15:05:36,113239,1403,109584
CL-AR,Chile,Araucania,2022-02-26T15:05:36,180270,1697,170078
CL-AP,Chile,Arica y Parinacota,2022-02-26T15:05:36,52168,631,50779
CL-AT,Chile,Atacama,2022-02-26T15:05:36,55912,417,52843
CL-AI,Chile,Aysen,2022-02-26T15:05:36,20743,126,19624
CL-BI,Chile,Biobio,2022-02-26T15:05:36,281131,3125,261798
CL-CO,Chile,Coquimbo,2022-02-26T15:05:36,104590,1232,99562
CL-LL,Chile,Los Lagos,2022-02-26T15:05:36,163842,1673,155093
CL-LR,Chile,Los Rios,2022-02-26T15:05:36,89288,814,83922
CL-MA,Chile,Magallanes,2022-02-26T15:05:36,46165,568,44759
CL-ML,Chile,Maule,2022-02-26T15:05:36,187118,2008,175214
CL-NB,Chile,Nuble,2022-02-26T15:05:36,78785,759,72942
CL-LI,Chile,O'Higgins,2022-02-26T15:05:36,122495,1744,115249
CL-RM,Chile,Santiago,2022-02-26T15:05:36,1188101,20981,1136377
CL-TA,Chile,Tarapaca,2022-02-26T15:05:36,76491,941,74879
CL-VS,Chile,Valparaiso,2022-02-26T15:05:36,255248,3951,241397
CO-AMA,Colombia,Amazonas,2022-02-28T04:00:53.897694,,,
CO-ANT,Colombia,Antioquia,2022-02-28T04:00:53.897694,,,
CO-ARA,Colombia,Arauca,2022-02-28T04:00:53.897694,,,
CO-ATL,Colombia,Atlantico,2022-02-28T04:00:53.897694,,,
CO-DC,Colombia,Bogota,2022-02-28T04:00:53.897694,,,
CO-BOL,Colombia,Bolivar,2022-02-28T04:00:53.897694,,,
CO-BOY,Colombia,Boyaca,2022-02-28T04:00:53.897694,,,
CO-CAL,Colombia,Caldas,2022-02-28T04:00:53.897694,,,
CO-CAQ,Colombia,Caqueta,2022-02-28T04:00:53.897694,,,
CO-CAS,Colombia,Casanare,2022-02-28T04:00:53.897694,,,
CO-CAU,Colombia,Cauca,2022-02-28T04:00:53.897694,,,
CO-CES,Colombia,Cesar,2022-02-28T04:00:53.897694,,,
CO-COR,Colombia,Choco,2022-02-28T04:00:53.897694,,,
CO-CUN,Colombia,Cordoba,2022-02-28T04:00:53.897694,,,
CO-CHO,Colombia,Cundinamarca,2022-02-28T04:00:53.897694,,,
CO-GUA,Colombia,Guainia,2022-02-28T04:00:53.897694,,,
CO-GUV,Colombia,Guaviare,2022-02-28T04:00:53.897694,,,
CO-HUI,Colombia,Huila,2022-02-28T04:00:53.897694,,,
CO-LAG,Colombia,La Guajira,2022-02-28T04:00:53.897694,,,
CO-MAG,Colombia,Magdalena,2022-02-28T04:00:53.897694,,,
CO-MET,Colombia,Meta,2022-02-28T04:00:53.897694,,,
CO-NAR,Colombia,Narino,2022-02-28T04:00:53.897694,,,
CO-NSA,Colombia,Norte de Santander,2022-02-28T04:00:53.897694,,,
CO-PUT,Colombia,Putumayo,2022-02-28T04:00:53.897694,,,
CO-QUI,Colombia,Quindio,2022-02-28T04:00:53.897694,,,
CO-RIS,Colombia,Risaralda,2022-02-28T04:00:53.897694,,,
CO-SAP,Colombia,San Andres y Providencia,2022-02-28T04:00:53.897694,,,
CO-SAN,Colombia,Santander,2022-02-28T04:00:53.897694,,,
CO-SUC,Colombia,Sucre,2022-02-28T04:00:53.897694,,,
CO-TOL,Colombia,Tolima,2022-02-28T04:00:53.897694,,,
CO-VAC,Colombia,Valle del Cauca,2022-02-28T04:00:53.897694,,,
CO-VAU,Colombia,Vaupes,2022-02-28T04:00:53.897694,,,
CO-VID,Colombia,Vichada,2022-02-28T04:00:53.897694,,,
CR-A,Costa Rica,Alajuela,,,,
CR-C,Costa Rica,Cartago,,,,
CR-G,Costa Rica,Guanacaste,,,,
CR-H,Costa Rica,Heredia,,,,
CR-L,Costa Rica,Limon,,,,
CR-P,Costa Rica,Puntarenas,,,,
CR-SJ,Costa Rica,San Jose,,,,
CU-15,Cuba,Artemisa,,,,
CU-09,Cuba,Camagüey,,,,
CU-08,Cuba,Ciego de Ávila,,,,
CU-06,Cuba,Cienfuegos,,,,
CU-12,Cuba,Granma,,,,
CU-14,Cuba,Guantánamo,,,,
CU-11,Cuba,Holguín,,,,
CU-99,Cuba,Isla de la Juventud,,,,
CU-03,Cuba,La Habana,,,,
CU-10,Cuba,Las Tunas,,,,
CU-04,Cuba,Matanzas,,,,
CU-16,Cuba,Mayabeque,,,,
CU-01,Cuba,Pinar del Río,,,,
CU-07,Cuba,Sancti Spíritus,,,,
CU-13,Cuba,Santiago de Cuba,,,,
CU-05,Cuba,Villa Clara,,,,
DO-02,Dominican Republic,Azua,,,,
DO-03,Dominican Republic,Baoruco,,,,
DO-04,Dominican Republic,Barahona,,,,
DO-05,Dominican Republic,Dajabon,,,,
DO-06,Dominican Republic,Distrito Nacional,,,,
DO-08,Dominican Republic,Duarte,,,,
DO-09,Dominican Republic,El Seibo,,,,
DO-30,Dominican Republic,Elias Pina,,,,
DO-10,Dominican Republic,Espaillat,,,,
DO-11,Dominican Republic,Hato Mayor,,,,
DO-07,Dominican Republic,Hermanas Mirabal,,,,
DO-12,Dominican Republic,Independencia,,,,
DO-13,Dominican Republic,La Altagracia,,,,
DO-14,Dominican Republic,La Romana,,,,
DO-28,Dominican Republic,La Vega,,,,
DO-15,Dominican Republic,Maria Trinidad Sanchez,,,,
DO-29,Dominican Republic,Monsenor Nouel,,,,
DO-16,Dominican Republic,Monte Cristi,,,,
DO-17,Dominican Republic,Monte Plata,,,,
DO-18,Dominican Republic,Pedernales,,,,
DO-19,Dominican Republic,Peravia,,,,
DO-20,Dominican Republic,Puerto Plata,,,,
DO-21,Dominican Republic,Samana,,,,
DO-31,Dominican Republic,San Cristobal,,,,
DO-22,Dominican Republic,San Jose de Ocoa,,,,
DO-23,Dominican Republic,San Juan,,,,
DO-24,Dominican Republic,San Pedro de Macoris,,,,
DO-25,Dominican Republic,Sanchez Ramirez,,,,
DO-26,Dominican Republic,Santiago,,,,
DO-32,Dominican Republic,Santiago Rodriguez,,,,
DO-01,Dominican Republic,Santo Domingo,,,,
DO-27,Dominican Republic,Valverde,,,,
EC-A,Ecuador,Azuay,,,,
EC-B,Ecuador,Bolivar,,,,
EC-F,Ecuador,Canar,,,,
EC-C,Ecuador,Carchi,,,,
EC-H,Ecuador,Chimborazo,,,,
EC-X,Ecuador,Cotopaxi,,,,
EC-O,Ecuador,El Oro,,,,
EC-E,Ecuador,Esmeraldas,,,,
EC-W,Ecuador,Galapagos,,,,
EC-G,Ecuador,Guayas,,,,
EC-I,Ecuador,Imbabura,,,,
EC-L,Ecuador,Loja,,,,
EC-R,Ecuador,Los Rios,,,,
EC-M,Ecuador,Manabi,,,,
EC-S,Ecuador,Morona Santiago,,,,
EC-N,Ecuador,Napo,,,,
EC-D,Ecuador,Orellana,,,,
EC-Y,Ecuador,Pastaza,,,,
EC-P,Ecuador,Pichincha,,,,
EC-SE,Ecuador,Santa Elena,,,,
EC-SD,Ecuador,Santo Domingo de los Tsachilas,,,,
EC-U,Ecuador,Sucumbios,,,,
EC-T,Ecuador,Tungurahua,,,,
EC-Z,Ecuador,Zamora-Chinchipe,,,,
SV-AH,El Salvador,Ahuachapan,,,,
SV-CA,El Salvador,Cabanas,,,,
SV-CH,El Salvador,Chalatenango,,,,
SV-CU,El Salvador,Cuscatlan,,,,
SV-LI,El Salvador,La Libertad,,,,
SV-PA,El Salvador,La Paz,,,,
SV-UN,El Salvador,La Unión,,,,
SV-MO,El Salvador,Morazan,,,,
SV-SM,El Salvador,San Miguel,,,,
SV-SS,El Salvador,San Salvador,,,,
SV-SV,El Salvador,San Vicente,,,,
SV-SA,El Salvador,Santa Ana,,,,
SV-SO,El Salvador,Sonsonate,,,,
SV-US,El Salvador,Usulutan,,,,
FR-GP,France,Guadeloupe,,,,
FR-GF,France,Guyane,,,,
FR-MQ,France,Martinique,,,,
FR-BL,France,Saint-Barthélemy,,,,
FR-MF,France,Saint-Martin,,,,
FR-PM,France,Saint-Pierre-et-Miquelon,,,,
GT-AV,Guatemala,Alta Verapaz,,,,
GT-BV,Guatemala,Baja Verapaz,,,,
GT-CM,Guatemala,Chimaltenango,,,,
GT-CQ,Guatemala,Chiquimula,,,,
GT-PR,Guatemala,El Progreso,,,,
GT-ES,Guatemala,Escuintla,,,,
GT-GU,Guatemala,Guatemala,,,,
GT-HU,Guatemala,Huehuetenango,,,,
GT-IZ,Guatemala,Izabal,,,,
GT-JA,Guatemala,Jalapa,,,,
GT-JU,Guatemala,Jutiapa,,,,
GT-PE,Guatemala,Petén,,,,
GT-QZ,Guatemala,Quetzaltenango,,,,
GT-QC,Guatemala,Quiché,,,,
GT-RE,Guatemala,Retalhuleu,,,,
GT-SA,Guatemala,Sacatepéquez,,,,
GT-SM,Guatemala,San Marcos,,,,
GT-SR,Guatemala,Santa Rosa,,,,
GT-SO,Guatemala,Sololá,,,,
GT-SU,Guatemala,Suchitepéquez,,,,
GT-TO,Guatemala,Totonicapán,,,,
GT-ZA,Guatemala,Zacapa,,,,
HT-AR,Haiti,Artibonite,,,,
HT-CE,Haiti,Centre,,,,
HT-GA,Haiti,Grande’Anse,,,,
HT-NI,Haiti,Nippes,,,,
HT-ND,Haiti,Nord,,,,
HT-NE,Haiti,Nord-Est,,,,
HT-NO,Haiti,Nord-Ouest,,,,
HT-OU,Haiti,Ouest,,,,
HT-SD,Haiti,Sud,,,,
HT-SE,Haiti,Sud-Est,,,,
HN-AT,Honduras,Atlantida,,,,
HN-CH,Honduras,Choluteca,,,,
HN-CL,Honduras,Colon,,,,
HN-CM,Honduras,Comayagua,,,,
HN-CP,Honduras,Copan,,,,
HN-CR,Honduras,Cortes,,,,
HN-EP,Honduras,El Paraiso,,,,
HN-FM,Honduras,Francisco Morazan,,,,
HN-GD,Honduras,Gracias a Dios,,,,
HN-IN,Honduras,Intibuca,,,,
HN-IB,Honduras,Islas de la Bahia,,,,
HN-LP,Honduras,La Paz,,,,
HN-LE,Honduras,Lempira,,,,
HN-OC,Honduras,Ocotepeque,,,,
HN-OL,Honduras,Olancho,,,,
HN-SB,Honduras,Santa Barbara,,,,
HN-VA,Honduras,Valle,,,,
HN-YO,Honduras,Yoro,,,,
MX-AGU,Mexico,Aguascalientes,2022-02-27T07:29:23,60016,3558,
MX-BCN,Mexico,Baja California,2022-02-27T07:29:23,127827,11929,
MX-BCS,Mexico,Baja California Sur,2022-02-27T07:29:23,100338,2588,
MX-CAM,Mexico,Campeche,2022-02-27T07:29:23,34278,2171,
MX-CHP,Mexico,Chiapas,2022-02-27T07:29:23,31119,2203,
MX-CHH,Mexico,Chihuahua,2022-02-27T07:29:23,121970,9798,
MX-CMX,Mexico,Ciudad de Mexico,2022-02-27T07:29:23,1537157,55033,
MX-COA,Mexico,Coahuila,2022-02-27T07:29:23,143376,8707,
MX-COL,Mexico,Colima,2022-02-27T07:29:23,54626,2366,
MX-DUR,Mexico,Durango,2022-02-27T07:29:23,66577,3373,
MX-GUA,Mexico,Guanajuato,2022-02-27T07:29:23,273332,14569,
MX-GRO,Mexico,Guerrero,2022-02-27T07:29:23,95568,6428,
MX-HID,Mexico,Hidalgo,2022-02-27T07:29:23,85512,8119,
MX-JAL,Mexico,Jalisco,2022-02-27T07:29:23,228397,18861,
MX-MIC,Mexico,Michoacan,2022-02-27T07:29:23,91278,8425,
MX-MOR,Mexico,Morelos,2022-02-27T07:29:23,64230,5106,
MX-MEX,Mexico,Mexico,2022-02-27T07:29:23,341622,34305,
MX-NAY,Mexico,Nayarit,2022-02-27T07:29:23,57325,3230,
MX-NLE,Mexico,Nuevo Leon,2022-02-27T07:29:23,306163,14929,
MX-OAX,Mexico,Oaxaca,2022-02-27T07:29:23,115140,5734,
MX-PUE,Mexico,Puebla,2022-02-27T07:29:23,167211,16229,
MX-QUE,Mexico,Queretaro,2022-02-27T07:29:23,139898,6315,
MX-ROO,Mexico,Quintana Roo,2022-02-27T07:29:23,90362,4227,
MX-SLP,Mexico,San Luis Potosi,2022-02-27T07:29:23,179902,7348,
MX-SIN,Mexico,Sinaloa,2022-02-27T07:29:23,117561,9561,
MX-SON,Mexico,Sonora,2022-02-27T07:29:23,161308,10019,
MX-TAB,Mexico,Tabasco,2022-02-27T07:29:23,190382,6174,
MX-TAM,Mexico,Tamaulipas,2022-02-27T07:29:23,141159,8097,
MX-TLA,Mexico,Tlaxcala,2022-02-27T07:29:23,39805,2856,
MX-VER,Mexico,Veracruz,2022-02-27T07:29:23,164020,15525,
MX-YUC,Mexico,Yucatan,2022-02-27T07:29:23,108259,6491,
MX-ZAC,Mexico,Zacatecas,2022-02-27T07:29:23,66868,3740,
NI-BO,Nicaragua,Boaco,,,,
NI-CA,Nicaragua,Carazo,,,,
NI-CI,Nicaragua,Chinandega,,,,
NI-CO,Nicaragua,Chontales,,,,
NI-ES,Nicaragua,Estelí,,,,
NI-GR,Nicaragua,Granada,,,,
NI-JI,Nicaragua,Jinotega,,,,
NI-LE,Nicaragua,León,,,,
NI-MD,Nicaragua,Madriz,,,,
NI-MN,Nicaragua,Managua,,,,
NI-MS,Nicaragua,Masaya,,,,
NI-MT,Nicaragua,Matagalpa,,,,
NI-AN,Nicaragua,NCCAR,,,,
NI-NS,Nicaragua,Nueva Segovia,,,,
NI-RI,Nicaragua,Rio San Juan,,,,
NI-SJ,Nicaragua,Rivas,,,,
NI-AS,Nicaragua,SCCAR,,,,
PA-1,Panama,Bocas del Toro,,,,
PA-4,Panama,Chiriqui,,,,
PA-2,Panama,Cocle,,,,
PA-3,Panama,Colon,,,,
PA-5,Panama,Darien,,,,
PA-EM,Panama,Embera,,,,
PA-KY,Panama,Guna Yala,,,,
PA-6,Panama,Herrera,,,,
PA-7,Panama,Los Santos,,,,
PA-NB,Panama,Ngabe-Bugle,,,,
PA-8,Panama,Panama,,,,
PA-10,Panama,Panama Oeste,,,,
PA-9,Panama,Veraguas,,,,
PY-16,Paraguay,Alto Paraguay,,,,
PY-10,Paraguay,Alto Parana,,,,
PY-13,Paraguay,Amambay,,,,
PY-19,Paraguay,Boqueron,,,,
PY-5,Paraguay,Caaguazu,,,,
PY-6,Paraguay,Caazapa,,,,
PY-14,Paraguay,Canindeyu,,,,
PY-11,Paraguay,Central,,,,
PY-1,Paraguay,Concepcion,,,,
PY-3,Paraguay,Cordillera,,,,
PY-ASU,Paraguay,Distrito Capital,,,,
PY-4,Paraguay,Guaira,,,,
PY-7,Paraguay,Itapua,,,,
PY-8,Paraguay,Misiones,,,,
PY-12,Paraguay,Neembucu,,,,
PY-9,Paraguay,Paraguari,,,,
PY-15,Paraguay,Presidente Hayes,,,,
PY-2,Paraguay,San Pedro,,,,
PE-AMA,Peru,Amazonas,2022-02-28T04:00:53.891375,43509,1330,
PE-ANC,Peru,Ancash,2022-02-28T04:00:53.891375,123866,7035,
PE-APU,Peru,Apurimac,2022-02-28T04:00:53.891375,38290,1607,
PE-ARE,Peru,Arequipa,2022-02-28T04:00:53.891375,209995,10138,
PE-AYA,Peru,Ayacucho,2022-02-28T04:00:53.891375,47779,2293,
PE-CAJ,Peru,Cajamarca,2022-02-28T04:00:53.891375,95148,4388,
PE-CAL,Peru,Callao,2022-02-28T04:00:53.891375,145639,10424,
PE-CUS,Peru,Cusco,2022-02-28T04:00:53.891375,115852,5083,
PE-HUV,Peru,Huancavelica,2022-02-28T04:00:53.891375,25269,1247,
PE-HUC,Peru,Huanuco,2022-02-28T04:00:53.891375,51590,2843,
PE-ICA,Peru,Ica,2022-02-28T04:00:53.891375,102168,8851,
PE-JUN,Peru,Junin,2022-02-28T04:00:53.891375,124685,7370,
PE-LAL,Peru,La Libertad,2022-02-28T04:00:53.891375,145272,10855,
PE-LAM,Peru,Lambayeque,2022-02-28T04:00:53.891375,104648,9166,
PE-LIM,Peru,Lima,2022-02-28T04:00:53.891375,1589553,92335,
PE-LOR,Peru,Loreto,2022-02-28T04:00:53.891375,57657,4360,
PE-MDD,Peru,Madre de dios,2022-02-28T04:00:53.891375,17611,831,
PE-MOQ,Peru,Moquegua,2022-02-28T04:00:53.891375,47950,1596,
PE-PAS,Peru,Pasco,2022-02-28T04:00:53.891375,23686,1082,
PE-PIU,Peru,Piura,2022-02-28T04:00:53.891375,156494,12917,
PE-PUN,Peru,Puno,2022-02-28T04:00:53.891375,64878,4629,
PE-SAM,Peru,San Martin,2022-02-28T04:00:53.891375,61566,3111,
PE-TAC,Peru,Tacna,2022-02-28T04:00:53.891375,53407,2094,
PE-TUM,Peru,Tumbes,2022-02-28T04:00:53.891375,26610,1674,
PE-UCA,Peru,Ucayali,2022-02-28T04:00:53.891375,39282,3148,
US-PR,United States,Puerto Rico,,,,
UY-AR,Uruguay,Artigas,2022-02-28T04:00:53.900916,,,
UY-CA,Uruguay,Canelones,2022-02-28T04:00:53.900916,,,
UY-CL,Uruguay,Cerro Largo,2022-02-28T04:00:53.900916,,,
UY-CO,Uruguay,Colonia,2022-02-28T04:00:53.900916,,,
UY-DU,Uruguay,Durazno,2022-02-28T04:00:53.900916,,,
UY-FS,Uruguay,Flores,2022-02-28T04:00:53.900916,,,
UY-FD,Uruguay,Florida,2022-02-28T04:00:53.900916,,,
UY-LA,Uruguay,Lavalleja,2022-02-28T04:00:53.900916,,,
UY-MA,Uruguay,Maldonado,2022-02-28T04:00:53.900916,,,
UY-MO,Uruguay,Montevideo,2022-02-28T04:00:53.900916,,,
UY-PA,Uruguay,Paysandu,2022-02-28T04:00:53.900916,,,
UY-RN,Uruguay,Rio Negro,2022-02-28T04:00:53.900916,,,
UY-RV,Uruguay,Rivera,2022-02-28T04:00:53.900916,,,
UY-RO,Uruguay,Rocha,2022-02-28T04:00:53.900916,,,
UY-SA,Uruguay,Salto,2022-02-28T04:00:53.900916,,,
UY-SJ,Uruguay,San Jose,2022-02-28T04:00:53.900916,,,
UY-SO,Uruguay,Soriano,2022-02-28T04:00:53.900916,,,
UY-TA,Uruguay,Tacuarembo,2022-02-28T04:00:53.900916,,,
UY-TT,Uruguay,Treinta y Tres,2022-02-28T04:00:53.900916,,,
VE-Z,Venezuela,Amazonas,,,,
VE-B,Venezuela,Anzoategui,,,,
VE-C,Venezuela,Apure,,,,
VE-D,Venezuela,Aragua,,,,
VE-E,Venezuela,Barinas,,,,
VE-F,Venezuela,Bolivar,,,,
VE-G,Venezuela,Carabobo,,,,
VE-A,Venezuela,Caracas Distrito Capital,,,,
VE-H,Venezuela,Cojedes,,,,
VE-Y,Venezuela,Delta Amacuro,,,,
VE-W,Venezuela,Dependencias Federales,,,,
VE-I,Venezuela,Falcon,,,,
VE-J,Venezuela,Guarico,,,,
VE-K,Venezuela,Lara,,,,
VE-L,Venezuela,Merida,,,,
VE-M,Venezuela,Miranda,,,,
VE-N,Venezuela,Monagas,,,,
VE-O,Venezuela,Nueva Esparta,,,,
VE-P,Venezuela,Portuguesa,,,,
VE-R,Venezuela,Sucre,,,,
VE-S,Venezuela,Tachira,,,,
VE-T,Venezuela,Trujillo,,,,
VE-X,Venezuela,Vargas,,,,
VE-U,Venezuela,Yaracuy,,,,
VE-V,Venezuela,Zulia,,,,
