ISO 3166-2 Code,Province/State,Country/Region,Last Update,Confirmed,Deaths,Recovered
AR-C,Ciudad Autonoma de Buenos Aires,Argentina,2020-03-30T01:29:04,258,6,53
AR-B,Buenos Aires,Argentina,2020-03-30T01:29:04,217,8,15
AR-K,Catamarca,Argentina,2020-03-30T01:29:04,0,0,0
AR-H,Chaco,Argentina,2020-03-30T01:29:04,69,4,0
AR-U,Chubut,Argentina,2020-03-30T01:29:04,0,0,0
AR-X,Cordoba,Argentina,2020-03-30T01:29:04,73,0,1
AR-W,Corrientes,Argentina,2020-03-30T01:29:04,9,0,0
AR-E,Entre Rios,Argentina,2020-03-30T01:29:04,10,0,0
AR-P,Formosa,Argentina,2020-03-30T01:29:04,0,0,0
AR-Y,Jujuy,Argentina,2020-03-30T01:29:04,3,0,0
AR-L,La Pampa,Argentina,2020-03-30T01:29:04,3,0,0
AR-F,La Rioja,Argentina,2020-03-30T01:29:04,1,0,0
AR-M,Mendoza,Argentina,2020-03-30T01:29:04,10,1,0
AR-N,Misiones,Argentina,2020-03-30T01:29:04,2,0,0
AR-Q,Neuquen,Argentina,2020-03-30T01:29:04,12,1,0
AR-R,Rio Negro,Argentina,2020-03-30T01:29:04,8,0,1
AR-A,Salta,Argentina,2020-03-30T01:29:04,1,0,0
AR-J,San Juan,Argentina,2020-03-30T01:29:04,1,0,0
AR-D,San Luis,Argentina,2020-03-30T01:29:04,6,0,0
AR-Z,Santa Cruz,Argentina,2020-03-30T01:29:04,9,0,0
AR-S,Santa Fe,Argentina,2020-03-30T01:29:04,90,0,0
AR-G,Santiago del Estero,Argentina,2020-03-30T01:29:04,2,0,0
AR-V,Tierra del Fuego,Argentina,2020-03-30T01:29:04,21,0,0
AR-T,Tucuman,Argentina,2020-03-30T01:29:04,15,0,0
BO-B,Beni,Bolivia,2020-03-29T05:11:28,0,0,0
BO-H,Chuquisaca,Bolivia,2020-03-29T05:11:28,1,0,0
BO-C,Cochabamba,Bolivia,2020-03-29T05:11:28,14,0,0
BO-L,La Paz,Bolivia,2020-03-29T05:11:28,10,2,0
BO-O,Oruro,Bolivia,2020-03-29T05:11:28,8,0,0
BO-N,Pando,Bolivia,2020-03-29T05:11:28,1,0,0
BO-P,Potosi,Bolivia,2020-03-29T05:11:28,3,0,0
BO-S,Santa Cruz,Bolivia,2020-03-29T05:11:28,44,1,0
BO-T,Tarija,Bolivia,2020-03-29T05:11:28,0,0,0
BR-AC,Acre,Brazil,,,,
BR-AL,Alagoas,Brazil,,,,
BR-AP,Amapa,Brazil,,,,
BR-AM,Amazonas,Brazil,,,,
BR-BA,Bahia,Brazil,,,,
BR-CE,Ceara,Brazil,,,,
BR-DF,Distrito Federal,Brazil,,,,
BR-ES,Espiritu Santo,Brazil,,,,
BR-GO,Goias,Brazil,,,,
BR-MA,Maranhao,Brazil,,,,
BR-MT,Mato Grosso,Brazil,,,,
BR-MS,Mato Grosso do Sul,Brazil,,,,
BR-MG,Minas Gerais,Brazil,,,,
BR-PA,Para,Brazil,,,,
BR-PB,Paraiba,Brazil,,,,
BR-PR,Parana,Brazil,,,,
BR-PE,Pernambuco,Brazil,,,,
BR-PI,Piaui,Brazil,,,,
BR-RJ,Rio de Janeiro,Brazil,,,,
BR-RN,Rio Grande do Norte,Brazil,,,,
BR-RS,Rio Grande do Sul,Brazil,,,,
BR-RO,Rondonia,Brazil,,,,
BR-RR,Roraima,Brazil,,,,
BR-SC,Santa Catarina,Brazil,,,,
BR-SP,Sao Paulo,Brazil,,,,
BR-SE,Sergipe,Brazil,,,,
BR-TO,Tocantins,Brazil,,,,
CL-AP,Arica y Parinacota,Chile,2020-03-30T03:28:04,4,0,0
CL-TA,Tarapaca,Chile,2020-03-30T03:28:04,6,0,0
CL-AN,Antofagasta,Chile,2020-03-30T03:28:04,27,0,0
CL-AT,Atacama,Chile,2020-03-30T03:28:04,2,0,0
CL-CO,Coquimbo,Chile,2020-03-30T03:28:04,18,0,0
CL-VS,Valparaiso,Chile,2020-03-30T03:28:04,80,0,0
CL-RM,Santiago,Chile,2020-03-30T03:28:04,1167,3,0
CL-LI,O'Higgins,Chile,2020-03-30T03:28:04,21,0,0
CL-ML,Maule,Chile,2020-03-30T03:28:04,42,0,0
CL-NB,Nuble,Chile,2020-03-30T03:28:04,197,0,0
CL-BI,Biobio,Chile,2020-03-30T03:28:04,185,2,0
CL-AR,Araucania,Chile,2020-03-30T03:28:04,205,2,0
CL-LR,Los Rios,Chile,2020-03-30T03:28:04,40,0,0
CL-LL,Los Lagos,Chile,2020-03-30T03:28:04,104,0,0
CL-AI,Aysen,Chile,2020-03-30T03:28:04,2,0,0
CL-MA,Magallanes,Chile,2020-03-30T03:28:04,39,0,0
CO-AMA,Amazonas,Colombia,,,,
CO-ANT,Antioquia,Colombia,,,,
CO-ARA,Arauca,Colombia,,,,
CO-ATL,Atlantico,Colombia,,,,
CO-DC,Bogota,Colombia,,,,
CO-BOL,Bolivar,Colombia,,,,
CO-BOY,Boyaca,Colombia,,,,
CO-CAL,Caldas,Colombia,,,,
CO-CAQ,Caqueta,Colombia,,,,
CO-CAS,Casanare,Colombia,,,,
CO-CAU,Cauca,Colombia,,,,
CO-CES,Cesar,Colombia,,,,
CO-COR,Choco,Colombia,,,,
CO-CUN,Cordoba,Colombia,,,,
CO-CHO,Cundinamarca,Colombia,,,,
CO-GUA,Guainia,Colombia,,,,
CO-GUV,Guaviare,Colombia,,,,
CO-HUI,Huila,Colombia,,,,
CO-LAG,La Guajira,Colombia,,,,
CO-MAG,Magdalena,Colombia,,,,
CO-MET,Meta,Colombia,,,,
CO-NAR,Narino,Colombia,,,,
CO-NSA,Norte de Santander,Colombia,,,,
CO-PUT,Putumayo,Colombia,,,,
CO-QUI,Quindio,Colombia,,,,
CO-RIS,Risaralda,Colombia,,,,
CO-SAP,San Andres y Providencia,Colombia,,,,
CO-SAN,Santander,Colombia,,,,
CO-SUC,Sucre,Colombia,,,,
CO-TOL,Tolima,Colombia,,,,
CO-VAC,Valle del Cauca,Colombia,,,,
CO-VAU,Vaupes,Colombia,,,,
CO-VID,Vichada,Colombia,,,,
CR-A,Alajuela,Costa Rica,,,,
CR-C,Cartago,Costa Rica,,,,
CR-G,Guanacaste,Costa Rica,,,,
CR-H,Heredia,Costa Rica,,,,
CR-L,Limon,Costa Rica,,,,
CR-P,Puntarenas,Costa Rica,,,,
CR-SJ,San Jose,Costa Rica,,,,
DO-02,Azua,Dominican Republic,,,,
DO-03,Baoruco,Dominican Republic,,,,
DO-04,Barahona,Dominican Republic,,,,
DO-05,Dajabon,Dominican Republic,,,,
DO-06,Distrito Nacional,Dominican Republic,,,,
DO-08,Duarte,Dominican Republic,,,,
DO-09,El Seibo,Dominican Republic,,,,
DO-30,Elias Pina,Dominican Republic,,,,
DO-10,Espaillat,Dominican Republic,,,,
DO-11,Hato Mayor,Dominican Republic,,,,
DO-07,Hermanas Mirabal,Dominican Republic,,,,
DO-12,Independencia,Dominican Republic,,,,
DO-13,La Altagracia,Dominican Republic,,,,
DO-14,La Romana,Dominican Republic,,,,
DO-28,La Vega,Dominican Republic,,,,
DO-15,Maria Trinidad Sanchez,Dominican Republic,,,,
DO-29,Monsenor Nouel,Dominican Republic,,,,
DO-16,Monte Cristi,Dominican Republic,,,,
DO-17,Monte Plata,Dominican Republic,,,,
DO-18,Pedernales,Dominican Republic,,,,
DO-19,Peravia,Dominican Republic,,,,
DO-20,Puerto Plata,Dominican Republic,,,,
DO-21,Samana,Dominican Republic,,,,
DO-31,San Cristobal,Dominican Republic,,,,
DO-22,San Jose de Ocoa,Dominican Republic,,,,
DO-23,San Juan,Dominican Republic,,,,
DO-24,San Pedro de Macoris,Dominican Republic,,,,
DO-25,Sanchez Ramirez,Dominican Republic,,,,
DO-26,Santiago,Dominican Republic,,,,
DO-32,Santiago Rodriguez,Dominican Republic,,,,
DO-01,Santo Domingo,Dominican Republic,,,,
DO-27,Valverde,Dominican Republic,,,,
EC-A,Azuay,Ecuador,2020-03-29T17:00:00,53,1,0
EC-B,Bolivar,Ecuador,2020-03-29T17:00:01,14,0,0
EC-F,Canar,Ecuador,2020-03-29T17:00:02,26,1,0
EC-C,Carchi,Ecuador,2020-03-29T17:00:03,6,0,0
EC-H,Chimborazo,Ecuador,2020-03-29T17:00:04,15,0,0
EC-X,Cotopaxi,Ecuador,2020-03-29T17:00:05,5,1,0
EC-O,El Oro,Ecuador,2020-03-29T17:00:06,25,4,0
EC-E,Esmeraldas,Ecuador,2020-03-29T17:00:07,7,0,0
EC-W,Galapagos,Ecuador,2020-03-29T17:00:08,4,0,0
EC-G,Guayas,Ecuador,2020-03-29T17:00:09,1377,37,0
EC-I,Imbabura,Ecuador,2020-03-29T17:00:10,9,1,0
EC-L,Loja,Ecuador,2020-03-29T17:00:11,15,0,0
EC-R,Los Rios,Ecuador,2020-03-29T17:00:12,60,5,0
EC-M,Manabi,Ecuador,2020-03-29T17:00:13,50,1,0
EC-S,Morona Santiago,Ecuador,2020-03-29T17:00:14,9,0,0
EC-N,Napo,Ecuador,2020-03-29T17:00:15,0,0,0
EC-D,Orellana,Ecuador,2020-03-29T17:00:16,1,0,0
EC-Y,Pastaza,Ecuador,2020-03-29T17:00:17,5,0,0
EC-P,Pichincha,Ecuador,2020-03-29T17:00:18,188,4,0
EC-SE,Santa Elena,Ecuador,2020-03-29T17:00:19,10,2,0
EC-SD,Santo Domingo de los Tsachilas,Ecuador,2020-03-29T17:00:20,0,0,0
EC-U,Sucumbios,Ecuador,2020-03-29T17:00:21,25,1,0
EC-T,Tungurahua,Ecuador,2020-03-29T17:00:22,4,0,0
EC-Z,Zamora Chinchipe,Ecuador,2020-03-29T17:00:23,1,0,0
SV-AH,Ahuachapan,El Salvador,,,,
SV-CA,Cabanas,El Salvador,,,,
SV-CH,Chalatenango,El Salvador,,,,
SV-CU,Cuscatlan,El Salvador,,,,
SV-LI,La Libertad,El Salvador,,,,
SV-PA,La Paz,El Salvador,,,,
SV-UN,La Unión,El Salvador,,,,
SV-MO,Morazan,El Salvador,,,,
SV-SM,San Miguel,El Salvador,,,,
SV-SS,San Salvador,El Salvador,,,,
SV-SV,San Vicente,El Salvador,,,,
SV-SA,Santa Ana,El Salvador,,,,
SV-SO,Sonsonate,El Salvador,,,,
SV-US,Usulutan,El Salvador,,,,
HN-AT,Atlantida,Honduras,,,,
HN-CH,Choluteca,Honduras,,,,
HN-CL,Colon,Honduras,,,,
HN-CM,Comayagua,Honduras,,,,
HN-CP,Copan,Honduras,,,,
HN-CR,Cortes,Honduras,,,,
HN-EP,El Paraiso,Honduras,,,,
HN-FM,Francisco Morazan,Honduras,,,,
HN-GD,Gracias a Dios,Honduras,,,,
HN-IN,Intibuca,Honduras,,,,
HN-IB,Islas de la Bahia,Honduras,,,,
HN-LP,La Paz,Honduras,,,,
HN-LE,Lempira,Honduras,,,,
HN-OC,Ocotepeque,Honduras,,,,
HN-OL,Olancho,Honduras,,,,
HN-SB,Santa Barbara,Honduras,,,,
HN-VA,Valle,Honduras,,,,
HN-YO,Yoro,Honduras,,,,
MX-AGU,Aguascalientes,Mexico,2020-04-01T17:25:00-06:00,24,0,missing
MX-BCN,Baja California,Mexico,2020-04-01T17:25:00-06:00,23,0,missing
MX-BCS,Baja California Sur,Mexico,2020-04-01T17:25:00-06:00,11,0,missing
MX-CAM,Campeche,Mexico,2020-04-01T17:25:00-06:00,3,0,missing
MX-CHP,Chiapas,Mexico,2020-04-01T17:25:00-06:00,10,0,missing
MX-CHH,Chihuahua,Mexico,2020-04-01T17:25:00-06:00,6,0,missing
MX-CMX,Ciudad de Mexico,Mexico,2020-04-01T17:25:00-06:00,196,7,missing
MX-COA,Coahuila,Mexico,2020-04-01T17:25:00-06:00,32,1,missing
MX-COL,Colima,Mexico,2020-04-01T17:25:00-06:00,2,0,missing
MX-DUR,Durango,Mexico,2020-04-01T17:25:00-06:00,7,1,missing
MX-GUA,Guanajuato,Mexico,2020-04-01T17:25:00-06:00,37,0,missing
MX-GRO,Guerrero,Mexico,2020-04-01T17:25:00-06:00,13,0,missing
MX-HID,Hidalgo,Mexico,2020-04-01T17:25:00-06:00,17,2,missing
MX-JAL,Jalisco,Mexico,2020-04-01T17:25:00-06:00,83,3,missing
MX-MIC,Michoacan,Mexico,2020-04-01T17:25:00-06:00,17,1,missing
MX-MOR,Morelos,Mexico,2020-04-01T17:25:00-06:00,6,1,missing
MX-MEX,Mexico,Mexico,2020-04-01T17:25:00-06:00,119,0,missing
MX-NAY,Nayarit,Mexico,2020-04-01T17:25:00-06:00,5,0,missing
MX-NLE,Nuevo Leon,Mexico,2020-04-01T17:25:00-06:00,67,0,missing
MX-OAX,Oaxaca,Mexico,2020-04-01T17:25:00-06:00,14,0,missing
MX-PUE,Puebla,Mexico,2020-04-01T17:25:00-06:00,66,1,missing
MX-QUE,Queretaro,Mexico,2020-04-01T17:25:00-06:00,26,0,missing
MX-ROO,Quintana Roo,Mexico,2020-04-01T17:25:00-06:00,38,1,missing
MX-SLP,San Luis Potosi,Mexico,2020-04-01T17:25:00-06:00,24,2,missing
MX-SIN,Sinaloa,Mexico,2020-04-01T17:25:00-06:00,19,0,missing
MX-SON,Sonora,Mexico,2020-04-01T17:25:00-06:00,14,0,missing
MX-TAB,Tabasco,Mexico,2020-04-01T17:25:00-06:00,33,0,missing
MX-TAM,Tamaulipas,Mexico,2020-04-01T17:25:00-06:00,7,0,missing
MX-TLA,Tlaxcala,Mexico,2020-04-01T17:25:00-06:00,4,0,missing
MX-VER,Veracruz,Mexico,2020-04-01T17:25:00-06:00,24,0,missing
MX-YUC,Yucatan,Mexico,2020-04-01T17:25:00-06:00,41,0,missing
MX-ZAC,Zacatecas,Mexico,2020-04-01T17:25:00-06:00,5,0,missing
NI-BO,Boaco,Nicaragua,,,,
NI-CA,Carazo,Nicaragua,,,,
NI-CI,Chinandega,Nicaragua,,,,
NI-CO,Chontales,Nicaragua,,,,
NI-ES,Estelí,Nicaragua,,,,
NI-GR,Granada,Nicaragua,,,,
NI-JI,Jinotega,Nicaragua,,,,
NI-LE,León,Nicaragua,,,,
NI-MD,Madriz,Nicaragua,,,,
NI-MN,Managua,Nicaragua,,,,
NI-MS,Masaya,Nicaragua,,,,
NI-MT,Matagalpa,Nicaragua,,,,
NI-NS,Nueva Segovia,Nicaragua,,,,
NI-SJ,Rivas,Nicaragua,,,,
NI-RI,Rio San Juan,Nicaragua,,,,
NI-AN,NCCAR,Nicaragua,,,,
NI-AS,SCCAR,Nicaragua,,,,
PA-1,Bocas del Toro,Panama,,,,
PA-4,Chiriqui,Panama,,,,
PA-2,Cocle,Panama,,,,
PA-3,Colon,Panama,,,,
PA-5,Darien,Panama,,,,
PA-6,Herrera,Panama,,,,
PA-7,Los Santos,Panama,,,,
PA-8,Panama,Panama,,,,
PA-10,Panama Oeste,Panama,,,,
PA-9,Veraguas,Panama,,,,
PA-EM,Embera,Panama,,,,
PA-KY,Guna Yala,Panama,,,,
PA-NB,Ngabe-Bugle,Panama,,,,
PY-ASU,Distrito Capital,Paraguay,,,,
PY-1,Concepcion,Paraguay,,,,
PY-2,San Pedro,Paraguay,,,,
PY-3,Cordillera,Paraguay,,,,
PY-4,Guaira,Paraguay,,,,
PY-5,Caaguazu,Paraguay,,,,
PY-6,Caazapa,Paraguay,,,,
PY-7,Itapua,Paraguay,,,,
PY-8,Misiones,Paraguay,,,,
PY-9,Paraguari,Paraguay,,,,
PY-10,Alto Parana,Paraguay,,,,
PY-11,Central,Paraguay,,,,
PY-12,Neembucu,Paraguay,,,,
PY-13,Amambay,Paraguay,,,,
PY-14,Canindeyu,Paraguay,,,,
PY-15,Presidente Hayes,Paraguay,,,,
PY-16,Alto Paraguay,Paraguay,,,,
PY-19,Boqueron,Paraguay,,,,
PE-LIM,Lima,Peru,2020-03-29T05:10:18,639,,
PE-LOR,Loreto,Peru,2020-03-29T05:10:18,52,,
PE-LAM,Lambayeque,Peru,2020-03-29T05:10:18,22,,
PE-CAL,Callao,Peru,2020-03-29T05:10:18,29,,
PE-CUS,Cusco,Peru,2020-03-29T05:10:18,17,,
PE-PIU,Piura,Peru,2020-03-29T05:10:18,21,,
PE-LAL,La Libertad,Peru,2020-03-29T05:10:18,13,,
PE-ANC,Ancash,Peru,2020-03-29T05:10:18,6,,
PE-HUC,Huanuco,Peru,2020-03-29T05:10:18,4,,
PE-ARE,Arequipa,Peru,2020-03-29T05:10:18,15,,
PE-ICA,Ica,Peru,2020-03-29T05:10:18,5,,
PE-MDD,Madre de dios,Peru,2020-03-29T05:10:18,1,,
PE-TUM,Tumbes,Peru,2020-03-29T05:10:18,8,,
PE-CAJ,Cajamarca,Peru,2020-03-29T05:10:18,1,,
PE-AMA,Amazonas,Peru,2020-03-29T05:10:18,0,,
PE-SAM,San Martin,Peru,2020-03-29T05:10:18,3,,
PE-UCA,Ucayali,Peru,2020-03-29T05:10:18,0,,
PE-PAS,Pasco,Peru,2020-03-29T05:10:18,1,,
PE-JUN,Junin,Peru,2020-03-29T05:10:18,13,,
PE-HUV,Huancavelica,Peru,2020-03-29T05:10:18,0,,
PE-AYA,Ayacucho,Peru,2020-03-29T05:10:18,1,,
PE-APU,Apurimac,Peru,2020-03-29T05:10:18,0,,
PE-PUN,Puno,Peru,2020-03-29T05:10:18,0,,
PE-MOQ,Moquegua,Peru,2020-03-29T05:10:18,0,,
PE-TAC,Tacna,Peru,2020-03-29T05:10:18,1,,
UY-AR,Artigas,Uruguay,,,,
UY-CA,Canelones,Uruguay,,,,
UY-CL,Cerro Largo,Uruguay,,,,
UY-CO,Colonia,Uruguay,,,,
UY-DU,Durazno,Uruguay,,,,
UY-FS,Flores,Uruguay,,,,
UY-FD,Florida,Uruguay,,,,
UY-LA,Lavalleja,Uruguay,,,,
UY-MA,Maldonado,Uruguay,,,,
UY-MO,Montevideo,Uruguay,,,,
UY-PA,Paysandu,Uruguay,,,,
UY-RN,Rio Negro,Uruguay,,,,
UY-RV,Rivera,Uruguay,,,,
UY-RO,Rocha,Uruguay,,,,
UY-SA,Salto,Uruguay,,,,
UY-SJ,San Jose,Uruguay,,,,
UY-SO,Soriano,Uruguay,,,,
UY-TA,Tacuarembo,Uruguay,,,,
UY-TT,Treinta y Tres,Uruguay,,,,
VE-W,Dependencias Federales,Venezuela,,,,
VE-Z,Amazonas,Venezuela,,,,
VE-B,Anzoategui,Venezuela,,,,
VE-C,Apure,Venezuela,,,,
VE-D,Aragua,Venezuela,,,,
VE-E,Barinas,Venezuela,,,,
VE-F,Bolivar,Venezuela,,,,
VE-G,Carabobo,Venezuela,,,,
VE-H,Cojedes,Venezuela,,,,
VE-Y,Delta Amacuro,Venezuela,,,,
VE-I,Falcon,Venezuela,,,,
VE-J,Guarico,Venezuela,,,,
VE-X,Vargas,Venezuela,,,,
VE-K,Lara,Venezuela,,,,
VE-L,Merida,Venezuela,,,,
VE-M,Miranda,Venezuela,,,,
VE-N,Monagas,Venezuela,,,,
VE-O,Nueva Esparta,Venezuela,,,,
VE-P,Portuguesa,Venezuela,,,,
VE-R,Sucre,Venezuela,,,,
VE-S,Tachira,Venezuela,,,,
VE-T,Trujillo,Venezuela,,,,
VE-U,Yaracuy,Venezuela,,,,
VE-V,Zulia,Venezuela,,,,
